n_eff,wavelength_um,R_fem,R_fdtd,T_fem,T_fdtd,energy_error,symmetry_error
1.100000000000000089e+00,3.400000000000000244e-01,8.008341069937575246e-03,3.306177013030207057e-01,9.920622497589303146e-01,6.627299044340460021e-01,7.059082886784473487e-05,2.001708840071447781e-07
1.100000000000000089e+00,4.000000000000000222e-01,1.003361717369824838e-02,2.539240730488885878e-01,9.899955391375715452e-01,7.707831191128503567e-01,2.915631126976236942e-05,9.821685294231219387e-08
1.100000000000000089e+00,4.400000000000000022e-01,2.141009588565198889e-03,1.328548880504939467e-01,9.978762307865013392e-01,8.613014581209945675e-01,1.724037506645181850e-05,6.401389934795886916e-08
1.100000000000000089e+00,5.400000000000000355e-01,1.070177970648504995e-03,2.663901603860627243e-01,9.989353187795531053e-01,7.280517787728196799e-01,5.496750201672284675e-06,2.004088922244462445e-08
1.100000000000000089e+00,5.999999999999999778e-01,6.669849503236349557e-03,3.554162786140737107e-01,9.933331398692654135e-01,6.508563675903688006e-01,2.989372501760456657e-06,1.169962162914095494e-08
1.100000000000000089e+00,6.800000000000000488e-01,2.304574882440050924e-03,4.948373763775978373e-01,9.976968781588165802e-01,4.381882812118121362e-01,1.453041256649356683e-06,5.058147078268460106e-09
1.100000000000000089e+00,7.199999999999999734e-01,1.976470261411959924e-04,9.106380015184113441e-01,9.998033908384038604e-01,6.064217979445958584e-02,1.037864544972677550e-06,3.561544156815976692e-09
1.100000000000000089e+00,7.600000000000000089e-01,2.601596038025344448e-03,1.390340339323705571e-02,9.973991547434659655e-01,9.750710715705347420e-01,7.507814911988930362e-07,1.895339492991032770e-09
1.100000000000000089e+00,8.000000000000000444e-01,6.888566598561592265e-03,6.316954529375314042e-03,9.931119827393053434e-01,7.954789218882648560e-01,5.493378669729764852e-07,6.930360174628447112e-10
1.300000000000000044e+00,3.400000000000000244e-01,1.084773453613249034e-01,3.306177013030207057e-01,8.914905304082768600e-01,6.627299044340460021e-01,3.212423039822276394e-05,1.729766162417156750e-06
1.300000000000000044e+00,4.000000000000000222e-01,7.776330861745743561e-02,2.539240730488885878e-01,9.222250664706506118e-01,7.707831191128503567e-01,1.162491189199421626e-05,3.822027787869775040e-07
1.300000000000000044e+00,4.400000000000000022e-01,2.424894667162566173e-02,1.328548880504939467e-01,9.757484021031218591e-01,8.613014581209945675e-01,2.651225252447986236e-06,2.418600998851938577e-07
1.300000000000000044e+00,5.400000000000000355e-01,6.821755635763468439e-02,2.663901603860627243e-01,9.317850995234892020e-01,7.280517787728196799e-01,2.655881123914127784e-06,7.582216260404450736e-08
1.300000000000000044e+00,5.999999999999999778e-01,4.850665782477531912e-02,3.554162786140737107e-01,9.514956874223329253e-01,6.508563675903688006e-01,2.345247108292980442e-06,1.648919743246768377e-07
1.300000000000000044e+00,6.800000000000000488e-01,4.241685481698487248e-02,4.948373763775978373e-01,9.575848232788847225e-01,4.381882812118121362e-01,1.678095869594997680e-06,7.488874828598390820e-08
1.300000000000000044e+00,7.199999999999999734e-01,7.358189024106280562e-02,9.106380015184113441e-01,9.264194262538444358e-01,6.064217979445958584e-02,1.316494907310783447e-06,4.944945165841208023e-08
1.300000000000000044e+00,7.600000000000000089e-01,5.725104363030972948e-02,1.390340339323705571e-02,9.427500306046275869e-01,9.750710715705347420e-01,1.074234937226137276e-06,3.996972186559588636e-08
1.300000000000000044e+00,8.000000000000000444e-01,2.345747723474748622e-02,6.316954529375314042e-03,9.765434011109468404e-01,7.954789218882648560e-01,8.783456943994849553e-07,3.003300555470822530e-08
1.500000000000000000e+00,3.400000000000000244e-01,1.636280483815713560e-01,3.306177013030207057e-01,8.363898899727668645e-01,6.627299044340460021e-01,1.793835433816504121e-05,2.715295835037379035e-06
1.500000000000000000e+00,4.000000000000000222e-01,2.548441502376226353e-01,2.539240730488885878e-01,7.451699336978069299e-01,7.707831191128503567e-01,1.408393542945418631e-05,1.744370229983527310e-06
1.500000000000000000e+00,4.400000000000000022e-01,9.991564981759394615e-02,1.328548880504939467e-01,9.000872378710129684e-01,8.613014581209945675e-01,2.887688606900695731e-06,3.125008923854366572e-07
1.500000000000000000e+00,5.400000000000000355e-01,4.277043814649738596e-01,2.663901603860627243e-01,5.722919761773045400e-01,7.280517787728196799e-01,3.642357721655997693e-06,1.138279680373832647e-07
1.500000000000000000e+00,5.999999999999999778e-01,1.842511784816122655e-01,3.554162786140737107e-01,8.157459920489610328e-01,6.508563675903688006e-01,2.829469426757214023e-06,6.028408934544149389e-08
1.500000000000000000e+00,6.800000000000000488e-01,2.356627335564308034e-01,4.948373763775978373e-01,7.643360097487084115e-01,4.381882812118121362e-01,1.256694860840568140e-06,3.045921129346540468e-07
1.500000000000000000e+00,7.199999999999999734e-01,2.114385609631284565e-02,9.106380015184113441e-01,9.788558876604308567e-01,6.064217979445958584e-02,2.562432562802641201e-07,9.300418146729327873e-08
1.500000000000000000e+00,7.600000000000000089e-01,6.541367926598201654e-02,1.390340339323705571e-02,9.345863913670051648e-01,9.750710715705347420e-01,7.063298723686273206e-08,7.014150951722974980e-08
1.500000000000000000e+00,8.000000000000000444e-01,1.763230968918551578e-01,6.316954529375314042e-03,8.236770133821342821e-01,7.954789218882648560e-01,1.102739894953685962e-07,4.487699176158876924e-08
1.699999999999999956e+00,3.400000000000000244e-01,1.586005949910180290e-01,3.306177013030207057e-01,8.413885820388122827e-01,6.627299044340460021e-01,1.082297016963273961e-05,8.368030917416113823e-06
1.699999999999999956e+00,4.000000000000000222e-01,1.406733210314352334e-01,2.539240730488885878e-01,8.593185275991356287e-01,7.707831191128503567e-01,8.151369429110211229e-06,4.799967717739050954e-07
1.699999999999999956e+00,4.400000000000000022e-01,2.863356501411265520e-01,1.328548880504939467e-01,7.136712221797938405e-01,8.613014581209945675e-01,6.872320920336960626e-06,5.622616097017418824e-07
1.699999999999999956e+00,5.400000000000000355e-01,3.814235413119827084e-02,2.663901603860627243e-01,9.618605962623676398e-01,7.280517787728196799e-01,2.950393565903652870e-06,3.536459090014432149e-07
1.699999999999999956e+00,5.999999999999999778e-01,5.477658440706361098e-01,3.554162786140737107e-01,4.522345516706352542e-01,6.508563675903688006e-01,3.957412713084806910e-07,1.096441895262478816e-07
1.699999999999999956e+00,6.800000000000000488e-01,1.985914227568654211e-01,4.948373763775978373e-01,8.014069376805745826e-01,4.381882812118121362e-01,1.639562559940799247e-06,3.252235095119182517e-08
1.699999999999999956e+00,7.199999999999999734e-01,2.146853923446664925e-01,9.106380015184113441e-01,7.853135685672104627e-01,6.064217979445958584e-02,1.039088123100384564e-06,1.195643780857458260e-08
1.699999999999999956e+00,7.600000000000000089e-01,1.892228594675038900e-01,1.390340339323705571e-02,8.107766318214699730e-01,9.750710715705347420e-01,5.087110261925431587e-07,5.443628537937783562e-07
1.699999999999999956e+00,8.000000000000000444e-01,8.778968637193679259e-02,6.316954529375314042e-03,9.122096377440020998e-01,7.954789218882648560e-01,6.758840611631455886e-07,3.112500324142786212e-08
1.899999999999999911e+00,3.400000000000000244e-01,9.350347280555970642e-02,3.306177013030207057e-01,9.065443212012440632e-01,6.627299044340460021e-01,4.779400680376966193e-05,1.258749526306113253e-05
1.899999999999999911e+00,4.000000000000000222e-01,3.263869673786785608e-01,2.539240730488885878e-01,6.736396205502624968e-01,7.707831191128503567e-01,2.658792894116857042e-05,3.643750134249210126e-07
1.899999999999999911e+00,4.400000000000000022e-01,4.834249415536204797e-01,1.328548880504939467e-01,5.165852180309885577e-01,8.613014581209945675e-01,1.015958460914845318e-05,2.649073202506957436e-06
1.899999999999999911e+00,5.400000000000000355e-01,4.900391841640144852e-02,2.663901603860627243e-01,9.509960636248668830e-01,7.280517787728196799e-01,1.795873161292149689e-08,4.601255589181674210e-07
1.899999999999999911e+00,5.999999999999999778e-01,6.382334899009349527e-02,3.554162786140737107e-01,9.361785527107644445e-01,6.508563675903688006e-01,1.901700857898092067e-06,1.188414481510802201e-07
1.899999999999999911e+00,6.800000000000000488e-01,3.563835447358261188e-01,4.948373763775978373e-01,6.436185518731997179e-01,4.381882812118121362e-01,2.096609025947770988e-06,4.841659550502974696e-07
1.899999999999999911e+00,7.199999999999999734e-01,2.889321633629055031e-01,9.106380015184113441e-01,7.110687332407540362e-01,6.064217979445958584e-02,8.966036595392523623e-07,1.234280744555338316e-07
1.899999999999999911e+00,7.600000000000000089e-01,2.370917380772939453e-01,1.390340339323705571e-02,7.629079407067682617e-01,9.750710715705347420e-01,3.212159378485068828e-07,3.732124967403827043e-08
1.899999999999999911e+00,8.000000000000000444e-01,3.091813731643214269e-01,6.316954529375314042e-03,6.908181807914385297e-01,7.954789218882648560e-01,4.460442399878417064e-07,4.654955043648101309e-08
2.099999999999999645e+00,3.400000000000000244e-01,5.045158298366330119e-01,3.306177013030207057e-01,4.955245606675987013e-01,6.627299044340460021e-01,4.039050423165768677e-05,4.523964087378706811e-05
2.099999999999999645e+00,4.000000000000000222e-01,5.405590801603038509e-01,2.539240730488885878e-01,4.594517555849583768e-01,7.707831191128503567e-01,1.083574526217212508e-05,8.332039192732176858e-06
2.099999999999999645e+00,4.400000000000000022e-01,3.153970204869791516e-01,1.328548880504939467e-01,6.846253376263373713e-01,8.613014581209945675e-01,2.235811331652293177e-05,1.936849843675592098e-06
2.099999999999999645e+00,5.400000000000000355e-01,6.078118455182525137e-01,2.663901603860627243e-01,3.921889117188437912e-01,7.280517787728196799e-01,7.572370963604413419e-07,1.018972468458390068e-06
2.099999999999999645e+00,5.999999999999999778e-01,1.115893491303687896e-01,3.554162786140737107e-01,8.884096567512090870e-01,6.508563675903688006e-01,9.941184221373688956e-07,3.423724999444821560e-07
2.099999999999999645e+00,6.800000000000000488e-01,1.332304790215713963e-01,4.948373763775978373e-01,8.667723297812864880e-01,4.381882812118121362e-01,2.808802857856562696e-06,1.769175358053154401e-07
2.099999999999999645e+00,7.199999999999999734e-01,5.553120661555741577e-01,9.106380015184113441e-01,4.446882760773637200e-01,6.064217979445958584e-02,3.422329379887401046e-07,2.804620239105215518e-07
2.099999999999999645e+00,7.600000000000000089e-01,2.557826805501538514e-01,1.390340339323705571e-02,7.442197004960573459e-01,9.750710715705347420e-01,2.381046211308301963e-06,1.546671382912645498e-07
2.099999999999999645e+00,8.000000000000000444e-01,2.846668092143969098e-01,6.316954529375314042e-03,7.153345764293996822e-01,7.954789218882648560e-01,1.385643796592006538e-06,8.375968307827719173e-08
2.299999999999999822e+00,3.400000000000000244e-01,5.548785033490263308e-01,3.306177013030207057e-01,4.451074459688673102e-01,6.627299044340460021e-01,1.405068210635906922e-05,1.881555980677920847e-05
2.299999999999999822e+00,4.000000000000000222e-01,3.479631841366985223e-01,2.539240730488885878e-01,6.520496229649751507e-01,7.707831191128503567e-01,1.280710167361753804e-05,1.320427412562774627e-05
2.299999999999999822e+00,4.400000000000000022e-01,6.120579714581974029e-01,1.328548880504939467e-01,3.879446098228920281e-01,8.613014581209945675e-01,2.581281089319986677e-06,9.250468051252846990e-06
2.299999999999999822e+00,5.400000000000000355e-01,3.922626052600434732e-01,2.663901603860627243e-01,6.077425630059087869e-01,7.280517787728196799e-01,5.168265952315564959e-06,5.831153691765456060e-06
2.299999999999999822e+00,5.999999999999999778e-01,1.357985521270472784e-01,3.554162786140737107e-01,8.642083004793703616e-01,6.508563675903688006e-01,6.852606417639961478e-06,1.850955446469626509e-06
2.299999999999999822e+00,6.800000000000000488e-01,7.303424438568634214e-01,4.948373763775978373e-01,2.696571918324407457e-01,4.381882812118121362e-01,3.643106958328701239e-07,6.124646601685101999e-08
2.299999999999999822e+00,7.199999999999999734e-01,1.259596482862673228e-01,9.106380015184113441e-01,8.740394888319660271e-01,6.064217979445958584e-02,8.628817667055699303e-07,9.583980943236869443e-08
2.299999999999999822e+00,7.600000000000000089e-01,4.764447187244081894e-01,1.390340339323705571e-02,5.235567536324315929e-01,9.750710715705347420e-01,1.472356839782307247e-06,1.891768128328696896e-07
2.299999999999999822e+00,8.000000000000000444e-01,5.334902987786156459e-01,6.316954529375314042e-03,4.665107038508315429e-01,7.954789218882648560e-01,1.002629447244274274e-06,4.556083615155775979e-08
2.500000000000000000e+00,3.400000000000000244e-01,1.651400171916835302e-01,3.306177013030207057e-01,8.349374460761719297e-01,6.627299044340460021e-01,7.746326785551538308e-05,4.881003432876535042e-05
2.500000000000000000e+00,4.000000000000000222e-01,2.993265333926324878e-01,2.539240730488885878e-01,7.006663295442708828e-01,7.707831191128503567e-01,7.137063096629425729e-06,9.838873382808643875e-06
2.500000000000000000e+00,4.400000000000000022e-01,4.313792477552485516e-01,1.328548880504939467e-01,5.686404448500925746e-01,8.613014581209945675e-01,1.969260534107064586e-05,8.538795225707107583e-06
2.500000000000000000e+00,5.400000000000000355e-01,3.491286524866345498e-01,2.663901603860627243e-01,6.508750928841764427e-01,7.280517787728196799e-01,3.745370811047976645e-06,1.701055185487909682e-05
2.500000000000000000e+00,5.999999999999999778e-01,5.738736112254425592e-01,3.554162786140737107e-01,4.261298444389037821e-01,6.508563675903688006e-01,3.455664346230236106e-06,5.637323590816645247e-07
2.500000000000000000e+00,6.800000000000000488e-01,4.333001922692466534e-01,4.948373763775978373e-01,5.667024445699595514e-01,4.381882812118121362e-01,2.636839206093810617e-06,6.162074154582308783e-07
2.500000000000000000e+00,7.199999999999999734e-01,2.942761369153722439e-01,9.106380015184113441e-01,7.057234721335580163e-01,6.064217979445958584e-02,3.909510697397422518e-07,2.586024715825474551e-07
2.500000000000000000e+00,7.600000000000000089e-01,5.132084325807493297e-01,1.390340339323705571e-02,4.867909433917148032e-01,9.750710715705347420e-01,6.240275358670999140e-07,2.069901723911193869e-07
2.500000000000000000e+00,8.000000000000000444e-01,2.224288531483205045e-01,6.316954529375314042e-03,7.775708483060362886e-01,7.954789218882648560e-01,2.985456432069710786e-07,9.704885562955567480e-07
