wavelength_um,R_fem,T_fem,R_plus_T,energy_error,symmetry_error,cutoff_excluded,R_fdtd,T_fdtd,R_difference,T_difference
2.999999999999999889e-01,3.078283943090811547e-01,6.920357040310521901e-01,9.998640983401333449e-01,1.359016598666551445e-04,7.471984099158279768e-06,0.000000000000000000e+00,4.339222151206187372e-01,5.598004511884205892e-01,-1.260938208115375825e-01,1.322352528426316010e-01
3.200000000000000067e-01,2.494358195978891857e-01,7.505381304343847759e-01,9.999739500322739616e-01,2.604996772603840327e-05,2.725783054102759451e-06,0.000000000000000000e+00,1.012779419190872610e-01,8.405881144236061475e-01,1.481578776788019247e-01,-9.004998398922137159e-02
3.399999999999999689e-01,1.828489183004266827e-01,8.170540568851664132e-01,9.999029751855931236e-01,9.702481440687638070e-05,4.109909525096266947e-06,0.000000000000000000e+00,3.306177013030203726e-01,6.627299044340463352e-01,-1.477687830025936899e-01,1.543241524511200780e-01
3.599999999999999867e-01,2.203426337561449969e-02,9.779151868232900391e-01,9.999494501989045769e-01,5.054980109542306366e-05,7.707807497592256141e-06,0.000000000000000000e+00,2.075110733231053384e-01,7.929477647488246683e-01,-1.854768099474908283e-01,1.849674220744653708e-01
3.800000000000000044e-01,9.018846413361314429e-02,9.098331894183775415e-01,1.000021653551990575e+00,2.165355199057472646e-05,5.774339369157832635e-06,0.000000000000000000e+00,3.732406800210933961e-01,6.235656795144104425e-01,-2.830522158874802519e-01,2.862675099039670989e-01
4.000000000000000222e-01,7.257149287716972708e-02,9.275060190460401310e-01,1.000077511923209928e+00,7.751192320992750240e-05,3.786394062066378297e-06,0.000000000000000000e+00,2.539240730488885878e-01,7.707831191128503567e-01,-1.813525801717188468e-01,1.567228999331897743e-01
4.199999999999999845e-01,4.923058043846009757e-01,5.076747230305173053e-01,9.999805274151183365e-01,1.947258488166347945e-05,2.094581514761051366e-06,0.000000000000000000e+00,5.149432540837589611e-01,4.654719780717485045e-01,-2.263744969915798544e-02,4.220274495876880083e-02
4.400000000000000022e-01,2.085489551802529873e-01,7.914624792186242264e-01,1.000011434398877297e+00,1.143439887729691407e-05,1.541336748900334896e-06,0.000000000000000000e+00,1.328548880504939467e-01,8.613014581209945675e-01,7.569406712975904061e-02,-6.983897890237034112e-02
4.599999999999999645e-01,6.041875486521677135e-02,9.395980669615437986e-01,1.000016821826760660e+00,1.682182676066013016e-05,2.923334493920570765e-07,0.000000000000000000e+00,7.433767412921696849e-01,2.527373410588930058e-01,-6.829579864269529343e-01,6.868607259026507927e-01
4.799999999999999822e-01,1.641949684463915871e-01,8.357937060237814464e-01,9.999886744701730334e-01,1.132552982696655164e-05,6.997868930436190738e-07,0.000000000000000000e+00,1.893817558282702151e-01,8.121827896074602648e-01,-2.518678738187862809e-02,2.361091641632118154e-02
5.000000000000000000e-01,2.363499091680267838e-01,7.636288636848823641e-01,9.999787728529091480e-01,2.122714709085204987e-05,1.601497074898983186e-06,0.000000000000000000e+00,2.497573747272398836e-01,7.427563708862278125e-01,-1.340746555921309979e-02,2.087249279865455165e-02
5.200000000000000178e-01,2.493217764414180360e-01,7.506502350496628839e-01,9.999720114910809476e-01,2.798850891905235727e-05,1.229990957141158248e-06,0.000000000000000000e+00,3.318662914153083232e-01,6.633939179466693536e-01,-8.254451497389028725e-02,8.725631710299353028e-02
5.400000000000000355e-01,1.166063391754477707e-01,8.833644412552471570e-01,9.999707804306949832e-01,2.921956930501679039e-05,1.419992583628904015e-06,0.000000000000000000e+00,2.663901603860627243e-01,7.280517787728196799e-01,-1.497838212106149536e-01,1.553126624824274771e-01
5.600000000000000533e-01,1.890827015789882035e-02,9.810658938749377000e-01,9.999741640328365655e-01,2.583596716343450339e-05,1.482381062067883448e-06,0.000000000000000000e+00,1.372255852415870669e-01,8.481806636635672580e-01,-1.183173150836882431e-01,1.328852302113704420e-01
5.800000000000000711e-01,1.250191442463169378e-01,8.749573975126672121e-01,9.999765417589840943e-01,2.345824101590565647e-05,9.874265139431237515e-07,0.000000000000000000e+00,2.637682667862237818e-01,7.408198442302661446e-01,-1.387491225399068440e-01,1.341375532824010675e-01
5.999999999999999778e-01,2.694138211963839069e-01,7.305649148330808362e-01,9.999787360294647431e-01,2.126397053525685976e-05,6.255153911505217934e-07,0.000000000000000000e+00,3.554162786140737107e-01,6.508563675903688006e-01,-8.600245741768980379e-02,7.970854724271203562e-02
6.199999999999999956e-01,3.212987223791239910e-01,6.786822724373394733e-01,9.999809948164635198e-01,1.900518353648017467e-05,4.245805346747566489e-07,0.000000000000000000e+00,3.328931807968696921e-01,6.834962549101695206e-01,-1.159445841774570107e-02,-4.813982472830047321e-03
6.400000000000000133e-01,2.794052934300420010e-01,7.205765700930000239e-01,9.999818635230419694e-01,1.813647695803055626e-05,2.395074671923680398e-07,0.000000000000000000e+00,2.712737299763806620e-01,7.568869043221156945e-01,8.131563453661339036e-03,-3.631033422911567055e-02
6.599999999999999201e-01,1.760236095479444374e-01,8.239565539473741040e-01,9.999801634953184859e-01,1.983650468151409996e-05,4.641415318751285213e-08,0.000000000000000000e+00,4.068824579387806950e-01,5.869806923332099302e-01,-2.308588483908362576e-01,2.369758616141641738e-01
6.799999999999999378e-01,1.180470272665258558e-01,8.818327575180260336e-01,9.998797847845518616e-01,1.202152154481384017e-04,1.651156602833214748e-07,0.000000000000000000e+00,4.948373763775993361e-01,4.381882812118101378e-01,-3.767903491110734526e-01,4.436444763062158958e-01
6.999999999999999556e-01,2.449802971814294961e-01,6.657663434269684988e-01,9.107466406083979393e-01,8.925335939160206067e-02,0.000000000000000000e+00,1.000000000000000000e+00,5.832063341808234602e-01,3.822102172773623185e-01,-3.382260369993939642e-01,2.835561261496061802e-01
7.199999999999999734e-01,9.934099969493173088e-01,1.579905341544127770e-03,9.949899022908614832e-01,5.010097709138516819e-03,0.000000000000000000e+00,0.000000000000000000e+00,9.106380015184113441e-01,6.064217979445958584e-02,8.277199543090596467e-02,-5.906227445291546002e-02
7.399999999999999911e-01,1.443378088100042700e-01,8.558401376526965088e-01,1.000177946462700751e+00,1.779464627007509847e-04,0.000000000000000000e+00,0.000000000000000000e+00,4.722739019870548227e-01,6.010166061073739519e-01,-3.279360931770505250e-01,2.548235315453225569e-01
7.600000000000000089e-01,3.366556043387181150e-04,9.996308489597096614e-01,9.999675045640483706e-01,3.249543595162940335e-05,0.000000000000000000e+00,0.000000000000000000e+00,1.390340339323705571e-02,9.750710715705347420e-01,-1.356674778889833781e-02,2.455977738917491937e-02
7.800000000000000266e-01,1.659894827413715968e-02,9.833952279661564155e-01,9.999941762402935197e-01,5.823759706480302611e-06,0.000000000000000000e+00,0.000000000000000000e+00,2.510451751112832437e-03,8.933704301181921714e-01,1.408849652302432767e-02,9.002479784796424411e-02
8.000000000000000444e-01,3.162371665239643165e-02,9.683753795645155815e-01,9.999990962169119646e-01,9.037830880354036367e-07,0.000000000000000000e+00,0.000000000000000000e+00,6.316954529375314042e-03,7.954789218882648560e-01,2.530676212302111761e-02,1.728964576762507255e-01
