period_um,wavelength_um,R_fem,R_fdtd,T_fem,T_fdtd,energy_error,symmetry_error,cutoff_excluded
6.500000000000000222e-01,3.400000000000000244e-01,1.947815333919521996e-01,3.306177013030207057e-01,8.052233778486361793e-01,6.627299044340460021e-01,4.911240588434395704e-06,7.288078062717140426e-07,0.000000000000000000e+00
6.500000000000000222e-01,4.000000000000000222e-01,3.229574156176144573e-02,2.539240730488885878e-01,9.677078156898499817e-01,7.707831191128503567e-01,3.557251611496781152e-06,3.608374782304579753e-07,0.000000000000000000e+00
6.500000000000000222e-01,4.400000000000000022e-01,1.593954739886830341e-01,1.328548880504939467e-01,8.406070496638674561e-01,8.613014581209945675e-01,2.523652550490140811e-06,7.007978715667384506e-07,0.000000000000000000e+00
6.500000000000000222e-01,5.400000000000000355e-01,3.178777285621690180e-02,2.663901603860627243e-01,9.682068846952154306e-01,7.280517787728196799e-01,5.342448567646762569e-06,5.464521679598988158e-07,0.000000000000000000e+00
6.500000000000000222e-01,5.999999999999999778e-01,3.973900765990117101e-01,3.554162786140737107e-01,6.026071588427517334e-01,6.508563675903688006e-01,2.764558236556524662e-06,7.112460784566843053e-08,0.000000000000000000e+00
6.500000000000000222e-01,6.600000000000000311e-01,3.293491704632418859e-02,4.068824579387819163e-01,9.649248447202033452e-01,5.869806923332057114e-01,2.140238233472424589e-03,0.000000000000000000e+00,0.000000000000000000e+00
6.500000000000000222e-01,6.800000000000000488e-01,1.001129301924209791e+00,4.948373763775978373e-01,1.143019654731704211e-04,4.381882812118121362e-01,1.243603889683031483e-03,0.000000000000000000e+00,0.000000000000000000e+00
6.500000000000000222e-01,6.999999999999999556e-01,1.274274167366982180e-01,5.832063341808234602e-01,8.725470821736843741e-01,3.822102172773623185e-01,2.550108961740793490e-05,0.000000000000000000e+00,0.000000000000000000e+00
6.500000000000000222e-01,7.199999999999999734e-01,7.134696568825496521e-03,9.106380015184113441e-01,9.928641860463166546e-01,6.064217979445958584e-02,1.117384857862724346e-06,0.000000000000000000e+00,0.000000000000000000e+00
6.500000000000000222e-01,7.399999999999999911e-01,5.606498310904442506e-03,4.722739019870548227e-01,9.943919710562706404e-01,6.010166061073739519e-01,1.530632824930933111e-06,0.000000000000000000e+00,0.000000000000000000e+00
6.500000000000000222e-01,7.600000000000000089e-01,2.615874527340485839e-02,1.390340339323705571e-02,9.738401734739530191e-01,9.750710715705347420e-01,1.081252642087804361e-06,0.000000000000000000e+00,0.000000000000000000e+00
6.500000000000000222e-01,7.800000000000000266e-01,3.354221384866562516e-02,2.510451751112832437e-03,9.664573493627953704e-01,8.933704301181921714e-01,4.367885390044179417e-07,0.000000000000000000e+00,0.000000000000000000e+00
6.500000000000000222e-01,8.000000000000000444e-01,1.547669782220676728e-02,6.316954529375314042e-03,9.845235023264453655e-01,7.954789218882648560e-01,2.001486520963879912e-07,0.000000000000000000e+00,0.000000000000000000e+00
6.800000000000000488e-01,3.400000000000000244e-01,1.862929399345807924e-01,3.306177013030207057e-01,8.096339479496661440e-01,6.627299044340460021e-01,4.073112115753119156e-03,1.450560239590892309e-06,1.000000000000000000e+00
6.800000000000000488e-01,4.000000000000000222e-01,6.817725952194064742e-02,2.539240730488885878e-01,9.319461668952482292e-01,7.707831191128503567e-01,1.234264171889876138e-04,2.082501790956481358e-06,0.000000000000000000e+00
6.800000000000000488e-01,4.400000000000000022e-01,1.936547231738020014e-01,1.328548880504939467e-01,8.063599653093898034e-01,8.613014581209945675e-01,1.468848319174931305e-05,6.751905846989585125e-08,0.000000000000000000e+00
6.800000000000000488e-01,5.400000000000000355e-01,8.651051041054388935e-02,2.663901603860627243e-01,9.134535424729803843e-01,7.280517787728196799e-01,3.594711647569859281e-05,1.377950156977725271e-06,0.000000000000000000e+00
6.800000000000000488e-01,5.999999999999999778e-01,3.157880288462749929e-01,3.554162786140737107e-01,6.841878381876098647e-01,6.508563675903688006e-01,2.413296611514237355e-05,4.623181943941290228e-07,0.000000000000000000e+00
6.800000000000000488e-01,6.600000000000000311e-01,1.638309292957070284e-01,4.068824579387819163e-01,8.360499292319204523e-01,5.869806923332057114e-01,1.191414723724637525e-04,4.385644581939018849e-07,0.000000000000000000e+00
6.800000000000000488e-01,6.800000000000000488e-01,1.076439054176001608e-01,4.948373763775978373e-01,8.096625322203677699e-01,4.381882812118121362e-01,8.269356236203206922e-02,0.000000000000000000e+00,1.000000000000000000e+00
6.800000000000000488e-01,6.999999999999999556e-01,8.757249119770437185e-01,5.832063341808234602e-01,1.213765974368314210e-01,3.822102172773623185e-01,2.898490586124902180e-03,0.000000000000000000e+00,0.000000000000000000e+00
6.800000000000000488e-01,7.199999999999999734e-01,2.413465593770491302e-01,9.106380015184113441e-01,7.587051908977068271e-01,6.064217979445958584e-02,5.175027475590177062e-05,0.000000000000000000e+00,0.000000000000000000e+00
6.800000000000000488e-01,7.399999999999999911e-01,8.348503231031001795e-03,4.722739019870548227e-01,9.916218082825432045e-01,6.010166061073739519e-01,2.968848642581622954e-05,0.000000000000000000e+00,0.000000000000000000e+00
6.800000000000000488e-01,7.600000000000000089e-01,8.218941600724333565e-03,1.390340339323705571e-02,9.917730165269212916e-01,9.750710715705347420e-01,8.041872354369594689e-06,0.000000000000000000e+00,0.000000000000000000e+00
6.800000000000000488e-01,7.800000000000000266e-01,2.937471979230145760e-02,2.510451751112832437e-03,9.706219324493373657e-01,8.933704301181921714e-01,3.347758361194053123e-06,0.000000000000000000e+00,0.000000000000000000e+00
6.800000000000000488e-01,8.000000000000000444e-01,3.362568033196820794e-02,6.316954529375314042e-03,9.663746895114669888e-01,7.954789218882648560e-01,3.698434352106261258e-07,0.000000000000000000e+00,0.000000000000000000e+00
6.999999999999999556e-01,3.400000000000000244e-01,1.828489183004262109e-01,3.306177013030207057e-01,8.170540568851610841e-01,6.627299044340460021e-01,9.702481441276056273e-05,4.109909528149380264e-06,0.000000000000000000e+00
6.999999999999999556e-01,4.000000000000000222e-01,7.257149287716972708e-02,2.539240730488885878e-01,9.275060190460401310e-01,7.707831191128503567e-01,7.751192320992750240e-05,3.786394062066378297e-06,0.000000000000000000e+00
6.999999999999999556e-01,4.400000000000000022e-01,2.085489551802529873e-01,1.328548880504939467e-01,7.914624792186242264e-01,8.613014581209945675e-01,1.143439887729691407e-05,1.541336748900334896e-06,0.000000000000000000e+00
6.999999999999999556e-01,5.400000000000000355e-01,1.166063391754477707e-01,2.663901603860627243e-01,8.833644412552471570e-01,7.280517787728196799e-01,2.921956930501679039e-05,1.419992583628904015e-06,0.000000000000000000e+00
6.999999999999999556e-01,5.999999999999999778e-01,2.694138211963839069e-01,3.554162786140737107e-01,7.305649148330808362e-01,6.508563675903688006e-01,2.126397053525685976e-05,6.255153911505217934e-07,0.000000000000000000e+00
6.999999999999999556e-01,6.600000000000000311e-01,1.760236095479427165e-01,4.068824579387819163e-01,8.239565539473756584e-01,5.869806923332057114e-01,1.983650468162512226e-05,4.641415651818192600e-08,0.000000000000000000e+00
6.999999999999999556e-01,6.800000000000000488e-01,1.180470272665260223e-01,4.948373763775978373e-01,8.818327575180303635e-01,4.381882812118121362e-01,1.202152154435864873e-04,1.651156626147898265e-07,0.000000000000000000e+00
6.999999999999999556e-01,6.999999999999999556e-01,2.449802971814294961e-01,5.832063341808234602e-01,6.657663434269684988e-01,3.822102172773623185e-01,8.925335939160206067e-02,0.000000000000000000e+00,1.000000000000000000e+00
6.999999999999999556e-01,7.199999999999999734e-01,9.934099969493173088e-01,9.106380015184113441e-01,1.579905341544127770e-03,6.064217979445958584e-02,5.010097709138516819e-03,0.000000000000000000e+00,0.000000000000000000e+00
6.999999999999999556e-01,7.399999999999999911e-01,1.443378088100042700e-01,4.722739019870548227e-01,8.558401376526965088e-01,6.010166061073739519e-01,1.779464627007509847e-04,0.000000000000000000e+00,0.000000000000000000e+00
6.999999999999999556e-01,7.600000000000000089e-01,3.366556043387181150e-04,1.390340339323705571e-02,9.996308489597096614e-01,9.750710715705347420e-01,3.249543595162940335e-05,0.000000000000000000e+00,0.000000000000000000e+00
6.999999999999999556e-01,7.800000000000000266e-01,1.659894827413715968e-02,2.510451751112832437e-03,9.833952279661564155e-01,8.933704301181921714e-01,5.823759706480302611e-06,0.000000000000000000e+00,0.000000000000000000e+00
6.999999999999999556e-01,8.000000000000000444e-01,3.162371665239643165e-02,6.316954529375314042e-03,9.683753795645155815e-01,7.954789218882648560e-01,9.037830880354036367e-07,0.000000000000000000e+00,0.000000000000000000e+00
7.071067811865474617e-01,3.400000000000000244e-01,1.735508954705330120e-01,3.306177013030207057e-01,8.264696275117118240e-01,6.627299044340460021e-01,2.052298224475279653e-05,1.569775128426598165e-06,0.000000000000000000e+00
7.071067811865474617e-01,4.000000000000000222e-01,6.310693083583676644e-02,2.539240730488885878e-01,9.368974001411093377e-01,7.707831191128503567e-01,4.330976946187448107e-06,4.345847748887798900e-07,0.000000000000000000e+00
7.071067811865474617e-01,4.400000000000000022e-01,2.118970628283342317e-01,1.328548880504939467e-01,7.880993842097745450e-01,8.613014581209945675e-01,3.552961891251094073e-06,2.510599927951773225e-07,0.000000000000000000e+00
7.071067811865474617e-01,5.400000000000000355e-01,1.255734672193372092e-01,2.663901603860627243e-01,8.744267881790066532e-01,7.280517787728196799e-01,2.553983438069451495e-07,3.555231304908090806e-07,0.000000000000000000e+00
7.071067811865474617e-01,5.999999999999999778e-01,2.542368039640516275e-01,3.554162786140737107e-01,7.457644958669833457e-01,6.508563675903688006e-01,1.299831035028731208e-06,8.111934518550967255e-08,0.000000000000000000e+00
7.071067811865474617e-01,6.600000000000000311e-01,1.786454806073853319e-01,4.068824579387819163e-01,8.213578206506094714e-01,5.869806923332057114e-01,3.301257994747786029e-06,5.764529975582632915e-08,0.000000000000000000e+00
7.071067811865474617e-01,6.800000000000000488e-01,1.122587855922889954e-01,4.948373763775978373e-01,8.877025185094993276e-01,4.381882812118121362e-01,3.869589821170471566e-05,5.277426982572275271e-08,0.000000000000000000e+00
7.071067811865474617e-01,6.999999999999999556e-01,2.010371238886335399e-01,5.832063341808234602e-01,8.025962682063680909e-01,3.822102172773623185e-01,3.633392095001575228e-03,3.526869807313204319e-08,0.000000000000000000e+00
7.071067811865474617e-01,7.199999999999999734e-01,8.783893728295402159e-01,9.106380015184113441e-01,1.160059178606221431e-01,6.064217979445958584e-02,5.604709309837696551e-03,0.000000000000000000e+00,0.000000000000000000e+00
7.071067811865474617e-01,7.399999999999999911e-01,3.171505184420436163e-01,4.722739019870548227e-01,6.835760545881236494e-01,6.010166061073739519e-01,7.265730301673212210e-04,0.000000000000000000e+00,0.000000000000000000e+00
7.071067811865474617e-01,7.600000000000000089e-01,6.616623390731327797e-03,1.390340339323705571e-02,9.933619303122944721e-01,9.750710715705347420e-01,2.144629697420352699e-05,0.000000000000000000e+00,0.000000000000000000e+00
7.071067811865474617e-01,7.800000000000000266e-01,1.097048594231960113e-02,2.510451751112832437e-03,9.890249900038627917e-01,8.933704301181921714e-01,4.524053817567263991e-06,0.000000000000000000e+00,0.000000000000000000e+00
7.071067811865474617e-01,8.000000000000000444e-01,2.897461807271916809e-02,6.316954529375314042e-03,9.710269007242015027e-01,7.954789218882648560e-01,1.518796920674247986e-06,0.000000000000000000e+00,0.000000000000000000e+00
7.199999999999999734e-01,3.400000000000000244e-01,1.491356434094816552e-01,3.306177013030207057e-01,8.507889520618325818e-01,6.627299044340460021e-01,7.540452868570746148e-05,3.735871557275505239e-06,0.000000000000000000e+00
7.199999999999999734e-01,4.000000000000000222e-01,5.077790443407673854e-02,2.539240730488885878e-01,9.492713975667721460e-01,7.707831191128503567e-01,4.930200084896085855e-05,3.957408482968549635e-06,0.000000000000000000e+00
7.199999999999999734e-01,4.400000000000000022e-01,2.089051130896977249e-01,1.328548880504939467e-01,7.911019401807264373e-01,8.613014581209945675e-01,7.053270424162150221e-06,1.124038194411092206e-06,0.000000000000000000e+00
7.199999999999999734e-01,5.400000000000000355e-01,1.393875052722998997e-01,2.663901603860627243e-01,8.605926836801861546e-01,7.280517787728196799e-01,1.981104751391793428e-05,1.385671402009958086e-06,0.000000000000000000e+00
7.199999999999999734e-01,5.999999999999999778e-01,2.284129496312451713e-01,3.554162786140737107e-01,7.715704045889741902e-01,6.508563675903688006e-01,1.664577978066628106e-05,8.342267133198966178e-07,0.000000000000000000e+00
7.199999999999999734e-01,6.600000000000000311e-01,1.819146919416128050e-01,4.068824579387819163e-01,8.180704725214138495e-01,5.869806923332057114e-01,1.483553697334549781e-05,1.363950240529376856e-07,0.000000000000000000e+00
7.199999999999999734e-01,6.800000000000000488e-01,1.056033331968382616e-01,4.948373763775978373e-01,8.943796325475424913e-01,4.381882812118121362e-01,1.703425561927485177e-05,1.369452023447514932e-07,0.000000000000000000e+00
7.199999999999999734e-01,6.999999999999999556e-01,1.446276671141985548e-01,5.832063341808234602e-01,8.552634480512367743e-01,3.822102172773623185e-01,1.088848345647264182e-04,2.450165388911962339e-07,0.000000000000000000e+00
7.199999999999999734e-01,7.199999999999999734e-01,4.330360810350915024e-01,9.106380015184113441e-01,4.677480114638188358e-01,6.064217979445958584e-02,9.921590750108966184e-02,0.000000000000000000e+00,1.000000000000000000e+00
7.199999999999999734e-01,7.399999999999999911e-01,8.758691992584010100e-01,4.722739019870548227e-01,1.173577253191515485e-01,6.010166061073739519e-01,6.773075422447427663e-03,0.000000000000000000e+00,0.000000000000000000e+00
7.199999999999999734e-01,7.600000000000000089e-01,6.719145267945501876e-02,1.390340339323705571e-02,9.331003672469124766e-01,9.750710715705347420e-01,2.918199263675091970e-04,0.000000000000000000e+00,0.000000000000000000e+00
7.199999999999999734e-01,7.800000000000000266e-01,1.781069158138092606e-03,2.510451751112832437e-03,9.981891093654510216e-01,8.933704301181921714e-01,2.982147641084065270e-05,0.000000000000000000e+00,0.000000000000000000e+00
7.199999999999999734e-01,8.000000000000000444e-01,2.189636317843279487e-02,6.316954529375314042e-03,9.780973723274174469e-01,7.954789218882648560e-01,6.264494149754717967e-06,0.000000000000000000e+00,0.000000000000000000e+00
7.399999999999999911e-01,3.400000000000000244e-01,1.776969234468085967e-01,3.306177013030207057e-01,8.223192065105061621e-01,6.627299044340460021e-01,1.612995731470334704e-05,2.279121571913123034e-06,0.000000000000000000e+00
7.399999999999999911e-01,4.000000000000000222e-01,4.102973096853362173e-02,2.539240730488885878e-01,9.589787290493377858e-01,7.707831191128503567e-01,8.460017871358971320e-06,3.549853319406715002e-06,0.000000000000000000e+00
7.399999999999999911e-01,4.400000000000000022e-01,4.799428449274047437e-01,1.328548880504939467e-01,5.200605992543131384e-01,8.613014581209945675e-01,3.444181717826566569e-06,4.651059604988960761e-07,0.000000000000000000e+00
7.399999999999999911e-01,5.400000000000000355e-01,1.536603402893962356e-01,2.663901603860627243e-01,8.463364029885235285e-01,7.280517787728196799e-01,3.256722080235974204e-06,1.864551296637539934e-06,0.000000000000000000e+00
7.399999999999999911e-01,5.999999999999999778e-01,1.927663520146778442e-01,3.554162786140737107e-01,8.072302636522600272e-01,6.508563675903688006e-01,3.384333062128597192e-06,1.173019697986443788e-06,0.000000000000000000e+00
7.399999999999999911e-01,6.600000000000000311e-01,1.844609752221228471e-01,4.068824579387819163e-01,8.155361159604257448e-01,5.869806923332057114e-01,2.908817451352518901e-06,2.382798465205837601e-07,0.000000000000000000e+00
7.399999999999999911e-01,6.800000000000000488e-01,1.010842036382368220e-01,4.948373763775978373e-01,8.989136130423598381e-01,4.381882812118121362e-01,2.183319403381567270e-06,2.669048831949183409e-08,0.000000000000000000e+00
7.399999999999999911e-01,6.999999999999999556e-01,1.010700328749166432e-01,5.832063341808234602e-01,8.989225806683012188e-01,3.822102172773623185e-01,7.386456782110251140e-06,1.114798945378581152e-07,0.000000000000000000e+00
7.399999999999999911e-01,7.199999999999999734e-01,2.234528068936259548e-01,9.106380015184113441e-01,7.764662755040230291e-01,6.064217979445958584e-02,8.091760235107159360e-05,1.843757975739102051e-07,0.000000000000000000e+00
7.399999999999999911e-01,7.399999999999999911e-01,6.002856287460348605e-01,4.722739019870548227e-01,2.889271456462156884e-01,6.010166061073739519e-01,1.107872256077494511e-01,0.000000000000000000e+00,1.000000000000000000e+00
7.399999999999999911e-01,7.600000000000000089e-01,6.437852089917874832e-01,1.390340339323705571e-02,3.482749320984503960e-01,9.750710715705347420e-01,7.939858909762120831e-03,0.000000000000000000e+00,0.000000000000000000e+00
7.399999999999999911e-01,7.800000000000000266e-01,2.157273343423665377e-02,2.510451751112832437e-03,9.787833882283398790e-01,8.933704301181921714e-01,3.561216625764807020e-04,0.000000000000000000e+00,0.000000000000000000e+00
7.399999999999999911e-01,8.000000000000000444e-01,6.869440198133104636e-03,6.316954529375314042e-03,9.931156261954203757e-01,7.954789218882648560e-01,1.493360644655439273e-05,0.000000000000000000e+00,0.000000000000000000e+00
7.600000000000000089e-01,3.400000000000000244e-01,2.664743453208816004e-01,3.306177013030207057e-01,7.335596535837067833e-01,6.627299044340460021e-01,3.399890458832821594e-05,2.442142909064859424e-06,0.000000000000000000e+00
7.600000000000000089e-01,4.000000000000000222e-01,4.054117073286518380e-01,2.539240730488885878e-01,5.946000775716064890e-01,7.707831191128503567e-01,1.178490025832701349e-05,5.751027685324539007e-07,0.000000000000000000e+00
7.600000000000000089e-01,4.400000000000000022e-01,5.662860143828193360e-01,1.328548880504939467e-01,4.337116455297447826e-01,8.613014581209945675e-01,2.340087435825921602e-06,4.785813595142851540e-07,0.000000000000000000e+00
7.600000000000000089e-01,5.400000000000000355e-01,1.524802108621278185e-01,2.663901603860627243e-01,8.475153558136374610e-01,7.280517787728196799e-01,4.433324234720537049e-06,1.014566575752162692e-06,0.000000000000000000e+00
7.600000000000000089e-01,5.999999999999999778e-01,1.625231980014318900e-01,3.554162786140737107e-01,8.374732645852731583e-01,6.508563675903688006e-01,3.537413294951718967e-06,5.426822863308089495e-07,0.000000000000000000e+00
7.600000000000000089e-01,6.600000000000000311e-01,1.852583829614647126e-01,4.068824579387819163e-01,8.147387237386406467e-01,5.869806923332057114e-01,2.893299894668466266e-06,1.458900373840776865e-07,0.000000000000000000e+00
7.600000000000000089e-01,6.800000000000000488e-01,1.003491197677837815e-01,4.948373763775978373e-01,8.996482084354590070e-01,4.381882812118121362e-01,2.671796757169886405e-06,1.151585938587162961e-08,0.000000000000000000e+00
7.600000000000000089e-01,6.999999999999999556e-01,7.656134154778769518e-02,5.832063341808234602e-01,9.234370330348853351e-01,3.822102172773623185e-01,1.625417326955869157e-06,1.172868457910425377e-07,0.000000000000000000e+00
7.600000000000000089e-01,7.199999999999999734e-01,1.532819151370727051e-01,9.106380015184113441e-01,8.467059865153284681e-01,6.064217979445958584e-02,1.209834759885453082e-05,1.794249609443632210e-07,0.000000000000000000e+00
7.600000000000000089e-01,7.399999999999999911e-01,3.134793112746597221e-01,4.722739019870548227e-01,6.864792703175690569e-01,6.010166061073739519e-01,4.141840777127647755e-05,9.700009942492648918e-08,0.000000000000000000e+00
7.600000000000000089e-01,7.600000000000000089e-01,7.172945623107146451e-01,1.390340339323705571e-02,1.547324935969868753e-01,9.750710715705347420e-01,1.279729440922985351e-01,0.000000000000000000e+00,1.000000000000000000e+00
7.600000000000000089e-01,7.800000000000000266e-01,3.806928982231215230e-01,2.510451751112832437e-03,6.113944637178613251e-01,8.933704301181921714e-01,7.912638059017096381e-03,0.000000000000000000e+00,0.000000000000000000e+00
7.600000000000000089e-01,8.000000000000000444e-01,3.407968282858483532e-03,6.316954529375314042e-03,9.969252628705236319e-01,7.954789218882648560e-01,3.332311533821297189e-04,0.000000000000000000e+00,0.000000000000000000e+00
8.000000000000000444e-01,3.400000000000000244e-01,3.551113604331095908e-01,3.306177013030207057e-01,6.449195885811628282e-01,6.627299044340460021e-01,3.094901427247442882e-05,2.210922466269055198e-07,0.000000000000000000e+00
8.000000000000000444e-01,4.000000000000000222e-01,1.854960605291730291e-01,2.539240730488885878e-01,7.749984144859313195e-01,7.707831191128503567e-01,3.950552498489567910e-02,1.143109770770922573e-06,1.000000000000000000e+00
8.000000000000000444e-01,4.400000000000000022e-01,1.122140755554773689e-01,1.328548880504939467e-01,8.877854298508365272e-01,8.613014581209945675e-01,4.945936861178168442e-07,7.237249151081925902e-07,0.000000000000000000e+00
8.000000000000000444e-01,5.400000000000000355e-01,2.440017230778412094e-01,2.663901603860627243e-01,7.559926300350068296e-01,7.280517787728196799e-01,5.646887151988799758e-06,3.823922088974640587e-07,0.000000000000000000e+00
8.000000000000000444e-01,5.999999999999999778e-01,1.173524631868799323e-01,3.554162786140737107e-01,8.826443845170499625e-01,6.508563675903688006e-01,3.152296070063620448e-06,4.309224488907581474e-07,0.000000000000000000e+00
8.000000000000000444e-01,6.600000000000000311e-01,1.843542025118931338e-01,4.068824579387819163e-01,8.156438490461583868e-01,5.869806923332057114e-01,1.948441948451673511e-06,1.592927344473693552e-07,0.000000000000000000e+00
8.000000000000000444e-01,6.800000000000000488e-01,1.038728672783947593e-01,4.948373763775978373e-01,8.961256248679202452e-01,4.381882812118121362e-01,1.507853685023263779e-06,1.459447014351411553e-07,0.000000000000000000e+00
8.000000000000000444e-01,6.999999999999999556e-01,5.266972608537331263e-02,5.832063341808234602e-01,9.473291329736738264e-01,3.822102172773623185e-01,1.140940952826241528e-06,1.261706812361040875e-07,0.000000000000000000e+00
8.000000000000000444e-01,7.199999999999999734e-01,8.292031250329748304e-02,9.106380015184113441e-01,9.170791433614833288e-01,6.064217979445958584e-02,5.441352192159243373e-07,9.146654394998066095e-08,0.000000000000000000e+00
8.000000000000000444e-01,7.399999999999999911e-01,1.765386591821675732e-01,4.722739019870548227e-01,8.234613857312138574e-01,6.010166061073739519e-01,4.491338145840018115e-08,4.478179571609786080e-08,0.000000000000000000e+00
8.000000000000000444e-01,7.600000000000000089e-01,2.922022843284812210e-01,1.390340339323705571e-02,7.077706110453305666e-01,9.750710715705347420e-01,2.710462618815689950e-05,9.311893242602842236e-09,0.000000000000000000e+00
8.000000000000000444e-01,7.800000000000000266e-01,4.303743493709935031e-01,2.510451751112832437e-03,5.697691168880322232e-01,8.933704301181921714e-01,1.434662590256152725e-04,1.192405024719178641e-08,0.000000000000000000e+00
8.000000000000000444e-01,8.000000000000000444e-01,7.909744476456994633e-01,6.316954529375314042e-03,1.133645682328877045e-02,7.954789218882648560e-01,1.976890955310117715e-01,0.000000000000000000e+00,1.000000000000000000e+00
1.000000000000000000e+00,3.400000000000000244e-01,1.636280483815713560e-01,3.306177013030207057e-01,8.363898899727668645e-01,6.627299044340460021e-01,1.793835433816504121e-05,2.715295835037379035e-06,0.000000000000000000e+00
1.000000000000000000e+00,4.000000000000000222e-01,2.548441502376226353e-01,2.539240730488885878e-01,7.451699336978069299e-01,7.707831191128503567e-01,1.408393542945418631e-05,1.744370229983527310e-06,0.000000000000000000e+00
1.000000000000000000e+00,4.400000000000000022e-01,9.991564981759394615e-02,1.328548880504939467e-01,9.000872378710129684e-01,8.613014581209945675e-01,2.887688606900695731e-06,3.125008923854366572e-07,0.000000000000000000e+00
1.000000000000000000e+00,5.400000000000000355e-01,4.277043814649738596e-01,2.663901603860627243e-01,5.722919761773045400e-01,7.280517787728196799e-01,3.642357721655997693e-06,1.138279680373832647e-07,0.000000000000000000e+00
1.000000000000000000e+00,5.999999999999999778e-01,1.842511784816122655e-01,3.554162786140737107e-01,8.157459920489610328e-01,6.508563675903688006e-01,2.829469426757214023e-06,6.028408934544149389e-08,0.000000000000000000e+00
1.000000000000000000e+00,6.600000000000000311e-01,1.476463759283175303e-01,4.068824579387819163e-01,8.523526967269584587e-01,5.869806923332057114e-01,9.273447240110144207e-07,1.656753501055874267e-07,0.000000000000000000e+00
1.000000000000000000e+00,6.800000000000000488e-01,2.356627335564308034e-01,4.948373763775978373e-01,7.643360097487084115e-01,4.381882812118121362e-01,1.256694860840568140e-06,3.045921129346540468e-07,0.000000000000000000e+00
1.000000000000000000e+00,6.999999999999999556e-01,6.388124338978704020e-02,5.832063341808234602e-01,9.361181785126576615e-01,3.822102172773623185e-01,5.780975552704958886e-07,6.871678931430480475e-08,0.000000000000000000e+00
1.000000000000000000e+00,7.199999999999999734e-01,2.114385609631284565e-02,9.106380015184113441e-01,9.788558876604308567e-01,6.064217979445958584e-02,2.562432562802641201e-07,9.300418146729327873e-08,0.000000000000000000e+00
1.000000000000000000e+00,7.399999999999999911e-01,2.260091881728396035e-02,4.722739019870548227e-01,9.773990406391814822e-01,6.010166061073739519e-01,4.054353452964676308e-08,8.721918992593558073e-08,0.000000000000000000e+00
1.000000000000000000e+00,7.600000000000000089e-01,6.541367926598201654e-02,1.390340339323705571e-02,9.345863913670051648e-01,9.750710715705347420e-01,7.063298723686273206e-08,7.014150951722974980e-08,0.000000000000000000e+00
1.000000000000000000e+00,7.800000000000000266e-01,1.252026531477415661e-01,2.510451751112832437e-03,8.747974531864951553e-01,8.933704301181921714e-01,1.063342367491060259e-07,5.353354945447641455e-08,0.000000000000000000e+00
1.000000000000000000e+00,8.000000000000000444e-01,1.763230968918551578e-01,6.316954529375314042e-03,8.236770133821342821e-01,7.954789218882648560e-01,1.102739894953685962e-07,4.487699176158876924e-08,0.000000000000000000e+00
