period_um,mae_R,mae_T,combined_mae,combined_rmse,R_720nm,R_fdtd_720nm,R_720_error,max_energy_error,max_symmetry_error,num_scored_points
6.500000000000000222e-01,2.630167085100501567e-01,2.726024352791159844e-01,2.678095718945830983e-01,3.681466006527915336e-01,7.134696568825496521e-03,9.106380015184113441e-01,9.035033049495858615e-01,2.140238233472424589e-03,7.288078062717140426e-07,1.300000000000000000e+01
6.800000000000000488e-01,1.995180864878680904e-01,2.089325508927091235e-01,2.042253186902885931e-01,2.821433702963959678e-01,2.413465593770491302e-01,9.106380015184113441e-01,6.692914421413622694e-01,8.269356236203206922e-02,2.082501790956481358e-06,1.100000000000000000e+01
6.999999999999999556e-01,1.426600834564323572e-01,1.581578681536525421e-01,1.504089758050424497e-01,1.876057235307861115e-01,9.934099969493173088e-01,9.106380015184113441e-01,8.277199543090596467e-02,8.925335939160206067e-02,4.109909528149380264e-06,1.200000000000000000e+01
7.071067811865474617e-01,1.452064276169200974e-01,1.673871704811017158e-01,1.562967990490108927e-01,2.001679769835098266e-01,8.783893728295402159e-01,9.106380015184113441e-01,3.224862868887112821e-02,5.604709309837696551e-03,1.569775128426598165e-06,1.300000000000000000e+01
7.199999999999999734e-01,1.867214208073580128e-01,2.219502385853347748e-01,2.043358296963463938e-01,2.534998100283244460e-01,4.330360810350915024e-01,9.106380015184113441e-01,4.776019204833198417e-01,9.921590750108966184e-02,3.957408482968549635e-06,1.200000000000000000e+01
7.399999999999999911e-01,2.852729623205570997e-01,3.162789423004067624e-01,3.007759523104819310e-01,3.670578027404697297e-01,2.234528068936259548e-01,9.106380015184113441e-01,6.871851946247853338e-01,1.107872256077494511e-01,3.549853319406715002e-06,1.200000000000000000e+01
7.600000000000000089e-01,2.813220483969358643e-01,2.971730525015112145e-01,2.892475504492235672e-01,3.558671839457754338e-01,1.532819151370727051e-01,9.106380015184113441e-01,7.573560863813386668e-01,1.279729440922985351e-01,2.442142909064859424e-06,1.200000000000000000e+01
8.000000000000000444e-01,2.981119824870171464e-01,2.932296444348357900e-01,2.956708134609264960e-01,3.796617860505178688e-01,8.292031250329748304e-02,9.106380015184113441e-01,8.277176890151138888e-01,1.976890955310117715e-01,1.143109770770922573e-06,1.100000000000000000e+01
1.000000000000000000e+00,2.503415271846805568e-01,2.373836894577468493e-01,2.438626083212137030e-01,3.443675770078309939e-01,2.114385609631284565e-02,9.106380015184113441e-01,8.894941454220984811e-01,1.793835433816504121e-05,2.715295835037379035e-06,1.300000000000000000e+01
