wavelength_um,R_fem,T_fem,R_plus_T,energy_error,cutoff_flag,R_fdtd,T_fdtd,abs_dR,abs_dT,solve_time_s,linear_solve_time_s,post_time_s
1.000000000000000000e+00,8.318756266593927418e-01,1.598303407658982211e-01,9.917059674252909351e-01,8.294032574709064853e-03,1.000000000000000000e+00,9.045872178156403320e-01,6.803285921747172227e-02,7.271159115624759028e-02,9.179748154842649888e-02,1.674708270000019183e+01,1.653336239999998725e+01,1.588961999996172381e-01
1.078431372549019551e+00,5.422882072301600243e-01,4.576309218173629789e-01,9.999191290475230032e-01,8.087095247699682687e-05,0.000000000000000000e+00,5.454429344739577523e-01,4.563478941256167709e-01,3.154727243797728065e-03,1.283027691746208010e-03,1.682200850000026549e+01,1.662194990000034522e+01,1.445746999997936655e-01
1.170212765957446832e+00,6.444895362930133098e-01,3.169516699820356109e-01,9.614412062750489207e-01,3.855879372495107926e-02,0.000000000000000000e+00,7.381567131654480640e-01,2.627522153942493666e-01,9.366717687243475421e-02,5.419945458778624436e-02,1.776319069999999556e+01,1.750546079999958238e+01,4.157080000004498288e-02
1.279069767441860295e+00,9.404079332131134450e-01,5.948420992419414799e-02,9.998921431373075652e-01,1.078568626924347740e-04,0.000000000000000000e+00,9.644711855853563831e-01,3.472569306875864653e-02,2.406325237224293812e-02,2.475851685543550146e-02,1.791854580000017449e+01,1.770189829999981157e+01,3.135629999997036066e-02
1.410256410256410131e+00,9.959233132660236798e-01,4.033501684615237247e-08,9.959233536010405619e-01,4.076646398959438145e-03,0.000000000000000000e+00,9.989067035713126153e-01,3.905730968062861530e-07,2.983390305288935451e-03,3.502380799601337739e-07,1.770144309999977850e+01,1.748779830000012225e+01,3.302880000001096050e-02
1.571428571428571397e+00,9.998018744663091928e-01,1.434556797589925192e-08,9.998018888118771486e-01,1.981111881228514449e-04,0.000000000000000000e+00,1.001095136638253891e+00,1.203736014009164153e-07,1.293262171944697947e-03,1.060280334250171667e-07,1.764249919999974736e+01,1.745415139999977328e+01,5.019130000027871574e-02
1.774193548387096975e+00,9.956264278796360667e-01,7.982714127458612416e-08,9.956265077067772973e-01,4.373492293222702720e-03,0.000000000000000000e+00,9.871258804441460644e-01,1.148641082479169642e-05,8.500547435490002357e-03,1.140658368351710978e-05,1.801544240000021091e+01,1.780035610000004453e+01,4.270300000007409835e-02
2.037037037037037202e+00,8.160886494123656965e-01,1.823076978508127444e-01,9.983963472631784963e-01,1.603652736821503666e-03,0.000000000000000000e+00,7.468109829552330714e-01,2.537832463869262867e-01,6.927766645713262506e-02,7.147554853611354231e-02,1.802100430000018605e+01,1.778980779999983497e+01,3.156659999967814656e-02
2.391304347826086918e+00,5.037975797342317819e-01,4.692122171987582746e-01,9.730097969329900565e-01,2.699020306700994354e-02,0.000000000000000000e+00,4.576047996518765593e-01,5.033654317649279841e-01,4.619278008235522259e-02,3.415321456616970952e-02,1.493370800000002419e+01,1.472435970000015004e+01,3.326670000024023466e-02
