% Model,Objective3.mph
% Version,COMSOL 6.3.0.290
% Date,"Sep 22 2026, 01:10"
% Table,"Table 2 - Reflectance, Transmittance, and Absorptance (ewfd)"
% lambda0 (µm),"Reflectance, order 0 (1)",Total reflectance (1),"Transmittance, order 0 (1)",Total transmittance (1),Total reflectance and transmittance (1),Absorptance (1)
0.3,0.044874925338221454,0.21451248996103986,0.23350752030975014,0.7854875100389626,1.0000000000000024,-2.4424906541753444E-15
0.305,0.004714550668840499,0.08419114988005008,0.27956441782221236,0.9158088501199495,0.9999999999999996,4.440892098500626E-16
0.31,0.09233201785457891,0.16171679941247374,0.2249648910207743,0.8382832005875167,0.9999999999999905,9.547918011776346E-15
0.315,0.24862382262956764,0.3266059445587143,0.23800485629062576,0.6733940554412883,1.0000000000000027,-2.6645352591003757E-15
0.32,0.06192951507180513,0.22275981159086225,0.11544294271910122,0.7772401884091438,1.000000000000006,-5.995204332975845E-15
0.325,0.12282828016646596,0.24983021668028102,0.18981832308634294,0.7501697833197157,0.9999999999999968,3.219646771412954E-15
0.32999999999999996,0.027208988495399954,0.17398836761648143,0.07069196223748801,0.8260116323835213,1.0000000000000027,-2.6645352591003757E-15
0.33499999999999996,0.037847805424399424,0.17323400287566326,0.10157164171030313,0.8267659971243418,1.000000000000005,-5.10702591327572E-15
0.33999999999999997,0.12249578089344836,0.16399102373123825,0.22269049261882987,0.8360089762687655,1.0000000000000038,-3.774758283725532E-15
0.345,0.24101118549261985,0.2754190939340697,0.19714612286592276,0.7245809060659371,1.0000000000000067,-6.661338147750939E-15
0.35,0.318770605588145,0.4046136632855131,0.04102438601471271,0.5953863367144847,0.9999999999999978,2.220446049250313E-15
0.355,0.0534173861690286,0.1111248460617517,0.2744876468824563,0.8888751539382479,0.9999999999999996,4.440892098500626E-16
0.36,0.21297023262331957,0.255665051497636,0.19328331012011915,0.744334948502343,0.9999999999999791,2.0872192862952943E-14
0.365,0.05261797276381161,0.2089828609704313,0.1507636124413106,0.7910171390295635,0.9999999999999948,5.218048215738236E-15
0.37,0.029521484163512475,0.2089203469188632,0.24261556787936073,0.7910796530811258,0.999999999999989,1.099120794378905E-14
0.375,0.09649932610984638,0.2795010752988006,0.053187485161476006,0.7204989247011917,0.9999999999999922,7.771561172376096E-15
0.37999999999999995,0.061923480288991584,0.17360444785620655,0.04014423043381432,0.826395552143795,1.0000000000000016,-1.5543122344752192E-15
0.38499999999999995,0.033176574314293404,0.13032354525442394,0.08016913029181848,0.8696764547455734,0.9999999999999973,2.6645352591003757E-15
0.38999999999999996,0.02090744456954195,0.12172838213159422,0.1333399453230415,0.8782716178684093,1.0000000000000036,-3.552713678800501E-15
0.39499999999999996,0.02436901207244417,0.1315499394745575,0.18895314743078057,0.8684500605254493,1.0000000000000067,-6.661338147750939E-15
0.39999999999999997,0.00944498050492954,0.2563982756097055,0.21409440875665725,0.743601724390297,1.0000000000000027,-2.6645352591003757E-15
0.4049999999999999,0.08062473377859922,0.286595029166623,0.1278246263722559,0.7134049708333811,1.000000000000004,-3.9968028886505635E-15
0.4099999999999999,0.0639273927183157,0.196189817878398,0.14474268858017705,0.8038101821216097,1.0000000000000078,-7.771561172376096E-15
0.4149999999999999,0.11925987882233115,0.25873995758214907,0.26751687942431124,0.7412600424178558,1.0000000000000049,-4.884981308350689E-15
0.41999999999999993,0.031558515079873464,0.12155970898304974,0.14357568643669907,0.8784402910169588,1.0000000000000084,-8.43769498715119E-15
0.42499999999999993,0.012751359723357182,0.09098859895207217,0.11859868722645828,0.9090114010479337,1.0000000000000058,-5.773159728050814E-15
0.42999999999999994,0.010435663424099703,0.08115382292327128,0.10399959979695644,0.9188461770767193,0.9999999999999907,9.325873406851315E-15
0.43499999999999994,0.016772847683229265,0.08481826602169174,0.10740548850684911,0.9151817339783049,0.9999999999999967,3.3306690738754696E-15
0.43999999999999995,0.029781167110228393,0.09997063089708445,0.13584801625978538,0.9000293691029424,1.0000000000000269,-2.6867397195928788E-14
0.4449999999999999,0.06374547674328734,0.13603060121508945,0.17939921112166507,0.8639693987849253,1.0000000000000147,-1.4654943925052066E-14
0.4499999999999999,0.11952295506235026,0.1874330287345318,0.20622057391609286,0.8125669712654656,0.9999999999999974,2.55351295663786E-15
0.4549999999999999,0.16626047921587112,0.22550649470779577,0.206546525082387,0.774493505292212,1.0000000000000078,-7.771561172376096E-15
0.45999999999999996,0.1874820231818352,0.23865347234874312,0.1943069504675064,0.7613465276512569,1,0
0.46499999999999997,0.1908853715478353,0.2360192426471221,0.17292764343499273,0.7639807573528762,0.9999999999999982,1.7763568394002505E-15
0.47,0.04837455105227728,0.10335655780935135,0.15843723440914842,0.8966434421906178,0.9999999999999691,3.086420008457935E-14
0.475,0.05579163195540674,0.09722592136893377,0.1667851850021699,0.9027740786310847,1.0000000000000184,-1.84297022087776E-14
0.48,0.03849850910574904,0.07888638495248355,0.16073798375018117,0.9211136150474991,0.9999999999999827,1.7319479184152442E-14
0.48500000000000004,0.015250026956217458,0.05583654012454181,0.14596404356706183,0.9441634598754629,1.0000000000000047,-4.6629367034256575E-15
0.49,0.0033892280914762265,0.0454504508481955,0.13051498668504494,0.9545495491518046,1,0
0.49500000000000005,0.006977688324279308,0.05136211010038011,0.11818717579727346,0.9486378898996122,0.9999999999999922,7.771561172376096E-15
0.5,0.0139252003908142,0.03246784928416614,0.0930248074961856,0.9675321507158319,0.999999999999998,1.9984014443252818E-15
0.5049999999999999,0.10396524528765114,0.2831018407929723,0.36755890519988393,0.7168981592070273,0.9999999999999996,4.440892098500626E-16
0.51,0.26624064915494033,0.3902793312026007,0.29248628311479186,0.6097206687973777,0.9999999999999785,2.1538326677728037E-14
0.5149999999999999,0.28882700636764785,0.36836795674074657,0.23542878084771762,0.6316320432592518,0.9999999999999984,1.5543122344752192E-15
0.52,0.31089706244243814,0.37771491299496823,0.22861112656883767,0.6222850870050332,1.0000000000000013,-1.3322676295501878E-15
0.5249999999999999,0.3290310850250168,0.3926579420086865,0.2364931347283017,0.6073420579913152,1.0000000000000018,-1.7763568394002505E-15
0.53,0.34116391081521885,0.4065553100076041,0.2529569346993937,0.5934446899923925,0.9999999999999967,3.3306690738754696E-15
0.5349999999999999,0.3468524088047025,0.4181550647010873,0.2790005759744417,0.5818449352989121,0.9999999999999994,5.551115123125783E-16
0.54,0.34530907614637213,0.4271118170341723,0.3204888831978973,0.5728881829658293,1.0000000000000016,-1.5543122344752192E-15
0.5449999999999998,0.3310827912920247,0.4279000798559784,0.39069144040304227,0.5720999201440237,1.000000000000002,-1.9984014443252818E-15
0.55,0.2810334722088371,0.3885704868986404,0.503944013968171,0.6114295131013643,1.0000000000000047,-4.6629367034256575E-15
0.5549999999999998,0.16401026377442732,0.24522892991844164,0.5929165674674874,0.7547710700815584,1,0
0.56,0.06380503228879768,0.09324725756322105,0.5332398565641925,0.9067527424367752,0.9999999999999962,3.774758283725532E-15
0.5649999999999998,0.03203154281837575,0.03822205157841645,0.44335464569087263,0.9617779484215816,0.999999999999998,1.9984014443252818E-15
0.5700000000000001,0.019994561401853125,0.021738883934528493,0.3890001018272509,0.9782611160654715,1,0
0.5749999999999998,0.009542784985867506,0.011097678753142567,0.351978315328186,0.9889023212468576,1.0000000000000002,-2.220446049250313E-16
0.5800000000000001,0.0012138948631473594,0.0017160050802133143,0.3125977495016592,0.9982839949197884,1.0000000000000018,-1.7763568394002505E-15
0.5849999999999999,0.005994288346001322,0.009529276281064827,0.2628999439530242,0.9904707237189283,0.9999999999999931,6.8833827526759706E-15
0.59,0.07358278974494002,0.15604213663205713,0.3425265666995968,0.8439578633679434,1.0000000000000004,-4.440892098500626E-16
0.5949999999999999,0.09162936862406884,0.2554109163715477,0.5769685939463639,0.7445890836284498,0.9999999999999976,2.4424906541753444E-15
0.6,0.05523265123377053,0.18434922876219573,0.5314533807478669,0.8156507712378633,1.000000000000059,-5.906386491005833E-14
0.6049999999999999,0.043854419973588576,0.14973282091607626,0.4734913073192109,0.8502671790839228,0.9999999999999991,8.881784197001252E-16
0.61,0.04439796382516725,0.13575243462469222,0.42773348358226826,0.8642475653753066,0.9999999999999988,1.2212453270876722E-15
0.6149999999999999,0.050902999237112195,0.13111461399899904,0.3895440706140471,0.8688853860010021,1.000000000000001,-1.1102230246251565E-15
0.62,0.060936420752921584,0.1312845958193951,0.35650243204070986,0.868715404180606,1.000000000000001,-1.1102230246251565E-15
0.625,0.07309301210434997,0.13416016209679335,0.32784001499309245,0.8658398379032051,0.9999999999999984,1.5543122344752192E-15
0.63,0.08620554771841661,0.13848261522294358,0.303376748564507,0.8615173847770654,1.0000000000000089,-8.881784197001252E-15
0.635,0.09911673314878348,0.14325949578120534,0.2829464292107554,0.8567405042187914,0.9999999999999968,3.219646771412954E-15
0.64,0.11066752922453293,0.14759020243743437,0.2661086946362062,0.852409797562564,0.9999999999999983,1.6653345369377348E-15
0.645,0.11974337090495511,0.1506658873906397,0.25200244378233816,0.8493341126093652,1.0000000000000049,-4.884981308350689E-15
0.65,0.1252659773183177,0.15183805917984675,0.239222838171938,0.8481619408201522,0.9999999999999989,1.1102230246251565E-15
0.655,0.1260043215876658,0.15073902341250422,0.2256120889899128,0.849260976587491,0.9999999999999952,4.773959005888173E-15
0.6599999999999999,0.11988914950308559,0.1476301800741264,0.2079986686368051,0.8523698199258773,1.0000000000000038,-3.774758283725532E-15
0.665,0.10161651079088518,0.14511516951834086,0.18377244407760496,0.8548848304816572,0.999999999999998,1.9984014443252818E-15
0.6699999999999999,0.05523523518414277,0.15897132359736477,0.17929406112427612,0.8410286764026187,0.9999999999999835,1.6542323066914832E-14
0.675,0.0018413448223305047,0.23671880743139423,0.4346396459490595,0.7632811925686096,1.0000000000000038,-3.774758283725532E-15
0.6799999999999999,0.08405166907897431,0.2356541045263179,0.6346168665012663,0.7643458954736831,1.000000000000001,-1.1102230246251565E-15
0.685,0.14090000070926265,0.2005667210456621,0.7389849918599098,0.7994332789543271,0.9999999999999892,1.0769163338864018E-14
0.69,0.05450455637745948,0.07738275432389641,0.6113682956066652,0.922617245676066,0.9999999999999624,3.7636560534792807E-14
0.6950000000000001,0.05698341173004426,0.07651607607510778,0.5554981399270545,0.9234839239248984,1.0000000000000062,-6.217248937900877E-15
0.7,0.04821919216849378,0.06388775694244758,0.538859548127023,0.9361122430575533,1.0000000000000009,-8.881784197001252E-16
0.7050000000000001,0.0370054695187817,0.05042151435995037,0.5320717569562333,0.9495784856400451,0.9999999999999954,4.551914400963142E-15
0.71,0.025940685417113748,0.03829002890909056,0.5286984206067799,0.9617099710909104,1.0000000000000009,-8.881784197001252E-16
0.7150000000000001,0.016264035064021087,0.028365198715014923,0.5260173732037551,0.9716348012849833,0.9999999999999982,1.7763568394002505E-15
0.72,0.008717390867233424,0.021139777225470918,0.5226075460511416,0.9788602227745286,0.9999999999999994,5.551115123125783E-16
0.725,0.0037674406123556913,0.016899442972985308,0.5177146621331422,0.9831005570270165,1.0000000000000018,-1.7763568394002505E-15
0.73,0.0016815658482264328,0.01576598514308641,0.5110142608685697,0.9842340148569093,0.9999999999999957,4.3298697960381105E-15
0.735,0.0025643300265390046,0.017717642802352593,0.5024949487211839,0.9822823571976111,0.9999999999999637,3.630429290524262E-14
0.74,0.0063826008965581155,0.02260812465053383,0.49238065591453045,0.9773918753494645,0.9999999999999983,1.6653345369377348E-15
0.745,0.012986481545697749,0.030187248371699053,0.481063927525341,0.9698127516282984,0.9999999999999974,2.55351295663786E-15
0.75,0.022127664900598597,0.040122076752659545,0.46904145113986445,0.9598779232473378,0.9999999999999973,2.6645352591003757E-15
0.755,0.0334761989578934,0.0520174947129483,0.4568514292544555,0.947982505287051,0.9999999999999992,7.771561172376096E-16
0.7599999999999999,0.046637259939541056,0.0654361800188213,0.4450163678249499,0.9345638199811792,1.0000000000000004,-4.440892098500626E-16
0.765,0.06116966782817574,0.07991849624017776,0.4339962031646442,0.9200815037598216,0.9999999999999993,6.661338147750939E-16
0.7699999999999999,0.07660699441529446,0.09500255116090554,0.42415599997760733,0.9049974488390939,0.9999999999999994,5.551115123125783E-16
0.775,0.09248055884913947,0.1102437962522374,0.41575023310077697,0.8897562037477623,0.9999999999999998,2.220446049250313E-16
0.7799999999999999,0.10834218855472863,0.1252327174049833,0.4089227619151876,0.8747672825950158,0.9999999999999991,8.881784197001252E-16
0.7849999999999999,0.12378403925812818,0.13960890574186477,0.40371905171896943,0.8603910942581311,0.9999999999999959,4.107825191113079E-15
0.7899999999999999,0.13845320785854673,0.1530702306817473,0.4001057827337665,0.846929769318252,0.9999999999999993,6.661338147750939E-16
0.7949999999999999,0.15206001351974094,0.16537671544806318,0.39799294864247714,0.8346232845519297,0.9999999999999929,7.105427357601002E-15
0.7999999999999999,0.164380113313641,0.17634963339460893,0.3972545695503202,0.823650366605388,0.999999999999997,2.9976021664879227E-15
