wavelength_um,R_skfem,T_skfem,RplusT_skfem,energy_skfem,R_comsol,T_comsol,RplusT_comsol,R_fdtd,T_fdtd,RplusT_fdtd,R_pm5,T_pm5,abs_dR_skfem_comsol,abs_dT_skfem_comsol,abs_dR_skfem_fdtd,abs_dT_skfem_fdtd,abs_dR_comsol_fdtd,abs_dT_comsol_fdtd,abs_dR_all_pm5,abs_dT_all_pm5,point_time_s
1.000000000000000000e+00,8.359377814207417101e-01,1.614107435224505227e-01,9.973485249431922606e-01,2.651475056807739428e-03,8.888057901224467594e-01,1.111942098775909049e-01,1.000000000000037748e+00,9.045872178156403320e-01,6.803285921747172227e-02,9.726200770331120404e-01,8.185104239622202904e-01,1.518154158744918769e-01,5.286800870170504929e-02,5.021653364485961779e-02,6.864943639489862193e-02,9.337788430497880043e-02,1.578142769319357264e-02,4.316135066011918264e-02,1.742735745852141971e-02,9.595327647958645789e-03,4.414791199999854143e+00
1.006097560975609762e+00,7.140053139062128018e-01,2.857745855715198013e-01,9.997798994777326032e-01,2.201005222673968476e-04,8.392325901561440427e-01,1.607674098438280907e-01,9.999999999999721334e-01,8.198350961144449389e-01,1.714146469662504169e-01,9.912497430806953558e-01,6.938916849460549097e-01,2.359752901426285243e-01,1.252272762499312408e-01,1.250071757276917106e-01,1.058297822082321371e-01,1.143599386052693845e-01,1.939749404169910374e-02,1.064723712242232612e-02,2.011362896015789214e-02,4.979929542889127703e-02,4.831116499999552616e+00
1.012269938650306678e+00,6.458982730413014295e-01,3.539958194198246089e-01,9.998940924611260384e-01,1.059075388739616486e-04,5.391551610611662326e-01,4.608448389389839805e-01,1.000000000000150102e+00,7.486615685896214067e-01,2.604808824730621142e-01,1.009142451062683410e+00,5.609598752906247432e-01,3.466505808398974153e-01,1.067431119801351969e-01,1.068490195191593717e-01,1.027632955483199773e-01,9.351493694676249469e-02,2.095064075284551741e-01,2.003639564659218664e-01,8.493839775067668629e-02,7.345238579927193534e-03,4.663205500000003667e+00
1.018518518518518379e+00,6.266330810000192431e-01,3.732675366682556839e-01,9.999006176682749825e-01,9.938233172501753643e-05,6.390644242985021872e-01,3.609355757015604294e-01,1.000000000000062617e+00,6.738680140785301420e-01,3.210248542162896235e-01,9.948928682948197100e-01,5.877502842592290389e-01,3.599796343028126566e-01,1.243134329848294417e-02,1.233196096669525454e-02,4.723493307851089895e-02,5.224268245196606042e-02,3.480358978002795478e-02,3.991072148527080587e-02,3.888279674079020420e-02,1.328790236544302727e-02,4.533720800000082818e+00
1.024844720496894235e+00,4.562378363034177431e-01,5.436694973373809026e-01,9.999073336407986456e-01,9.266635920135435356e-05,6.520678400025251564e-01,3.479321599974856682e-01,1.000000000000010880e+00,5.881477092180303901e-01,4.086043817027453229e-01,9.967520909207756574e-01,4.388862199043592205e-01,5.331437888889696275e-01,1.958300036991074133e-01,1.957373373398952343e-01,1.319098729146126470e-01,1.350651156346355797e-01,6.392013078449476637e-02,6.067222170525965463e-02,1.735161639905852260e-02,1.052570844841127506e-02,3.748799299999518553e+00
1.031250000000000000e+00,7.618722391157607410e-01,2.380597172042229759e-01,9.999319563199837724e-01,6.804368001622762563e-05,6.780679829924157742e-01,3.219320170075616883e-01,9.999999999999774625e-01,6.524565842597706000e-01,3.560526775288032630e-01,1.008509261788573808e+00,6.659807097594283576e-01,1.952961970157472971e-01,8.380425612334496677e-02,8.387229980333871238e-02,1.094156548559901410e-01,1.179929603245802872e-01,2.561139873264517419e-02,3.412066052124157478e-02,9.589152935633238339e-02,4.276352018847567882e-02,3.716735200000584882e+00
1.037735849056603765e+00,8.103426166210584425e-01,1.896151590394615782e-01,9.999577756605200207e-01,4.222433947997927817e-05,8.017602437689342887e-01,1.982397562311290495e-01,1.000000000000063283e+00,7.865116005991492631e-01,2.129743825503812582e-01,9.994859831495305214e-01,6.255442012560998855e-01,1.546579448110875221e-01,8.582372852124153795e-03,8.624597191667471296e-03,2.383101602190917934e-02,2.335922351091967997e-02,1.524864316978502554e-02,1.473462631925220867e-02,1.847984153649585570e-01,3.495721422837405612e-02,3.602880099999310914e+00
1.044303797468354444e+00,6.889223698424649101e-01,3.109575347893294150e-01,9.998799046317943251e-01,1.200953682056749017e-04,7.208345121468651140e-01,2.791654878531173445e-01,9.999999999999824585e-01,7.624492532466768946e-01,2.387270293172089330e-01,1.001176282563885911e+00,6.609033720861797745e-01,2.527542544508282196e-01,3.191214230440020394e-02,3.179204693621207056e-02,7.352688340421198454e-02,7.223050547212048200e-02,4.161474109981178060e-02,4.043845853590841144e-02,2.801899775628513556e-02,5.820328033850119542e-02,3.666703399999278190e+00
1.050955414012738620e+00,7.067617624101745211e-01,2.930015883569433988e-01,9.997633507671179753e-01,2.366492328820246627e-04,7.294786859002376778e-01,2.705213140997921872e-01,1.000000000000029754e+00,7.057505397709846751e-01,2.914540839317850685e-01,9.972046237027697435e-01,6.792521228814196732e-01,2.813825550881577375e-01,2.271692349006315670e-02,2.248027425715121153e-02,1.011222639189846007e-03,1.547504425158330310e-03,2.372814612925300271e-02,2.093276983199288122e-02,2.750963952875484786e-02,1.161903326878566123e-02,3.621374900000773778e+00
1.057692307692307487e+00,8.076523358943119568e-01,1.923370027509773150e-01,9.999893386452892718e-01,1.066135471072815477e-05,6.662634006065872860e-01,3.337365993934747754e-01,1.000000000000062172e+00,6.950435459893901102e-01,3.016095525321138560e-01,9.966530985215039662e-01,7.488771908750134765e-01,1.836002111417899818e-01,1.413889352877246708e-01,1.413995966424974604e-01,1.126087899049218466e-01,1.092725497811365409e-01,2.878014538280282419e-02,3.212704686136091947e-02,5.877514501929848034e-02,8.736791609187333219e-03,3.746559000000161177e+00
1.064516129032258007e+00,5.009188354402899224e-01,4.990573965713629434e-01,9.999762320116528658e-01,2.376798834713422792e-05,8.841431501618042255e-01,1.158568498381845335e-01,9.999999999999887867e-01,8.728733340828629395e-01,1.283865487494702529e-01,1.001259882832333137e+00,4.663090949690766318e-01,4.611075972140861179e-01,3.832243147215143031e-01,3.832005467331783821e-01,3.719544986425730171e-01,3.706708478218926905e-01,1.126981607894128601e-02,1.252969891128571933e-02,3.460974047121329056e-02,3.794979935727682552e-02,3.688730200000463810e+00
1.071428571428571397e+00,5.815762779316377973e-01,4.183961178847109830e-01,9.999723958163487803e-01,2.760418365121974915e-05,6.151041414871422086e-01,3.848958585128217647e-01,9.999999999999640288e-01,6.065435169520572156e-01,3.926602700678985536e-01,9.992037870199557137e-01,5.486920382402146190e-01,3.890340725808903444e-01,3.352786355550441133e-02,3.350025937188921832e-02,2.496723902041941834e-02,2.573584781681242939e-02,8.560624535084992992e-03,7.764411555076788929e-03,3.288423969142317826e-02,2.936204530382063860e-02,3.596425799999451556e+00
1.078431372549019551e+00,5.422411077292985659e-01,4.577460973517888387e-01,9.999872050810874047e-01,1.279491891259532110e-05,5.283634937151543420e-01,4.716365062848106859e-01,9.999999999999650280e-01,5.454429344739577523e-01,4.563478941256167709e-01,1.001790828599574468e+00,5.069848888840857715e-01,4.422199615668924721e-01,1.387761401414422391e-02,1.389040893302184720e-02,3.201826744659186375e-03,1.398203226172067826e-03,1.707944075880341028e-02,1.528861215919391503e-02,3.525621884521279448e-02,1.552613578489636659e-02,3.749051700000563869e+00
1.085526315789473673e+00,6.248090056554305161e-01,3.750156121255414643e-01,9.998246177809719804e-01,1.753822190280196480e-04,4.958560567707053224e-01,5.041439432292901257e-01,9.999999999999954481e-01,5.083870257102386381e-01,4.921432051085910531e-01,1.000530230818829747e+00,5.548575405364009061e-01,3.560056168578565883e-01,1.289529488847251937e-01,1.291283311037486614e-01,1.164219799451918780e-01,1.171275929830495888e-01,1.253096893953331570e-02,1.200073812069907264e-02,6.995146511902960995e-02,1.900999526768487602e-02,3.590180700000018987e+00
1.092715231788079278e+00,6.153062954596053569e-01,3.846110504138878783e-01,9.999173458734932352e-01,8.265412650676484674e-05,5.696796184901737892e-01,4.303203815098492480e-01,1.000000000000023093e+00,5.918592394470001405e-01,4.073787461429249634e-01,9.992379855899251595e-01,5.048396901525602498e-01,3.504587149272164193e-01,4.562667696943156770e-02,4.570933109596136967e-02,2.344705601260521632e-02,2.276769572903708516e-02,2.217962095682635137e-02,2.294163536692428451e-02,1.104666053070451071e-01,3.415233548667145902e-02,3.735685499999817694e+00
1.099999999999999867e+00,7.236795676531961874e-01,2.763150011607486412e-01,9.999945688139448841e-01,5.431186055115944100e-06,5.953293958118067719e-01,4.046706041882062177e-01,1.000000000000012879e+00,5.986951601172959547e-01,4.006555167248857519e-01,9.993506768421817066e-01,5.628394173201203277e-01,2.266039667829520821e-01,1.283501718413894155e-01,1.283556030274575765e-01,1.249844075359002327e-01,1.243405155641371107e-01,3.365764305489182817e-03,4.015087463320465844e-03,1.608401503330758597e-01,4.971103437779655909e-02,3.671118399999613757e+00
1.107382550335570315e+00,6.811444317552229899e-01,3.188132607689196374e-01,9.999576925241426828e-01,4.230747585731720051e-05,7.622863448165960731e-01,2.377136551834755362e-01,1.000000000000071720e+00,7.629815836905339266e-01,2.377316125479709552e-01,1.000713196238504965e+00,5.441547870621281646e-01,2.766858444824012997e-01,8.114191306137308324e-02,8.109960558544410114e-02,8.183715193531093668e-02,8.108164822094868218e-02,6.952388739378534410e-04,1.795736449541895929e-05,1.369896446930948253e-01,4.212741628651833770e-02,3.564191800000116928e+00
1.114864864864864913e+00,5.425894047682696675e-01,4.574242942639412113e-01,1.000013699032210823e+00,1.369903221082324762e-05,7.145357889556847031e-01,2.854642110443285086e-01,1.000000000000013323e+00,7.101772212639342330e-01,2.886130721356752749e-01,9.987902933996095634e-01,4.831822106457245858e-01,4.415231995216098992e-01,1.719463841874150356e-01,1.719600832196127027e-01,1.675878164956645655e-01,1.688112221282659364e-01,4.358567691750470097e-03,3.148861091346766283e-03,5.940719412254508169e-02,1.590109474233131204e-02,3.589789699999528239e+00
1.122448979591836871e+00,5.973340999876411983e-01,4.026013002992345768e-01,9.999354002868757751e-01,6.459971312422485568e-05,5.970120405712651124e-01,4.029879594286836508e-01,9.999999999999487077e-01,5.842041392923483789e-01,4.153642836863083998e-01,9.995684229786567787e-01,4.032941236206101787e-01,3.867910364255449651e-01,3.220594163760859274e-04,3.866591294490739905e-04,1.312996069529281939e-02,1.276298338707382296e-02,1.280790127891673347e-02,1.237632425762474897e-02,1.940399763670310196e-01,1.581026387368961172e-02,3.681360499999755120e+00
1.130136986301369717e+00,7.538185756429592876e-01,2.461425232203631741e-01,9.999610988633225173e-01,3.890113667748273940e-05,5.981452373014558566e-01,4.018547626985310983e-01,9.999999999999868994e-01,5.437504041988667769e-01,4.560116982433256583e-01,9.997621024421924352e-01,5.493132505404286769e-01,2.127060688913353370e-01,1.556733383415034311e-01,1.557122394781679242e-01,2.100681714440925107e-01,2.098691750229624842e-01,5.439483310258907967e-02,5.415693554479455996e-02,2.045053251025306107e-01,3.343645432902783710e-02,3.744059399999969173e+00
1.137931034482758452e+00,7.332025578512418873e-01,2.667524877086764334e-01,9.999550455599183207e-01,4.495444008167925887e-05,7.097574576049596740e-01,2.902425423950840688e-01,1.000000000000043743e+00,7.437060262462623639e-01,2.552308119135605624e-01,9.989368381598229263e-01,6.830770528744530834e-01,2.486343454542746245e-01,2.344510024628221334e-02,2.349005468640763539e-02,1.050346839502047658e-02,1.152167579511587103e-02,3.394856864130268992e-02,3.501173048152350642e-02,5.012550497678880390e-02,1.811814225440180892e-02,3.575982100000146602e+00
1.145833333333333259e+00,6.533951552972143695e-01,3.467065601653241402e-01,1.000101715462538454e+00,1.017154625384542044e-04,6.575742492605527456e-01,3.424257507394411482e-01,9.999999999999938938e-01,6.791249666843316435e-01,3.207917169418664227e-01,9.999166836261981217e-01,5.291089674930333775e-01,2.655907113657293150e-01,4.179093963338376128e-03,4.280809425882992070e-03,2.572981138711727400e-02,2.591484322345771751e-02,2.155071742377889787e-02,2.163403379757472544e-02,1.242861878041809920e-01,8.111584879959482519e-02,3.589314099999683094e+00
1.153846153846153744e+00,9.021656034267362401e-01,9.798352921289574247e-02,1.000149132639631899e+00,1.491326396318992664e-04,6.685130611198960571e-01,3.314869388800731342e-01,9.999999999999692468e-01,6.363879360362728610e-01,3.608483057328798482e-01,9.972362417691527092e-01,7.312737473560848578e-01,9.284628125247849917e-02,2.336525423068401830e-01,2.335034096671773918e-01,2.657776673904633791e-01,2.628647765199840780e-01,3.212512508362319608e-02,2.936136685280671399e-02,1.708918560706513823e-01,5.137247960417243298e-03,3.586268500000187487e+00
1.161971830985915499e+00,7.138888173044530827e-01,2.868856730869036031e-01,1.000774490391356686e+00,7.744903913566858478e-04,8.686411006603327323e-01,1.313588993396968274e-01,1.000000000000029532e+00,8.743832414748904380e-01,1.260407552254666497e-01,1.000423996700356977e+00,6.555696515393896195e-01,2.449498256525524109e-01,1.547522833558796496e-01,1.555267737472067757e-01,1.604944241704373553e-01,1.608449178614369535e-01,5.742140814557705752e-03,5.318144114230177744e-03,5.831916576506346317e-02,4.193584743435119222e-02,3.629847600000175589e+00
1.170212765957446832e+00,6.524996645667847650e-01,3.501800045670074302e-01,1.002679669133792251e+00,2.679669133792250690e-03,7.557027123661597123e-01,2.442972876338257715e-01,9.999999999999854561e-01,7.381567131654480640e-01,2.627522153942493666e-01,1.000908928559697486e+00,6.524996645667847650e-01,3.501800045670074302e-01,1.032030477993749473e-01,1.058827169331816587e-01,8.565704859866329901e-02,8.742778917275806361e-02,1.754599920071164831e-02,1.845492776042359506e-02,0.000000000000000000e+00,0.000000000000000000e+00,3.490221699999892735e+00
1.178571428571428603e+00,6.315799316934158636e-01,3.683625667030006046e-01,9.999424983964164682e-01,5.750160358353184620e-05,6.212496379375366251e-01,3.787503620624926848e-01,1.000000000000029310e+00,6.378612382926611701e-01,3.597840616165157157e-01,9.976452999091769414e-01,6.315799316934158636e-01,3.683625667030006046e-01,1.033029375587923848e-02,1.038779535949208022e-02,6.281306599245306543e-03,8.578505086484888853e-03,1.661160035512454503e-02,1.896630044597696907e-02,0.000000000000000000e+00,0.000000000000000000e+00,3.552734300000338408e+00
1.187050359712230163e+00,8.344047262678405685e-01,1.655760332007537305e-01,9.999807594685943268e-01,1.924053140567316689e-05,7.052048725762404269e-01,2.947951274237206043e-01,9.999999999999609201e-01,7.070536675216102518e-01,2.902898372736851806e-01,9.973435047952954324e-01,8.344047262678405685e-01,1.655760332007537305e-01,1.291998536916001417e-01,1.292190942229668738e-01,1.273510587462303167e-01,1.247138040729314501e-01,1.848794945369824916e-03,4.505290150035423657e-03,0.000000000000000000e+00,0.000000000000000000e+00,3.612988399999267131e+00
1.195652173913043459e+00,7.420808137740007027e-01,2.578561694472428778e-01,9.999369832212435805e-01,6.301677875641953364e-05,6.223662631485633590e-01,3.776337368514646742e-01,1.000000000000027978e+00,6.232310090091546240e-01,3.760994275612342674e-01,9.993304365703888914e-01,7.420808137740007027e-01,2.578561694472428778e-01,1.197145506254373437e-01,1.197775674042217964e-01,1.188498047648460787e-01,1.182432581139913896e-01,8.647458605912650142e-04,1.534309290230406742e-03,0.000000000000000000e+00,0.000000000000000000e+00,3.632471100000657316e+00
1.204379562043795593e+00,8.438301438543723831e-01,1.561431233167173138e-01,9.999732671710896970e-01,2.673282891030304143e-05,6.705628673576787824e-01,3.294371326423869428e-01,1.000000000000065725e+00,6.884352712233630101e-01,3.134932316588674439e-01,1.001928502882230454e+00,8.438301438543723831e-01,1.561431233167173138e-01,1.732672764966936008e-01,1.732940093256696290e-01,1.553948726310093731e-01,1.573501083421501301e-01,1.787240386568422768e-02,1.594390098351949892e-02,0.000000000000000000e+00,0.000000000000000000e+00,3.577368999999634980e+00
1.213235294117647189e+00,8.427742723289864957e-01,1.572325721680754296e-01,1.000006844497062009e+00,6.844497062008514376e-06,8.629980497224609692e-01,1.370019502774506293e-01,9.999999999999115152e-01,8.668267239550300207e-01,1.331876818484394043e-01,1.000014405803469453e+00,8.427742723289864957e-01,1.572325721680754296e-01,2.022377739347447356e-02,2.023062189062480032e-02,2.405245162604352505e-02,2.404489031963602530e-02,3.828674232569051483e-03,3.814268429011224981e-03,0.000000000000000000e+00,0.000000000000000000e+00,3.566780800000742602e+00
1.222222222222222099e+00,8.674971959507424835e-01,1.324958276117623457e-01,9.999930235625048569e-01,6.976437495143095191e-06,8.406092400578216717e-01,1.593907599421564569e-01,9.999999999999781286e-01,8.303700179794046843e-01,1.698075298231601638e-01,1.000177547802564959e+00,8.674971959507424835e-01,1.324958276117623457e-01,2.688795589292081178e-02,2.689493233039411124e-02,3.712717797133779918e-02,3.731170221139781806e-02,1.023922207841698739e-02,1.041676988100370682e-02,0.000000000000000000e+00,0.000000000000000000e+00,3.654104999999617576e+00
1.231343283582089443e+00,9.139542064469985405e-01,8.598682367218497824e-02,9.999410301191835604e-01,5.896988081643961266e-05,9.313647906285710265e-01,6.863520937146132261e-02,1.000000000000032419e+00,9.308941502339366236e-01,6.645610378679674135e-02,9.973502540207334066e-01,9.139542064469985405e-01,8.598682367218497824e-02,1.741058418157248600e-02,1.735161430072365563e-02,1.693994378693808311e-02,1.953071988538823689e-02,4.706403946344028810e-04,2.179105584664581263e-03,0.000000000000000000e+00,0.000000000000000000e+00,3.680315100000370876e+00
1.240601503759398261e+00,9.004551271090358577e-01,9.950993356680037927e-02,9.999650606758362370e-01,3.493932416376299699e-05,8.184456566576110426e-01,1.815543433423502107e-01,9.999999999999612532e-01,8.289756264538030717e-01,1.706336328601067154e-01,9.996092593139097593e-01,9.004551271090358577e-01,9.950993356680037927e-02,8.200947045142481517e-02,8.204440977554983139e-02,7.147950065523278607e-02,7.112369929330633611e-02,1.052996979619202911e-02,1.092071048224349528e-02,0.000000000000000000e+00,0.000000000000000000e+00,3.492229100000258768e+00
1.250000000000000000e+00,9.251007506557651361e-01,7.483959731412845318e-02,9.999403479698936170e-01,5.965203010638298053e-05,8.498583840791618105e-01,1.501416159207692447e-01,9.999999999999310552e-01,8.618383944952793252e-01,1.394084827407258420e-01,1.001246877236005250e+00,9.251007506557651361e-01,7.483959731412845318e-02,7.524236657660332561e-02,7.530201860664079150e-02,6.326235616048581090e-02,6.456888542659738883e-02,1.198001041611751472e-02,1.073313318004340267e-02,0.000000000000000000e+00,0.000000000000000000e+00,3.493336200000157987e+00
1.259541984732824416e+00,7.243035085598058531e-01,2.756779301370810842e-01,9.999814386968869373e-01,1.856130311306269931e-05,8.270171508492553114e-01,1.729828491503954679e-01,9.999999999996508349e-01,8.375530170682301545e-01,1.612877477540930748e-01,9.988407648223232016e-01,7.243035085598058531e-01,2.756779301370810842e-01,1.027136422894494583e-01,1.026950809866856162e-01,1.132495085084243014e-01,1.143901823829880093e-01,1.053586621897484310e-02,1.169510139630239309e-02,0.000000000000000000e+00,0.000000000000000000e+00,3.801787399999739137e+00
1.269230769230769384e+00,9.164293899335023141e-01,8.352244373713262060e-02,9.999518336706348931e-01,4.816632936510689689e-05,8.532333632747446384e-01,1.467666367253074311e-01,1.000000000000051958e+00,8.400160882000334839e-01,1.577432696667972201e-01,9.977593578668306762e-01,9.164293899335023141e-01,8.352244373713262060e-02,6.319602665875767578e-02,6.324419298817481050e-02,7.641330173346883026e-02,7.422082592966459946e-02,1.321727507471115448e-02,1.097663294148978896e-02,0.000000000000000000e+00,0.000000000000000000e+00,3.740029499999764084e+00
1.279069767441860295e+00,9.404822783008798259e-01,5.951276218110043009e-02,9.999950404819802907e-01,4.959518019709285852e-06,9.670459816597591907e-01,3.295401834012739312e-02,9.999999999998866462e-01,9.644711855853563831e-01,3.472569306875864653e-02,9.991968786541149949e-01,9.404822783008798259e-01,5.951276218110043009e-02,2.656370335887936474e-02,2.655874384097303698e-02,2.398890728447655718e-02,2.478706911234178356e-02,2.574796074402807555e-03,1.771674728631253415e-03,0.000000000000000000e+00,0.000000000000000000e+00,3.503290800000286254e+00
1.289062500000000000e+00,9.809783603777884053e-01,1.897506916483690520e-02,9.999534295426253383e-01,4.657045737466170010e-05,9.737510994678438836e-01,2.624890053210746782e-02,9.999999999999513722e-01,9.721951747283951173e-01,2.841917883536724393e-02,1.000614353563762382e+00,9.809783603777884053e-01,1.897506916483690520e-02,7.227260909944521750e-03,7.273831367270562620e-03,8.783185649393288053e-03,9.444109670530338729e-03,1.555924739448766303e-03,2.170278303259776109e-03,0.000000000000000000e+00,0.000000000000000000e+00,3.574286399999436981e+00
1.299212598425196763e+00,8.917786462626287047e-01,1.081856237436250312e-01,9.999642700062537637e-01,3.572999374623631041e-05,9.460569175647870477e-01,5.394308243530078484e-02,1.000000000000087930e+00,9.507490377288625449e-01,4.752302231863850951e-02,9.982720600475010198e-01,8.917786462626287047e-01,1.081856237436250312e-01,5.427827130215834295e-02,5.424254130832424636e-02,5.897039146623384021e-02,6.066260142498652169e-02,4.692120164075497257e-03,6.420060116662275329e-03,0.000000000000000000e+00,0.000000000000000000e+00,3.515942600000016682e+00
1.309523809523809534e+00,9.707132402237804714e-01,2.924851645296742617e-02,9.999617566767479149e-01,3.824332325208512628e-05,9.301613384520136529e-01,6.983866154905261914e-02,1.000000000001066258e+00,9.241252145191283240e-01,7.702959426417145539e-02,1.001154808783299766e+00,9.707132402237804714e-01,2.924851645296742617e-02,4.055190177176681843e-02,4.059014509608518950e-02,4.658802570465214732e-02,4.778107781120402575e-02,6.036123932885328891e-03,7.190932715118836249e-03,0.000000000000000000e+00,0.000000000000000000e+00,3.564928599999802827e+00
1.320000000000000062e+00,9.953385168581994069e-01,4.632431008907153883e-03,9.999709478671066076e-01,2.905213289339236837e-05,9.870731173761067012e-01,1.292688262384748821e-02,9.999999999999541478e-01,9.858566154803024562e-01,1.277853875481503934e-02,9.986351542351175059e-01,9.953385168581994069e-01,4.632431008907153883e-03,8.265399482092705696e-03,8.294451614940334325e-03,9.481901377896950756e-03,8.146107745907885458e-03,1.216501895804245059e-03,1.483438690324488662e-04,0.000000000000000000e+00,0.000000000000000000e+00,3.521385099999861268e+00
1.330645161290322731e+00,9.324486477190276901e-01,6.751142404487910087e-02,9.999600717639067771e-01,3.992823609322293521e-05,9.891466402889724785e-01,1.085335971085131697e-02,9.999999999998238076e-01,9.864358594421175352e-01,1.076301932844457056e-02,9.971988787705621249e-01,9.324486477190276901e-01,6.751142404487910087e-02,5.669799256994478842e-02,5.665806433402778564e-02,5.398721172308984517e-02,5.674840471643453205e-02,2.710780846854943249e-03,9.034038240674641118e-05,0.000000000000000000e+00,0.000000000000000000e+00,3.560816700000032142e+00
1.341463414634146201e+00,9.990810855529014267e-01,8.795131163136780429e-04,9.999605986692150505e-01,3.940133078494945096e-05,9.875435294971507405e-01,1.245647050286379648e-02,1.000000000000014433e+00,9.607690022494371762e-01,2.290322015090753838e-02,9.836722224003446868e-01,9.990810855529014267e-01,8.795131163136780429e-04,1.153755605575068621e-02,1.157695738655011887e-02,3.831208330346425051e-02,2.202370703459385903e-02,2.677452724771356429e-02,1.044674964804374190e-02,0.000000000000000000e+00,0.000000000000000000e+00,3.713552700000036566e+00
1.352459016393442459e+00,9.998656292742061913e-01,9.757383440102586217e-05,9.999632031086072015e-01,3.679689139279851418e-05,9.998527890985982047e-01,1.472109014010474946e-04,9.999999999999992228e-01,1.001879150263746077e+00,2.167354803369549079e-04,1.002095885744082926e+00,9.998656292742061913e-01,9.757383440102586217e-05,1.284017560798655921e-05,4.963706700002163243e-05,2.013520989539885342e-03,1.191616459359290457e-04,2.026361165147871901e-03,6.952457893590741327e-05,0.000000000000000000e+00,0.000000000000000000e+00,3.678381499999886728e+00
1.363636363636363535e+00,9.995753260396285089e-01,4.032167184356927423e-04,9.999785427580641928e-01,2.145724193580722527e-05,9.998209311870706051e-01,1.790688127279330762e-04,9.999999999997986055e-01,9.988966038842784778e-01,1.302449917821396316e-04,9.990268488760606358e-01,9.995753260396285089e-01,4.032167184356927423e-04,2.456051474420961611e-04,2.241479057077596661e-04,6.787221553500311089e-04,2.729717266535530837e-04,9.243273027921272700e-04,4.882382094579344463e-05,0.000000000000000000e+00,0.000000000000000000e+00,3.658365300000696152e+00
1.375000000000000000e+00,9.999706838686455157e-01,1.559642609391683436e-06,9.999722435112549102e-01,2.775648874508984676e-05,9.999923347552366337e-01,7.665244830096136643e-06,1.000000000000066835e+00,1.007459599349669332e+00,2.132192724858260842e-05,1.007480921276918018e+00,9.999706838686455157e-01,1.559642609391683436e-06,2.165088659111802372e-05,6.105602220704453207e-06,7.488915481023816767e-03,1.976228463919092499e-05,7.467264594432698743e-03,1.365668241848647178e-05,0.000000000000000000e+00,0.000000000000000000e+00,3.619337299999642710e+00
1.386554621848739455e+00,9.999723503765510779e-01,1.005386236112446439e-07,9.999724509151747265e-01,2.754908482527351765e-05,9.999995986996932373e-01,4.013002140982355019e-07,9.999999999999072964e-01,1.001153572297319938e+00,3.153954987961701389e-06,1.001156726252308005e+00,9.999723503765510779e-01,1.005386236112446439e-07,2.724832314215941409e-05,3.007615904869908448e-07,1.181221920768860123e-03,3.053416364350456838e-06,1.153973597626700709e-03,2.752654773863465887e-06,0.000000000000000000e+00,0.000000000000000000e+00,3.587835799999993469e+00
1.398305084745762761e+00,1.000256582423723062e+00,1.250144438810111272e-08,1.000256594925167386e+00,2.565949251673860232e-04,9.999999579413229034e-01,4.205869534876383576e-08,1.000000000000018208e+00,9.986461367071900463e-01,-5.209052395544945661e-07,9.986456158019504370e-01,1.000256582423723062e+00,1.250144438810111272e-08,2.566244824001584490e-04,2.955725096066272304e-08,1.610445716533015492e-03,5.334066839425956756e-07,1.353821234132857043e-03,5.629639349032584482e-07,0.000000000000000000e+00,0.000000000000000000e+00,3.597809100000631588e+00
1.410256410256410131e+00,9.999367098912451679e-01,3.668658767161175412e-09,9.999367135599039891e-01,6.328644009601092080e-05,9.999999925196608741e-01,7.480241881283623330e-09,9.999999999999027445e-01,9.989067035713126153e-01,3.905730968062861530e-07,9.989070941444093688e-01,9.999367098912451679e-01,3.668658767161175412e-09,6.328262841570619912e-05,3.811583114122447919e-09,1.030006319932552650e-03,3.869044380391249900e-07,1.093288948348258849e-03,3.830928549250025429e-07,0.000000000000000000e+00,0.000000000000000000e+00,3.547709300000860821e+00
1.422413793103448176e+00,9.999686769172433376e-01,2.644496393911155573e-09,9.999686795617397372e-01,3.132043826026276179e-05,9.999999980647856779e-01,1.935250912020798961e-09,1.000000000000036637e+00,1.000236855103176836e+00,8.059680641857811409e-08,1.000236935699983176e+00,9.999686769172433376e-01,2.644496393911155573e-09,3.132114754234027743e-05,7.092454818903566115e-10,2.681781859334986251e-04,7.795231002466695769e-08,2.368570383911583477e-04,7.866155550655731430e-08,0.000000000000000000e+00,0.000000000000000000e+00,3.511354899998877954e+00
1.434782608695652106e+00,9.999703159927328944e-01,2.546507656239165077e-09,9.999703185392405658e-01,2.968146075943423057e-05,9.999999993932932041e-01,6.067362265809036078e-10,1.000000000000029532e+00,1.000859860372943277e+00,1.897732218191912611e-07,1.000860050146165081e+00,9.999703159927328944e-01,2.546507656239165077e-09,2.968340056030971397e-05,1.939771429658261676e-09,8.895443802103830677e-04,1.872267141629521002e-07,8.598609796500733538e-04,1.891664855926103495e-07,0.000000000000000000e+00,0.000000000000000000e+00,3.569752100000187056e+00
1.447368421052631637e+00,9.999696841342839981e-01,2.507009710767049298e-09,9.999696866412937091e-01,3.031335870629092710e-05,9.999999997821660269e-01,2.178233851776467943e-10,9.999999999999894529e-01,1.000183025686816718e+00,7.595564970729320300e-08,1.000183101642466488e+00,9.999696841342839981e-01,2.507009710767049298e-09,3.031564788202878447e-05,2.289186325589402684e-09,2.133415525327198026e-04,7.344863999652614832e-08,1.830259046506910181e-04,7.573782632211555597e-08,0.000000000000000000e+00,0.000000000000000000e+00,3.597665600000254926e+00
1.460176991150442527e+00,9.999719979878152198e-01,2.416709461772300322e-09,9.999720004045247190e-01,2.799959547528096948e-05,9.999999999130769757e-01,8.688932379494927451e-11,9.999999999999662492e-01,9.992313812098767567e-01,1.127286211581432397e-07,9.992314939384978612e-01,9.999719979878152198e-01,2.416709461772300322e-09,2.800192526175582231e-05,2.329820137977351008e-09,7.406167779384631444e-04,1.103119116963709423e-07,7.686187032002189667e-04,1.126417318343482855e-07,0.000000000000000000e+00,0.000000000000000000e+00,3.536995599999499973e+00
1.473214285714285809e+00,9.999740107544946577e-01,2.284047065272154252e-09,9.999740130385417203e-01,2.598696145827972259e-05,9.999999999620763358e-01,3.777258396326894279e-11,9.999999999998488986e-01,9.993132348875154447e-01,9.665960883546320586e-08,9.993133315471243172e-01,9.999740107544946577e-01,2.284047065272154252e-09,2.598920758167810874e-05,2.246274481308885148e-09,6.607758669792129780e-04,9.437556177019105120e-08,6.867650745608910867e-04,9.662183625149994131e-08,0.000000000000000000e+00,0.000000000000000000e+00,3.577916700000059791e+00
1.486486486486486402e+00,9.999759206030205405e-01,2.128883838691222776e-09,9.999759227319043875e-01,2.407726809561250292e-05,9.999999999823453445e-01,1.764977390805203181e-11,9.999999999999951150e-01,1.000323352377595620e+00,6.582108081175622524e-08,1.000323418198676428e+00,9.999759206030205405e-01,2.128883838691222776e-09,2.407937932480397336e-05,2.111234064783170909e-09,3.474317745750798991e-04,6.369219697306499956e-08,3.233523952502759258e-04,6.580343103784817047e-08,0.000000000000000000e+00,0.000000000000000000e+00,3.543972700001177145e+00
1.499999999999999778e+00,9.999778566872320473e-01,1.965992760611755941e-09,9.999778586532248603e-01,2.214134677513968086e-05,9.999999999912464466e-01,8.771991336047186936e-12,1.000000000000018430e+00,1.000815336436025493e+00,7.842800337573079578e-08,1.000815414864028918e+00,9.999778566872320473e-01,1.965992760611755941e-09,2.214330401439923435e-05,1.957220769275708565e-09,8.374797487934459994e-04,7.646201061511904191e-08,8.153364447790467651e-04,7.841923138439474799e-08,0.000000000000000000e+00,0.000000000000000000e+00,3.540329800000108662e+00
1.513761467889908285e+00,9.999797776431751384e-01,1.804512622251528236e-09,9.999797794476877888e-01,2.022055231221120408e-05,9.999999999953751439e-01,4.598968102070754833e-12,9.999999999999741318e-01,9.999804209044775849e-01,8.506015282841559071e-08,9.999805059646303951e-01,9.999797776431751384e-01,1.804512622251528236e-09,2.022235220000556666e-05,1.799913654149457417e-09,6.432613024465183571e-07,8.325564020616406619e-08,1.957909089755904830e-05,8.505555386031352113e-08,0.000000000000000000e+00,0.000000000000000000e+00,3.575705500001276960e+00
1.527777777777777679e+00,9.999816328666537579e-01,1.649635603064951854e-09,9.999816345162894082e-01,1.836548371059176787e-05,9.999999999975237586e-01,2.526809723843036913e-12,1.000000000000050626e+00,9.989566768584259293e-01,7.927408339683432267e-08,9.989567561325093381e-01,9.999816328666537579e-01,1.649635603064951854e-09,1.836713087000063638e-05,1.647108793341108742e-09,1.024956008227828619e-03,7.762444779376937247e-08,1.043323139097829255e-03,7.927155658711048556e-08,0.000000000000000000e+00,0.000000000000000000e+00,3.587757900000724476e+00
1.542056074766355200e+00,9.999833875246156856e-01,1.504065132107788525e-09,9.999833890286807803e-01,1.661097131921973613e-05,9.999999999985765831e-01,1.447811393617009375e-12,1.000000000000024425e+00,9.993705414720932545e-01,7.126362937434010936e-08,9.993706127357225855e-01,9.999833875246156856e-01,1.504065132107788525e-09,1.661247396089748918e-05,1.502617320714171592e-09,6.128460525224310729e-04,6.975956424223231566e-08,6.294585264833285621e-04,7.126218156294648891e-08,0.000000000000000000e+00,0.000000000000000000e+00,3.564712800000052084e+00
1.556603773584905648e+00,9.999850160148080480e-01,1.368984852576759071e-09,9.999850173837928624e-01,1.498261620713758902e-05,9.999999999991422417e-01,8.629772723568916400e-13,1.000000000000005329e+00,1.000820033759113548e+00,7.917327961775322171e-08,1.000820112932393258e+00,9.999850160148080480e-01,1.368984852576759071e-09,1.498398433419367848e-05,1.368121875304402264e-09,8.350177443054995763e-04,7.780429476517645829e-08,8.200337599713058978e-04,7.917241664048086883e-08,0.000000000000000000e+00,0.000000000000000000e+00,3.633110200000373879e+00
1.571428571428571397e+00,9.999864989754656541e-01,1.244658363501444423e-09,9.999865002201240305e-01,1.349977987596950868e-05,9.999999999994908517e-01,5.363595731135350511e-13,1.000000000000027311e+00,1.001095136638253891e+00,1.203736014009164153e-07,1.001095257011855200e+00,9.999864989754656541e-01,1.244658363501444423e-09,1.350102402519759437e-05,1.244122003928330833e-09,1.108637662788236611e-03,1.191289430374149665e-07,1.095136638763039016e-03,1.203730650413432938e-07,0.000000000000000000e+00,0.000000000000000000e+00,3.544729600000209757e+00
1.586538461538461453e+00,9.999878239006387837e-01,1.130796663667991675e-09,9.999878250314354622e-01,1.217496856453781362e-05,9.999999999996744826e-01,3.525947001820674834e-13,1.000000000000027089e+00,9.994325624656369422e-01,1.267552114925694551e-07,9.994326892208483804e-01,9.999878239006387837e-01,1.130796663667991675e-09,1.217609903569893959e-05,1.130444068967809509e-09,5.552614350018414413e-04,1.256244148289014726e-07,5.674375340375403809e-04,1.267548588978692841e-07,0.000000000000000000e+00,0.000000000000000000e+00,3.534051200000249082e+00
1.601941747572815489e+00,9.999889866441840081e-01,1.026793746388159162e-09,9.999889876709777692e-01,1.101232902223081567e-05,9.999999999996551647e-01,2.564311800846518822e-13,9.999999999999116262e-01,9.981918177029246442e-01,8.512050866250789207e-08,9.981919028234332858e-01,9.999889866441840081e-01,1.026793746388159162e-09,1.101335547115667168e-05,1.026537315208074580e-09,1.797168941259363883e-03,8.409371491611972711e-08,1.808182296730520555e-03,8.512025223132780624e-08,0.000000000000000000e+00,0.000000000000000000e+00,3.575849200000448036e+00
1.617647058823529438e+00,9.999899934570783966e-01,9.319032261227186506e-10,9.999899943889816178e-01,1.000561101838215450e-05,9.999999999997650768e-01,2.301258067386248899e-13,9.999999999999952260e-01,9.997056364538678963e-01,1.671166962125927852e-07,9.997058035705641554e-01,9.999899934570783966e-01,9.319032261227186506e-10,1.000654268668021984e-05,9.316731003159800008e-10,2.843570032105002809e-04,1.661847929864700705e-07,2.943635458971805008e-04,1.671164660867860383e-07,0.000000000000000000e+00,0.000000000000000000e+00,3.585083699999813689e+00
1.633663366336633782e+00,9.999908656006606389e-01,8.454256630358423360e-10,9.999908664460862573e-01,9.133553913742709085e-06,9.999999999996729283e-01,2.986368293397476112e-13,9.999999999999715783e-01,1.002189884457014069e+00,3.348506005177926866e-07,1.002190219307614649e+00,9.999908656006606389e-01,8.454256630358423360e-10,9.134399012289406983e-06,8.451270262065026244e-10,2.199018856353429641e-03,3.340051748547568567e-07,2.189884457341140234e-03,3.348503018809633309e-07,0.000000000000000000e+00,0.000000000000000000e+00,3.498385500000949833e+00
1.649999999999999911e+00,9.999916518064040361e-01,7.670217223327126218e-10,9.999916525734257045e-01,8.347426574295546686e-06,9.999999999993977040e-01,5.862505454099082041e-13,9.999999999999839018e-01,1.001447408087989599e+00,2.299596822014533799e-07,1.001447638047671784e+00,9.999916518064040361e-01,7.670217223327126218e-10,8.348192993667957751e-06,7.664354717873026695e-10,1.455756281585562917e-03,2.291926604791206567e-07,1.447408088591894959e-03,2.299590959509079611e-07,0.000000000000000000e+00,0.000000000000000000e+00,3.574050499999430031e+00
1.666666666666666741e+00,9.999924432062675672e-01,6.974576543381484787e-10,9.999924439037252144e-01,7.556096274785595313e-06,9.999999999984801047e-01,1.543779564526255915e-12,1.000000000000023981e+00,9.975012767847624140e-01,1.505944005216923040e-07,9.975014273791629194e-01,9.999924432062675672e-01,6.974576543381484787e-10,7.556792212537466469e-06,6.959138747736221973e-10,2.491166421505153217e-03,1.498969428673541513e-07,2.498723213717690683e-03,1.505928567421277688e-07,0.000000000000000000e+00,0.000000000000000000e+00,3.497940799999923911e+00
1.683673469387754862e+00,9.999932109615234932e-01,6.408630173435347008e-10,9.999932116023865225e-01,6.788397613477492598e-06,9.999999999951423302e-01,4.869303166932303192e-12,1.000000000000011546e+00,9.963990382391968437e-01,9.689043087493930348e-07,9.964000071435056283e-01,9.999932109615234932e-01,6.408630173435347008e-10,6.789033618836981532e-06,6.359937141766023928e-10,3.594172722326649527e-03,9.682634457320494612e-07,3.600961755945486509e-03,9.688994394462261982e-07,0.000000000000000000e+00,0.000000000000000000e+00,3.557169699999576551e+00
1.701030927835051498e+00,9.999922186798595458e-01,6.132136168177989511e-10,9.999922192930731368e-01,7.780706926863167894e-06,9.999999999823361296e-01,1.766386083767491306e-11,1.000000000000000000e+00,1.001904637150577093e+00,1.336586784388595383e-06,1.001905973737361455e+00,9.999922186798595458e-01,6.132136168177989511e-10,7.781302476583817906e-06,5.955497559801240542e-10,1.912418470717547336e-03,1.335973570771777509e-06,1.904637168240963518e-03,1.336569120527757689e-06,0.000000000000000000e+00,0.000000000000000000e+00,3.520705199998701573e+00
1.718750000000000000e+00,9.999842173330741879e-01,6.829031262814392047e-10,9.999842180159773664e-01,1.578198402263364386e-05,9.999999999256345973e-01,7.436026332817454304e-11,9.999999999999948930e-01,1.007066611921690003e+00,-8.063124814324679958e-07,1.007065805609208553e+00,9.999842173330741879e-01,6.829031262814392047e-10,1.578259256040936975e-05,6.085428629532647134e-10,7.082394588615814612e-03,8.069953845587494635e-07,7.066611996055405243e-03,8.063868416957962058e-07,0.000000000000000000e+00,0.000000000000000000e+00,3.590130399999907240e+00
1.736842105263158187e+00,1.000175683812699612e+00,1.233778001468728492e-09,1.000175685046477581e+00,1.756850464775805420e-04,9.999999996185731099e-01,3.814184878262924002e-10,9.999999999999915623e-01,1.000469235063291107e+00,6.189307864676150740e-06,1.000475424371155775e+00,1.000175683812699612e+00,1.233778001468728492e-09,1.756841941265019358e-04,8.523595136424360919e-10,2.935512505914950054e-04,6.188074086674682397e-06,4.692354447179969412e-04,6.188926446188324809e-06,0.000000000000000000e+00,0.000000000000000000e+00,3.557787299998381059e+00
1.755319148936170137e+00,1.000278467172530661e+00,5.485709211589581473e-09,1.000278472658239881e+00,2.784726582398810990e-04,9.999999973476684234e-01,2.652319494074828390e-09,9.999999999999878986e-01,9.845435044187732521e-01,-4.694992577213151196e-07,9.845430349195155584e-01,1.000278467172530661e+00,5.485709211589581473e-09,2.784698248622374805e-04,2.833389717514753084e-09,1.573496275375740883e-02,4.749849669329047209e-07,1.545649292889517135e-02,4.721515772153899492e-07,0.000000000000000000e+00,0.000000000000000000e+00,3.538952799999606214e+00
1.774193548387096975e+00,9.998952314710946032e-01,7.017417970589985873e-08,9.998953016452742926e-01,1.046983547257074321e-04,9.999999691721987993e-01,3.082777900861555810e-08,9.999999999999777955e-01,9.871258804441460644e-01,1.148641082479169642e-05,9.871373668549708880e-01,9.998952314710946032e-01,7.017417970589985873e-08,1.047377011041961126e-04,3.934640069728430063e-08,1.276935102694853885e-02,1.141623664508579587e-05,1.287408872805273496e-02,1.145558304578308055e-05,0.000000000000000000e+00,0.000000000000000000e+00,3.553014999999504653e+00
1.793478260869565188e+00,9.986727348147079741e-01,1.317674828398040718e-03,9.999904096431060374e-01,9.590356893962592721e-06,9.992754973084159165e-01,7.245026915824577746e-04,9.999999999999983347e-01,1.140048885592520378e+00,2.127950058312509749e-03,1.142176835650832833e+00,9.986727348147079741e-01,1.317674828398040718e-03,6.027624937079423262e-04,5.931721368155829432e-04,1.413761507778124038e-01,8.102752299144690314e-04,1.407733882841044615e-01,1.403447366730052083e-03,0.000000000000000000e+00,0.000000000000000000e+00,3.501933999999891967e+00
1.813186813186813184e+00,9.998936708490313574e-01,1.016474094476070155e-04,9.999953182584789824e-01,4.681741521017634966e-06,9.998677073516119007e-01,1.322926483730771786e-04,9.999999999999849010e-01,9.539263297989956092e-01,2.437573153228975577e-04,9.541700871143184992e-01,9.998936708490313574e-01,1.016474094476070155e-04,2.596349741945669365e-05,3.064523892547016317e-05,4.596734105003574822e-02,1.421099058752905422e-04,4.594137755261629152e-02,1.114646669498203790e-04,0.000000000000000000e+00,0.000000000000000000e+00,3.536686700001155259e+00
1.833333333333333481e+00,9.923019479898910200e-01,7.686195911458899507e-03,9.999881439013499351e-01,1.185609865006487240e-05,9.882432128113086689e-01,1.175678718872651130e-02,1.000000000000035083e+00,1.042970474969699302e+00,4.328695482775545000e-02,1.086257429797454765e+00,9.923019479898910200e-01,7.686195911458899507e-03,4.058735178582351111e-03,4.070591277267611788e-03,5.066852697980828157e-02,3.560075891629654876e-02,5.472726215839063268e-02,3.153016763902893871e-02,0.000000000000000000e+00,0.000000000000000000e+00,3.456576000000495696e+00
1.853932584269663231e+00,8.431169111079491740e-01,1.568595978402669844e-01,9.999765089482162139e-01,2.349105178378607661e-05,9.618034633736165517e-01,3.819653662637736286e-02,9.999999999999938938e-01,9.543777292922843714e-01,4.107430880662461814e-02,9.954520380989090311e-01,8.431169111079491740e-01,1.568595978402669844e-01,1.186865522656673777e-01,1.186630612138896146e-01,1.112608181843351973e-01,1.157852890336423662e-01,7.425734081332180381e-03,2.877772180247255285e-03,0.000000000000000000e+00,0.000000000000000000e+00,3.561218500000904896e+00
1.875000000000000000e+00,9.674714549210692294e-01,3.251571738265030681e-02,9.999871723037195848e-01,1.282769628041524612e-05,7.448634384759345028e-01,2.551365615239433171e-01,9.999999999998778755e-01,7.675378679337895305e-01,1.527393912334787662e-01,9.202772591672683244e-01,9.674714549210692294e-01,3.251571738265030681e-02,2.226080164451347265e-01,2.226208441412930172e-01,1.999335869872796989e-01,1.202236738508284664e-01,2.267442945785502761e-02,1.023971702904645509e-01,0.000000000000000000e+00,0.000000000000000000e+00,3.541692200000397861e+00
1.896551724137931272e+00,8.854480076160504698e-01,1.145465954940162734e-01,9.999946031100667154e-01,5.396889933284576557e-06,9.485175228470390518e-01,5.148247715296067756e-02,9.999999999999996669e-01,8.932551485794326673e-01,5.499481641676241817e-02,9.482499649961950716e-01,8.854480076160504698e-01,1.145465954940162734e-01,6.306951523098858203e-02,6.306411834105560277e-02,7.807140963382197540e-03,5.955177907725385522e-02,5.526237426760638449e-02,3.512339263801740608e-03,0.000000000000000000e+00,0.000000000000000000e+00,3.541258699999161763e+00
1.918604651162790553e+00,9.810432672645820196e-01,1.894629046090596722e-02,9.999895577254880319e-01,1.044227451196810819e-05,8.222716087990824541e-01,1.777283912009695044e-01,1.000000000000051958e+00,8.014264450620351976e-01,1.861034106750301120e-01,9.875298557370653096e-01,9.810432672645820196e-01,1.894629046090596722e-02,1.587716584654995655e-01,1.587821007400635476e-01,1.796168222025468220e-01,1.671571202141241552e-01,2.084516373704725645e-02,8.375019474060607649e-03,0.000000000000000000e+00,0.000000000000000000e+00,3.558859200000370038e+00
1.941176470588235281e+00,8.908821572372975783e-01,1.091130778263062207e-01,9.999952350636037712e-01,4.764936396228769411e-06,8.334731958264085527e-01,1.665268041735472881e-01,9.999999999999558131e-01,8.417767024855395963e-01,1.593915421367851637e-01,1.001168244622324677e+00,8.908821572372975783e-01,1.091130778263062207e-01,5.740896141088902560e-02,5.741372634724106749e-02,4.910545475175798202e-02,5.027846431047894304e-02,8.303506659131043577e-03,7.135262036762124449e-03,0.000000000000000000e+00,0.000000000000000000e+00,3.553625200000169571e+00
1.964285714285714413e+00,9.451967574058276478e-01,5.479501874918114857e-02,9.999917761550087825e-01,8.223844991217532652e-06,9.258678044226179571e-01,7.413219557740252652e-02,1.000000000000020428e+00,9.610259310277344813e-01,8.637689760657027427e-02,1.047402828634304672e+00,9.451967574058276478e-01,5.479501874918114857e-02,1.932895298320969069e-02,1.933717682822137796e-02,1.582917362190683352e-02,3.158187885738912570e-02,3.515812660511652421e-02,1.224470202916774775e-02,0.000000000000000000e+00,0.000000000000000000e+00,3.583794199999829289e+00
1.987951807228915513e+00,8.449523159532493777e-01,1.550426692706563525e-01,9.999949852239057302e-01,5.014776094269812745e-06,7.950609245657646040e-01,2.049390754342405585e-01,1.000000000000005107e+00,7.895635082468328569e-01,2.148501293233901766e-01,1.004413637570223061e+00,8.449523159532493777e-01,1.550426692706563525e-01,4.989139138748477365e-02,4.989640616358420599e-02,5.538880770641652074e-02,5.980746005273382404e-02,5.497416318931747092e-03,9.911053889149618046e-03,0.000000000000000000e+00,0.000000000000000000e+00,3.564652899998691282e+00
2.012195121951219523e+00,8.623961176902427139e-01,1.376008390429706019e-01,9.999969567332133158e-01,3.043266786684206693e-06,8.035623270303419163e-01,1.964376729696510060e-01,9.999999999999928946e-01,7.847458434204597211e-01,1.986042088754460533e-01,9.833500522959057744e-01,8.623961176902427139e-01,1.376008390429706019e-01,5.883379065990079759e-02,5.883683392668040413e-02,7.765027426978299285e-02,6.100336983247545142e-02,1.881648360988219526e-02,2.166535905795047290e-03,0.000000000000000000e+00,0.000000000000000000e+00,3.574365199998283060e+00
2.037037037037037202e+00,8.176630783213111320e-01,1.823362413819576699e-01,9.999993197032688297e-01,6.802967311703156383e-07,7.506203850734850525e-01,2.493796149264705109e-01,9.999999999999554801e-01,7.468109829552330714e-01,2.537832463869262867e-01,1.000594229342159469e+00,8.176630783213111320e-01,1.823362413819576699e-01,6.704269324782607953e-02,6.704337354451284092e-02,7.085209536607806058e-02,7.144700500496861673e-02,3.809402118251981051e-03,4.403631460455775803e-03,0.000000000000000000e+00,0.000000000000000000e+00,3.464350899999772082e+00
2.062500000000000000e+00,5.041219867438538893e-01,4.958695185618284262e-01,9.999915053056822600e-01,8.494694317739970302e-06,7.874750892777913069e-01,2.125249107222244582e-01,1.000000000000015765e+00,8.024568322427305667e-01,2.164538554469165321e-01,1.018910687689646988e+00,5.041219867438538893e-01,4.958695185618284262e-01,2.833531025339374176e-01,2.833446078396039680e-01,2.983348454988766774e-01,2.794156631149118941e-01,1.498174296493925972e-02,3.928944724692073898e-03,0.000000000000000000e+00,0.000000000000000000e+00,3.538393999999243533e+00
2.088607594936708889e+00,9.349692316915316770e-01,6.502456923543263601e-02,9.999938009269643269e-01,6.199073035673130505e-06,9.204207283876538748e-01,7.957927161235034408e-02,1.000000000000004219e+00,9.266515484885766707e-01,8.078744418670319449e-02,1.007438992675279810e+00,9.349692316915316770e-01,6.502456923543263601e-02,1.454850330387780222e-02,1.455470237691770807e-02,8.317683202955006294e-03,1.576287495127055849e-02,6.230820100922795923e-03,1.208172574352850415e-03,0.000000000000000000e+00,0.000000000000000000e+00,3.624127400000361376e+00
2.115384615384615419e+00,7.490283691412835676e-01,2.509666826086205949e-01,9.999950517499041069e-01,4.948250095893058642e-06,7.402995191381239737e-01,2.597004808618972871e-01,1.000000000000021316e+00,7.235331815657735088e-01,2.554242597045258134e-01,9.789574412702992667e-01,7.490283691412835676e-01,2.509666826086205949e-01,8.728850003159593918e-03,8.733798253276692236e-03,2.549518757551005876e-02,4.457577095905218556e-03,1.676633757235046485e-02,4.276221157371473680e-03,0.000000000000000000e+00,0.000000000000000000e+00,3.580600600000252598e+00
2.142857142857142794e+00,7.374837599881728378e-01,2.625113896613318065e-01,9.999951496495046444e-01,4.850350495355648661e-06,7.660064050029100624e-01,2.339935949971321261e-01,1.000000000000042188e+00,7.627983106140034941e-01,2.358930733566516613e-01,9.986913839706551554e-01,7.374837599881728378e-01,2.625113896613318065e-01,2.852264501473722458e-02,2.851779466419968045e-02,2.531455062583065629e-02,2.661831630468014520e-02,3.208094388906568284e-03,1.899478359519535253e-03,0.000000000000000000e+00,0.000000000000000000e+00,3.524268099999972037e+00
2.171052631578947345e+00,6.037448833371339418e-01,3.962525171564340587e-01,9.999974004935680005e-01,2.599506431999465406e-06,6.931031054426595173e-01,3.068968945573522511e-01,1.000000000000011768e+00,6.948671534800202609e-01,3.081595036887034289e-01,1.003026657168723634e+00,6.037448833371339418e-01,3.962525171564340587e-01,8.935822210552557543e-02,8.935562259908180760e-02,9.112227014288631910e-02,8.809301346773062980e-02,1.764048037360743670e-03,1.262609131351177805e-03,0.000000000000000000e+00,0.000000000000000000e+00,3.533336500000586966e+00
2.200000000000000178e+00,7.944940471402300863e-01,2.055006071183352045e-01,9.999946542585652631e-01,5.345741434736872577e-06,8.070035425639020543e-01,1.929964574360002183e-01,9.999999999999023004e-01,8.278692903280814308e-01,1.907749293661928358e-01,1.018644219694274211e+00,7.944940471402300863e-01,2.055006071183352045e-01,1.250949542367196798e-02,1.250414968233498625e-02,3.337524318785134447e-02,1.472567775214236874e-02,2.086574776417937649e-02,2.221528069807382488e-03,0.000000000000000000e+00,0.000000000000000000e+00,3.517289700001128949e+00
2.229729729729729826e+00,7.615743432396505641e-01,2.384081825319493420e-01,9.999825257715999616e-01,1.747422840003842737e-05,7.510285673733372303e-01,2.489714326266304623e-01,9.999999999999676925e-01,7.401692600970694036e-01,2.510436945266036335e-01,9.912129546236729816e-01,7.615743432396505641e-01,2.384081825319493420e-01,1.054577586631333386e-02,1.056325009468112031e-02,2.140508314258116052e-02,1.263551199465429153e-02,1.085930727626782666e-02,2.072261899973171229e-03,0.000000000000000000e+00,0.000000000000000000e+00,3.554537899999559158e+00
2.260273972602739878e+00,5.518927348554610868e-01,4.480809801401000048e-01,9.999737149955610915e-01,2.628500443890846583e-05,7.605935368193139645e-01,2.394064631807489851e-01,1.000000000000063061e+00,7.455104790136136694e-01,2.341673790647190168e-01,9.796778580783327417e-01,5.518927348554610868e-01,4.480809801401000048e-01,2.087008019638528777e-01,2.086745169593510196e-01,1.936177441581525827e-01,2.139136010753809880e-01,1.508305780570029508e-02,5.239084116029968374e-03,0.000000000000000000e+00,0.000000000000000000e+00,3.540813099998558755e+00
2.291666666666666963e+00,6.712087862597074794e-01,3.291453400020145637e-01,1.000354126261722154e+00,3.541262617221541120e-04,6.826828509113835874e-01,3.173171490886210755e-01,1.000000000000004663e+00,6.559881785225092354e-01,3.260467738936932980e-01,9.820349524162025334e-01,6.712087862597074794e-01,3.291453400020145637e-01,1.147406465167610801e-02,1.182819091339348816e-02,1.522060773719824400e-02,3.098566108321265666e-03,2.669467238887435201e-02,8.729624805072222493e-03,0.000000000000000000e+00,0.000000000000000000e+00,3.560722900001564994e+00
2.323943661971830998e+00,6.525387807425169218e-01,3.503156666374775408e-01,1.002854447379994518e+00,2.854447379994518030e-03,6.896660870600701543e-01,3.103339129405456309e-01,1.000000000000615952e+00,7.182332126984531939e-01,3.142408892294589196e-01,1.032474101927912002e+00,6.525387807425169218e-01,3.503156666374775408e-01,3.712730631755323252e-02,3.998175369693190984e-02,6.569443195593627216e-02,3.607477740801862121e-02,2.856712563838303964e-02,3.906976288913288631e-03,0.000000000000000000e+00,0.000000000000000000e+00,3.456187800000407151e+00
2.357142857142857206e+00,8.138114221659354941e-01,1.888556063622239822e-01,1.002667028528159587e+00,2.667028528159587353e-03,5.871240374834894027e-01,4.128759625165243641e-01,1.000000000000013767e+00,7.039728743363485863e-01,3.366336444171120212e-01,1.040606518753460552e+00,8.138114221659354941e-01,1.888556063622239822e-01,2.266873846824460914e-01,2.240203561543003818e-01,1.098385478295869078e-01,1.477780380548880390e-01,1.168488368528591836e-01,7.624231809941234284e-02,0.000000000000000000e+00,0.000000000000000000e+00,3.407251900000119349e+00
2.391304347826086918e+00,5.186798314514597941e-01,4.807872090428809697e-01,9.994670404943407638e-01,5.329595056592362212e-04,5.412621986105322636e-01,4.587378013895940798e-01,1.000000000000126343e+00,4.576047996518765593e-01,5.033654317649279841e-01,9.609702314168044879e-01,5.186798314514597941e-01,4.807872090428809697e-01,2.258236715907246950e-02,2.204940765328688990e-02,6.107503179958323480e-02,2.257822272204701441e-02,8.365739895865570430e-02,4.462763037533390431e-02,0.000000000000000000e+00,0.000000000000000000e+00,2.978219900000112830e+00
