wavelength_um,R,T,R_plus_T,energy_error,symmetry_error,fem_time_s,postprocess_time_s,total_point_time_s,source_time_s,matrix_build_time_s,linear_solve_time_s,reconstruction_time_s
2.999999999999999889e-01,2.143669594279593860e-01,7.856706644978657117e-01,1.000037623925825070e+00,3.762392582506990379e-05,4.200061055320558623e-05,4.863178000000516477e-01,1.180862999999590102e-01,6.044041000000106578e-01,2.408210000021426822e-02,5.534999999781575752e-03,4.498505000001387089e-01,5.764600000020436710e-03
3.049999999999999933e-01,8.418892644320333241e-02,9.158847119595583397e-01,1.000073638402761755e+00,7.363840276175537269e-05,2.142751152023336658e-05,5.098235999998905754e-01,1.033314000001155364e-01,6.131550000000061118e-01,2.574060000006284099e-02,5.119500000091647962e-03,4.720891000001756765e-01,5.623799999739276245e-03
3.099999999999999978e-01,1.614566053258948697e-01,8.386806827829464961e-01,1.000137288108841283e+00,1.372881088412825079e-04,1.649542921491886638e-05,5.109981000000516360e-01,1.018670999997084436e-01,6.128651999997600797e-01,2.723120000018752762e-02,5.811099999846192077e-03,4.711333999998714717e-01,5.604100000255129999e-03
3.150000000000000022e-01,3.264039528858870831e-01,6.737289384316035301e-01,1.000132891317490724e+00,1.328913174907242478e-04,3.429702108209697897e-05,4.930618000003050838e-01,1.639199999999618740e-02,5.094538000003012712e-01,2.285630000005767215e-02,4.352500000095460564e-03,4.604027999998834275e-01,4.593800000293413177e-03
3.200000000000000067e-01,2.233757478890469328e-01,7.769495466105653669e-01,1.000325294499612383e+00,3.252944996123829924e-04,3.406042201925529866e-05,4.868882999999186723e-01,1.572529999975813553e-02,5.026135999996768078e-01,2.323290000003908062e-02,4.400599999826226849e-03,4.532198000001699256e-01,5.213500000081694452e-03
3.250000000000000111e-01,2.498426479218673890e-01,7.503916073372375317e-01,1.000234255259104810e+00,2.342552591048097099e-04,2.306556304660506429e-05,4.887984000001779350e-01,1.619979999986753683e-02,5.049982000000454718e-01,2.289189999964946765e-02,4.417999999986932380e-03,4.550953000002664339e-01,5.471800000123039354e-03
3.299999999999999600e-01,1.739897183478217868e-01,8.263302856102121563e-01,1.000320003958033999e+00,3.200039580339986145e-04,1.956926138302339524e-05,6.317425000002003799e-01,1.649300000008224742e-02,6.482355000002826273e-01,2.219809999996869010e-02,3.995799999756854959e-03,5.984783000003517373e-01,6.391299999904731521e-03
3.349999999999999645e-01,1.685654241386940200e-01,8.306742932415240865e-01,9.992397173802181065e-01,7.602826197818934872e-04,6.456486329228360715e-06,5.126846999996814702e-01,1.595230000020819716e-02,5.286369999998896674e-01,2.514169999994919635e-02,3.870699999879434472e-03,4.780455000000074506e-01,4.785999999967316398e-03
3.399999999999999689e-01,1.637875518240562989e-01,8.363503004767757210e-01,1.000137852300831964e+00,1.378523008319643139e-04,2.797438607161917279e-05,6.108910999996624014e-01,1.565329999993991805e-02,6.265443999996023194e-01,3.330129999994824175e-02,4.963699999734672019e-03,5.674681000000418862e-01,3.972599999997328268e-03
3.449999999999999734e-01,2.756802001885796383e-01,7.244958274818327215e-01,1.000176027670412360e+00,1.760276704123597824e-04,2.341965502224152562e-05,6.238501000002543151e-01,1.649659999975483515e-02,6.403467000000091502e-01,2.280139999993480160e-02,5.998499999805062544e-03,5.893833000000086031e-01,4.635499999949388439e-03
3.499999999999999778e-01,4.048729891297269678e-01,5.952277043645488597e-01,1.000100693494275772e+00,1.006934942757720108e-04,9.721992790853728472e-06,5.587418000000070606e-01,1.604319999978542910e-02,5.747849999997924897e-01,2.219639999975697719e-02,4.382999999961612048e-03,5.258864000002176908e-01,5.349300000034418190e-03
3.549999999999999822e-01,1.112542626963165804e-01,8.888969551754586362e-01,1.000151217871775300e+00,1.512178717752998836e-04,1.374001717256712052e-05,5.346696000001429638e-01,1.667499999985011527e-02,5.513445999999930791e-01,2.692790000037348364e-02,3.923899999790592119e-03,4.982722999998259183e-01,4.669900000408233609e-03
3.599999999999999867e-01,2.550345873721837631e-01,7.451498619563161618e-01,1.000184449328499925e+00,1.844493284999249028e-04,2.900247714138215471e-05,5.913012999999409658e-01,1.510439999992740923e-02,6.064056999998683750e-01,2.313589999994292157e-02,4.699300000083894702e-03,5.582001000002492219e-01,4.362399999990884680e-03
3.649999999999999911e-01,2.092845723941823000e-01,7.908645798860094445e-01,1.000149152280191744e+00,1.491522801917444241e-04,9.943649670711429689e-06,4.967124999998304702e-01,1.615380000021104934e-02,5.128663000000415195e-01,2.787489999991521472e-02,5.712399999993067468e-03,4.581253999999717053e-01,4.178200000296783401e-03
3.699999999999999956e-01,2.077110950734396833e-01,7.924796531619192619e-01,1.000190748235358917e+00,1.907482353589173840e-04,2.075019131714261889e-05,5.961765000001832959e-01,1.783579999982976005e-02,6.140123000000130560e-01,3.106609999986176263e-02,6.278800000018236460e-03,5.519868000001224573e-01,5.362599999898520764e-03
3.750000000000000000e-01,2.799172241958204910e-01,7.201612333161386825e-01,1.000078457511959229e+00,7.845751195922900934e-05,1.674782191735113557e-05,5.049198000001524633e-01,2.499499999976251274e-02,5.299147999999149761e-01,2.546100000017759157e-02,5.848699999660311732e-03,4.668115000004036119e-01,5.749099999775353353e-03
3.800000000000000044e-01,1.741304804469889222e-01,8.259289803067570990e-01,1.000059460753746077e+00,5.946075374607673325e-05,1.196353750754219902e-05,4.952113999997891369e-01,2.463270000043848995e-02,5.198441000002276269e-01,2.819140000019615400e-02,3.641700000116543379e-03,4.564828999996279890e-01,5.902800000058050500e-03
3.850000000000000089e-01,1.306352105236447403e-01,8.694365800263905708e-01,1.000071790550035367e+00,7.179055003536660706e-05,8.038761312320619190e-06,5.339173000002119807e-01,2.544709999983751914e-02,5.593644000000494998e-01,2.151860000003580353e-02,4.089199999725678936e-03,5.017402000003130524e-01,5.496199999925011070e-03
3.900000000000000133e-01,1.218459306155998123e-01,8.782421748192230648e-01,1.000088105434822960e+00,8.810543482296040452e-05,6.835007512362434312e-06,4.591483999997763021e-01,1.583940000000438886e-02,4.749877999997806910e-01,3.198679999968589982e-02,4.683200000272336183e-03,4.174362999997356383e-01,4.114700000172888394e-03
3.950000000000000178e-01,1.315030416776374889e-01,8.685970613663358542e-01,1.000100103043973343e+00,1.001030439733430200e-04,4.276652017132231975e-06,7.242483999998512445e-01,2.465949999987060437e-02,7.489078999997218489e-01,3.188480000017079874e-02,4.838500000005296897e-03,6.810692999997627339e-01,5.304700000124284998e-03
4.000000000000000222e-01,2.547754687165932341e-01,7.453186574584609314e-01,1.000094126175054221e+00,9.412617505422105069e-05,7.384271424895616498e-06,6.692109999999047432e-01,1.650459999973463709e-02,6.857155999996393803e-01,3.091519999998126877e-02,4.899099999875033973e-03,6.284288000001652108e-01,3.961399999752757140e-03
4.049999999999999711e-01,2.870874369683714122e-01,7.129717528501984258e-01,1.000059189818569783e+00,5.918981856978255962e-05,4.056369632902956379e-06,5.007744999998067215e-01,1.604069999984858441e-02,5.168151999996553059e-01,2.063150000003588502e-02,4.890599999725964153e-03,4.704185000000506989e-01,4.025400000045920024e-03
4.099999999999999756e-01,1.962525042100994321e-01,8.038019290755042956e-01,1.000054433285603839e+00,5.443328560383875470e-05,4.987388969993067356e-06,6.141201999998884276e-01,2.514780000001337612e-02,6.392679999999018037e-01,3.223549999984243186e-02,6.021400000008725328e-03,5.690626000000520435e-01,5.733299999974406091e-03
4.149999999999999800e-01,2.626047510185384737e-01,7.374564692553192691e-01,1.000061220273857687e+00,6.122027385768724628e-05,1.260961400723070724e-05,5.779437999999572639e-01,1.591869999992923113e-02,5.938624999998864951e-01,2.339900000015404657e-02,4.549499999939143891e-03,5.447346000000834465e-01,4.327099999954953091e-03
4.199999999999999845e-01,1.217702890842483898e-01,8.782635933860818422e-01,1.000033882470330315e+00,3.388247033031532851e-05,2.463259364635095316e-06,5.304626000001917419e-01,2.577259999998204876e-02,5.562352000001737906e-01,2.082930000005944748e-02,4.607500000020081643e-03,4.982640999996874598e-01,5.691200000001117587e-03
4.249999999999999889e-01,9.110870820532611380e-02,9.089148523121575174e-01,1.000023560517483645e+00,2.356051748364507148e-05,2.418702979942177755e-06,4.565664000001561362e-01,1.562960000001112348e-02,4.721960000001672597e-01,2.084639999975479441e-02,3.837100000055215787e-03,4.266284000000268861e-01,4.380100000162201468e-03
4.299999999999999933e-01,8.121569545353521380e-02,9.188029256325793703e-01,1.000018621086114612e+00,1.862108611461188445e-05,2.541876868628056840e-06,5.305132000003141002e-01,2.551049999965471216e-02,5.560236999999688123e-01,2.523140000039347797e-02,5.016899999645829666e-03,4.938383000003341294e-01,5.351399999653949635e-03
4.349999999999999978e-01,8.483314411963549517e-02,9.151858782540261972e-01,1.000019022373661581e+00,1.902237366158132659e-05,3.492246600192427941e-06,4.897120000000541040e-01,1.544280000007347553e-02,5.051548000001275796e-01,3.310299999975541141e-02,5.164000000149826519e-03,4.445694000000912638e-01,5.742100000134087168e-03
4.400000000000000022e-01,9.993895576172405482e-02,9.000827704828190390e-01,1.000021726244542997e+00,2.172624454299665331e-05,5.809657075681040617e-06,4.946193000000675966e-01,1.583110000001397566e-02,5.104504000000815722e-01,2.221980000012990786e-02,3.806899999744928209e-03,4.634736000002703804e-01,4.246399999829009175e-03
4.449999999999999512e-01,1.359409059825507360e-01,8.640788742657584676e-01,1.000019780248309287e+00,1.978024830928681865e-05,6.989950147667789437e-06,4.649938000002293848e-01,1.597390000006271293e-02,4.809677000002920977e-01,2.482310000004872563e-02,4.284399999960442074e-03,4.304170000000340224e-01,4.541400000107387314e-03
4.499999999999999556e-01,1.873150523683936031e-01,8.126951491963002594e-01,1.000010201564693890e+00,1.020156469389021936e-05,4.691739088985569239e-06,4.745963000000301690e-01,1.620109999976193649e-02,4.907973999997921055e-01,2.166360000001077424e-02,3.820299999915732769e-03,4.441089000001738896e-01,4.127199999857111834e-03
4.549999999999999600e-01,2.254029975269818131e-01,7.745961328754211728e-01,9.999991304024029581e-01,8.695975970418601264e-07,2.308656065569403282e-06,4.890854000000217638e-01,1.643490000014935504e-02,5.055203000001711189e-01,2.196090000006734044e-02,4.959400000188907143e-03,4.570562999997491715e-01,4.208000000289757736e-03
4.599999999999999645e-01,2.385734168751802720e-01,7.614172284650148059e-01,9.999906453401951056e-01,9.354659804894360775e-06,1.203151545198233308e-06,5.544739000001754903e-01,1.959089999991192599e-02,5.740648000000874163e-01,2.255480000030729570e-02,4.071500000009109499e-03,5.226179999999658321e-01,4.376800000045477645e-03
4.649999999999999689e-01,2.359366810670220915e-01,7.640471944288568240e-01,9.999838754958789711e-01,1.612450412102894859e-05,1.535100660587929156e-06,5.543368000003283669e-01,1.668479999989358475e-02,5.710216000002219516e-01,2.251329999990048236e-02,4.489099999773316085e-03,5.215708000000631728e-01,4.897400000118068419e-03
4.699999999999999734e-01,1.070096467650697991e-01,8.929676775041536230e-01,9.999773242692233666e-01,2.267573077663342929e-05,1.465341094660302379e-06,5.633655000001454027e-01,1.591090000010808581e-02,5.792764000002534885e-01,2.292299999999158899e-02,4.706100000021251617e-03,5.308823000000302272e-01,4.057699999975739047e-03
4.749999999999999778e-01,9.718147240211764959e-02,9.028131063829812897e-01,9.999945787850988976e-01,5.421214901102366923e-06,1.397140411113495517e-06,5.708144999998694402e-01,1.551180000024032779e-02,5.863263000001097680e-01,3.499039999996966799e-02,5.078199999843491241e-03,5.245745000001988956e-01,5.272299999887763988e-03
4.799999999999999822e-01,7.891693834689500475e-02,9.210744719337400355e-01,9.999914102806350957e-01,8.589719364904269128e-06,1.504061708679227394e-06,4.961523000001761829e-01,1.524189999963709852e-02,5.113941999998132815e-01,2.134029999979247805e-02,5.014700000174343586e-03,4.648597000000336266e-01,4.102099999727215618e-03
4.849999999999999867e-01,5.587384244659700239e-02,9.441188864685456927e-01,9.999927289151426812e-01,7.271084857318754757e-06,1.635583988593425353e-06,4.514113999998699001e-01,1.556280000022525201e-02,4.669742000000951521e-01,2.266059999965364113e-02,4.225200000291806646e-03,4.194792999996934668e-01,4.111300000204209937e-03
4.899999999999999911e-01,4.546270171647076586e-02,9.545255813437114600e-01,9.999882830601822814e-01,1.171693981771859683e-05,1.685462981258767368e-06,4.748463000000811007e-01,2.483279999978549313e-02,4.996790999998665939e-01,2.222430000028907671e-02,4.355699999905482400e-03,4.413220999999794003e-01,5.849600000146892853e-03
4.949999999999999956e-01,5.135258378954479092e-02,9.487043232080287769e-01,1.000056906997573547e+00,5.690699757354700239e-05,1.542398569184810775e-06,4.717614999999568681e-01,2.501740000025165500e-02,4.967789000002085231e-01,2.154979999977513216e-02,4.255499999999301508e-03,4.398661000000174681e-01,5.069800000001123408e-03
5.000000000000000000e-01,3.493403714855486397e-02,9.269371313635570431e-01,9.618711685121119626e-01,3.812883148788803744e-02,9.009628103018307854e-06,4.774840000000040163e-01,2.487310000014986144e-02,5.023571000001538778e-01,2.533970000013141544e-02,5.329600000095524592e-03,4.404015000000072177e-01,5.344900000181951327e-03
5.050000000000000044e-01,3.596251287485405790e-01,6.356819686488504040e-01,9.953070973973909830e-01,4.692902602609017038e-03,4.656991816939792805e-06,5.107669999997597188e-01,1.483270000017000712e-02,5.255996999999297259e-01,2.979460000005929032e-02,5.278999999973166268e-03,4.705502000001615670e-01,3.821299999799521174e-03
5.100000000000000089e-01,3.808928076097924387e-01,6.192396352335360898e-01,1.000132442843328473e+00,1.324428433284730033e-04,2.971908504525999639e-06,4.723963000001276669e-01,1.480869999977585394e-02,4.872049999999035208e-01,2.466210000011415104e-02,3.652099999726488022e-03,4.385411000002932269e-01,4.610799999682058115e-03
5.150000000000000133e-01,3.666995702721490558e-01,6.332963233145065818e-01,9.999958935866556375e-01,4.106413344362458417e-06,1.732168810587852992e-06,4.663313999999445514e-01,1.543380000020988518e-02,4.817652000001544366e-01,3.217730000005758484e-02,4.987600000276870560e-03,4.239672999997310399e-01,4.262599999947269680e-03
5.200000000000000178e-01,3.778889603384408824e-01,6.220785646072677366e-01,9.999675249457086190e-01,3.247505429138097810e-05,1.667381944292500862e-06,4.478780999997979961e-01,2.008930000010877848e-02,4.679673999999067746e-01,2.104589999999006977e-02,4.410799999732262222e-03,4.177097000001595006e-01,3.963099999964470044e-03
5.250000000000000222e-01,3.932589967530632502e-01,6.067169911926735271e-01,9.999759879457368328e-01,2.401205426316721514e-05,1.902315500873497101e-06,4.590158999999403022e-01,1.552499999979772838e-02,4.745408999997380306e-01,2.308719999973618542e-02,3.706200000124226790e-03,4.266702999998415180e-01,4.783500000030471710e-03
5.300000000000000266e-01,4.072377722072321182e-01,5.927407236205010088e-01,9.999784958277331270e-01,2.150417226687295624e-05,1.544763958888362154e-06,4.716133999995690829e-01,2.625270000044110930e-02,4.978661000000101922e-01,2.256609999994907412e-02,4.612999999608291546e-03,4.377223000001322362e-01,5.633000000216270564e-03
5.350000000000000311e-01,4.188095341382557790e-01,5.811687252420683070e-01,9.999782593803241415e-01,2.174061967585849686e-05,1.066558393998662257e-06,5.168413999999756925e-01,1.577009999982692534e-02,5.326114999998026178e-01,2.117899999984729220e-02,4.880200000116019510e-03,4.855749000003015681e-01,4.112299999633250991e-03
5.400000000000000355e-01,4.276163853751122068e-01,5.723613242692208170e-01,9.999777096443329683e-01,2.229035566703174709e-05,7.879044524178313580e-07,4.767243999999664084e-01,1.583620000019436702e-02,4.925606000001607754e-01,2.362919999995938269e-02,4.055899999912071507e-03,4.437818999999763037e-01,4.319799999848328298e-03
5.449999999999999289e-01,4.278591270573121608e-01,5.721176553689386601e-01,9.999767824262508764e-01,2.321757374912358785e-05,3.562393859901646920e-07,5.529161999997995736e-01,1.565470000014101970e-02,5.685708999999405933e-01,3.110599999990881770e-02,3.991300000052433461e-03,5.124906000000919448e-01,4.334499999913532520e-03
5.500000000000000444e-01,3.869231199356433226e-01,6.130512266893584084e-01,9.999743466250017310e-01,2.565337499826902956e-05,4.828855010227672828e-07,5.304951000002802175e-01,2.454330000000481959e-02,5.550384000002850371e-01,2.141970000002402230e-02,4.771800000071380055e-03,4.976919999999154243e-01,5.495899999914399814e-03
5.549999999999999378e-01,2.423210742939455042e-01,7.576497749607514764e-01,9.999708492546970362e-01,2.915074530296379862e-05,5.085615384509134529e-07,6.779031000000941276e-01,2.509269999973184895e-02,7.029957999998259766e-01,2.333539999972344958e-02,3.873999999996158294e-03,6.441941000002771034e-01,5.341000000044004992e-03
5.600000000000000533e-01,9.219549813517986803e-02,9.077756988064544785e-01,9.999711969416343882e-01,2.880305836561181110e-05,5.161554529620193676e-07,4.484256999999161053e-01,1.605199999994511018e-02,4.644776999998612155e-01,2.175239999996847473e-02,3.800899999987450428e-03,4.179316999998263782e-01,4.111499999908119207e-03
5.649999999999999467e-01,3.816513546964342418e-02,9.618090328215256335e-01,9.999741682911690299e-01,2.583170883097007930e-05,9.268466794054575075e-07,5.402358999999705702e-01,1.654770000004646135e-02,5.567836000000170316e-01,3.199670000003607129e-02,5.649599999742349610e-03,4.974771000001965149e-01,4.171500000211381121e-03
5.700000000000000622e-01,2.179939950930953260e-02,9.781775342038392385e-01,9.999769337131487745e-01,2.306628685122547040e-05,1.088535577897786766e-06,5.726114999997662380e-01,1.608620000024529872e-02,5.886977000000115368e-01,2.563229999987015617e-02,3.652599999895755900e-03,5.377361000000746571e-01,4.667100000006030314e-03
5.749999999999999556e-01,1.111140898959075453e-02,9.888678702862070402e-01,9.999792792757977722e-01,2.072072420222781375e-05,1.080203787529043780e-06,5.557494999998198182e-01,2.501650000021982123e-02,5.807660000000396394e-01,2.122749999989537173e-02,4.045199999836768257e-03,5.252328000001398323e-01,4.319900000155030284e-03
5.800000000000000711e-01,1.697590667011199218e-03,9.982839440170543366e-01,9.999815346840655872e-01,1.846531593441280705e-05,6.294094473946465484e-07,4.997438000000329339e-01,1.567660000000614673e-02,5.154204000000390806e-01,2.303999999958250555e-02,3.753800000140472548e-03,4.680013000001963519e-01,4.132999999910680344e-03
5.849999999999999645e-01,9.717719254767241688e-03,9.902663110034044536e-01,9.999840302581717300e-01,1.596974182827004540e-05,4.448126386114026332e-07,4.873733999997966748e-01,1.640170000018770224e-02,5.037750999999843771e-01,2.273439999999027350e-02,3.901199999745585956e-03,4.558372000001327251e-01,4.089800000201648800e-03
5.899999999999999689e-01,1.570476573721474867e-01,8.429374812168346498e-01,9.999851385889821920e-01,1.486141101780802387e-05,3.451357151948442059e-07,4.979346000000077765e-01,1.585789999990083743e-02,5.137924999999086140e-01,3.407040000001870794e-02,5.393399999775283504e-03,4.533488000001852924e-01,4.147099999954662053e-03
5.949999999999999734e-01,2.552333904325530534e-01,7.447489816388981332e-01,9.999823720714511310e-01,1.762792854886896521e-05,9.158772338868637064e-07,4.995283999996900093e-01,2.467750000005253241e-02,5.242058999997425417e-01,2.250249999997322448e-02,4.472499999792489689e-03,4.661516000001029170e-01,5.336600000191538129e-03
5.999999999999999778e-01,1.844236238968215980e-01,8.155598138696011912e-01,9.999834377664227336e-01,1.656223357726638312e-05,6.920090267481526780e-07,5.285668999999870721e-01,2.497219999986555194e-02,5.535390999998526240e-01,2.222219999976005056e-02,5.297100000007048948e-03,4.944528000000900647e-01,5.563200000324286520e-03
6.049999999999999822e-01,1.498752540850314119e-01,8.501097570666826808e-01,9.999850111517141205e-01,1.498884828587954132e-05,5.845777992230516418e-07,4.668805000001157168e-01,1.599429999987478368e-02,4.828747999999905005e-01,2.231540000002496527e-02,4.230999999890627805e-03,4.353003000001081091e-01,4.174599999714700971e-03
6.099999999999999867e-01,1.358888203450230869e-01,8.640976068221364326e-01,9.999864271671594640e-01,1.357283284053600880e-05,5.019425601757165900e-07,5.569873999997980718e-01,2.485400000023219036e-02,5.818414000000302622e-01,2.969250000023748726e-02,4.388399999697867315e-03,5.161563000001478940e-01,5.545299999994313112e-03
6.149999999999999911e-01,1.312278472196920232e-01,8.687598322869222178e-01,9.999876795066142687e-01,1.232049338573126818e-05,4.275941512324465954e-07,4.910541999997803941e-01,1.564240000016070553e-02,5.066965999999410997e-01,3.235740000036457786e-02,5.211099999996804399e-03,4.485125999999581836e-01,4.052199999932781793e-03
6.199999999999999956e-01,1.313715612602066596e-01,8.686172302573440529e-01,9.999887915175507125e-01,1.120848244928751569e-05,3.563975345260983474e-07,6.006695000000945583e-01,2.231329999995068647e-02,6.229828000000452448e-01,2.183100000002013985e-02,4.331999999976687832e-03,5.678471000001081848e-01,5.592099999830679735e-03
6.250000000000000000e-01,1.342228059330949907e-01,8.657669747525080783e-01,9.999897806856030691e-01,1.021931439693091193e-05,2.888192154743007833e-07,5.016912000000957050e-01,1.446630000009463402e-02,5.161575000001903391e-01,3.137980000019524596e-02,5.084899999928893521e-03,4.600019999998039566e-01,4.210500000226602424e-03
6.300000000000000044e-01,1.385256290169392113e-01,8.614650333120219550e-01,9.999906623289611662e-01,9.337671038833761372e-06,2.272895082283676871e-07,5.481561000001420325e-01,1.586069999984829337e-02,5.640167999999903259e-01,2.272799999991548248e-02,3.740499999821622623e-03,5.164321000002018991e-01,4.468499999802588718e-03
6.350000000000000089e-01,1.432890335191339681e-01,8.567024193873540305e-01,9.999914529064879432e-01,8.547093512056846976e-06,1.742703589421856769e-07,5.746386999999231193e-01,1.795059999994919053e-02,5.925892999998723099e-01,2.265100000022357563e-02,3.931899999770394061e-03,5.416187000000718399e-01,5.413700000190146966e-03
6.400000000000000133e-01,1.476127122504364841e-01,8.523794586769845028e-01,9.999921709274209869e-01,7.829072579013107713e-06,1.312710310244491474e-07,4.542206999999507389e-01,2.442320000000108848e-02,4.786438999999518273e-01,2.045330000009926152e-02,4.576199999974051025e-03,4.221532999999908498e-01,5.954299999757495243e-03
6.450000000000000178e-01,1.506871096874332905e-01,8.493057268070598465e-01,9.999928364944931092e-01,7.163505506890821550e-06,9.851350633340028029e-08,5.630141000001458451e-01,1.634100000001126318e-02,5.793551000001571083e-01,2.228060000015830155e-02,4.108500000256753992e-03,5.316231999995579827e-01,4.191300000002229353e-03
6.500000000000000222e-01,1.518622304166970249e-01,8.481312401387598454e-01,9.999934705554568426e-01,6.529444543157403302e-06,7.502564832936875483e-08,4.928231999997478852e-01,1.589310000008481438e-02,5.087162999998326995e-01,2.053249999971740181e-02,4.874799999925016891e-03,4.622309000001223467e-01,4.324600000018108403e-03
6.550000000000000266e-01,1.507678827970333757e-01,8.492262113782431676e-01,9.999940941752765156e-01,5.905824723484442984e-06,5.892378431709976994e-08,4.810913000001164619e-01,1.875639999980194261e-02,4.998476999999184045e-01,3.107409999984156457e-02,4.946100000324804569e-03,4.384256999996978266e-01,5.302300000039394945e-03
6.599999999999999201e-01,1.476600022292895720e-01,8.523347225466262334e-01,9.999947247759157776e-01,5.275224084222429610e-06,7.866825696423163095e-08,5.500509999997120758e-01,1.582810000036261044e-02,5.658791000000746862e-01,2.308719999973618542e-02,4.102800000055140117e-03,5.178608000001077016e-01,4.205400000046211062e-03
6.650000000000000355e-01,1.451233633920080424e-01,8.548719790399120777e-01,9.999953424319201201e-01,4.657568079879936818e-06,2.584570562014221196e-07,5.264766999998755637e-01,1.491870000018025166e-02,5.413954000000558153e-01,2.289580000024216133e-02,3.880400000070949318e-03,4.941668999999819789e-01,4.655799999909504550e-03
6.699999999999999289e-01,1.588524337260804054e-01,8.411431469836649910e-01,9.999955807097453686e-01,4.419290254631391690e-06,1.197506923511504340e-06,4.659541999999419204e-01,1.495509999995192629e-02,4.809092999998938467e-01,2.258409999967625481e-02,4.585900000165565871e-03,4.339670999997906620e-01,4.007900000033259857e-03
6.750000000000000444e-01,2.364613870503450566e-01,7.635321109064467926e-01,9.999934979567918214e-01,6.502043208178598377e-06,4.069224684183359031e-06,6.746418000002449844e-01,2.462500000001455192e-02,6.992668000002595363e-01,2.194599999984347960e-02,4.977000000053521944e-03,6.412436000000525382e-01,5.529199999728007242e-03
6.799999999999999378e-01,2.356814112755609703e-01,7.643115414708322453e-01,9.999929527463932155e-01,7.047253606784487090e-06,2.927601604502116928e-06,6.480753999999251391e-01,1.540290000002642046e-02,6.634782999999515596e-01,2.591230000007271883e-02,5.977899999834335176e-03,6.113746999999420950e-01,4.022700000405166065e-03
6.850000000000000533e-01,2.012235318777642890e-01,7.987704568781718306e-01,9.999939887559361473e-01,6.011244063852672070e-06,2.289099677831030188e-06,4.889809999999670254e-01,1.597660000015821424e-02,5.049576000001252396e-01,2.269899999964763992e-02,3.905100000338279642e-03,4.570746999997936655e-01,4.385300000194547465e-03
6.899999999999999467e-01,7.716547492117802054e-02,9.228301964269185476e-01,9.999956713480965265e-01,4.328651903473534901e-06,6.709791237902162919e-07,5.160320999998475600e-01,1.610919999984616879e-02,5.321412999996937288e-01,2.165340000010473887e-02,4.518300000199815258e-03,4.848210000000108266e-01,4.159699999945587479e-03
6.950000000000000622e-01,7.643017730113127461e-02,9.235661766124848571e-01,9.999963539136160762e-01,3.646086383923829999e-06,2.897558028236435490e-07,5.995733999998265062e-01,1.575020000018412247e-02,6.153236000000106287e-01,3.180710000015096739e-02,4.494599999816273339e-03,5.565144000001964741e-01,5.703599999833386391e-03
6.999999999999999556e-01,6.384937919108256421e-02,9.361475824134043444e-01,9.999969616044869225e-01,3.038395513077496446e-06,1.966697267818950934e-07,5.258290000001579756e-01,1.510220000000117579e-02,5.409312000001591514e-01,2.034699999967415351e-02,4.217700000026525231e-03,4.960240000000339933e-01,4.486199999973905506e-03
7.050000000000000711e-01,5.040607858533610597e-02,9.495914303038196502e-01,9.999975088891557284e-01,2.491110844271560154e-06,1.520151876599484808e-07,4.880087999999886961e-01,2.492609999990236247e-02,5.129348999998910585e-01,2.196620000040638843e-02,4.725499999949533958e-03,4.549084999998740386e-01,5.319599999893398490e-03
7.099999999999999645e-01,3.828686129312483533e-02,9.617111467397756464e-01,9.999980080329005094e-01,1.991967099490565829e-06,1.209813429436934484e-07,5.281361000002107176e-01,2.465269999993324745e-02,5.527888000001439650e-01,2.670289999969099881e-02,4.457800000182032818e-03,4.915848999999070656e-01,4.557700000077602454e-03
7.150000000000000799e-01,2.836814133276167535e-02,9.716303233820845486e-01,9.999984647148462136e-01,1.535285153786425383e-06,9.555143620776362923e-08,5.383841999996548111e-01,2.680240000017874991e-02,5.651865999998335610e-01,2.248280000003433088e-02,4.450500000075408025e-03,5.052469999995992112e-01,5.200400000376248499e-03
7.199999999999999734e-01,2.114459851571993954e-02,9.788542822141446109e-01,9.999988807298645366e-01,1.119270135463423799e-06,7.356120168555690952e-08,5.522637999997641600e-01,2.660610000020824373e-02,5.788698999999724037e-01,3.268859999980122666e-02,5.081799999970826320e-03,5.074355000001560256e-01,5.825499999900785042e-03
7.249999999999999778e-01,1.690291036792255369e-02,9.830963457160264429e-01,9.999992560839490174e-01,7.439160509825626377e-07,5.450094256453930086e-08,6.262037999999847671e-01,1.632520000021031592e-02,6.425290000001950830e-01,3.351920000022801105e-02,5.984999999782303348e-03,5.812592000002041459e-01,4.455699999653006671e-03
7.299999999999999822e-01,1.576548718991621634e-02,9.842341030777792543e-01,9.999995902676954707e-01,4.097323045293421728e-07,5.208612107072962960e-08,5.131869000001643144e-01,1.785449999988486525e-02,5.310414000000491797e-01,3.166540000029272051e-02,3.976499999680527253e-03,4.723038000001906767e-01,4.319399999985762406e-03
7.349999999999999867e-01,1.771104151996543211e-02,9.822888414860673212e-01,9.999998830060327082e-01,1.169939672918118845e-07,5.023038991865125258e-08,5.166373000001840410e-01,1.665879999973185477e-02,5.332960999999158958e-01,2.716610000015862170e-02,4.353700000137905590e-03,4.797589999998308485e-01,4.356299999926704913e-03
7.399999999999999911e-01,2.259372530164026338e-02,9.774064093763541461e-01,1.000000134677994312e+00,1.346779943123266321e-07,4.646652919382265878e-08,5.077817000001232373e-01,2.472429999988889904e-02,5.325060000000121363e-01,2.503359999991516815e-02,3.821300000254268525e-03,4.722584000001006643e-01,5.425299999842536636e-03
7.449999999999999956e-01,3.016383377014129202e-02,9.698365127456534118e-01,1.000000346515794725e+00,3.465157947246666481e-07,4.106012865302821613e-08,4.944520000003649329e-01,1.575979999961418798e-02,5.102117999999791209e-01,2.317429999993692036e-02,4.044400000111636473e-03,4.620463000001109322e-01,4.313399999773537274e-03
7.500000000000000000e-01,4.008896818275572982e-02,9.599115524647172659e-01,1.000000520647472912e+00,5.206474729124721534e-07,3.436121979137618521e-08,7.308387000002767309e-01,2.463549999993119854e-02,7.554742000002079294e-01,2.323499999965861207e-02,4.015500000150495907e-03,6.967978000002403860e-01,5.705599999600963201e-03
7.550000000000000044e-01,5.197460413556283243e-02,9.480260558909470170e-01,1.000000660026509891e+00,6.600265098910540473e-07,2.678462467271824909e-08,7.466788000001542969e-01,2.483080000001791632e-02,7.715096000001722132e-01,3.172840000024734763e-02,6.092900000112422276e-03,7.023222999996505678e-01,5.380500000228494173e-03
7.600000000000000089e-01,6.538402265457125828e-02,9.346167456246787797e-01,1.000000768279249996e+00,7.682792499963397859e-07,1.877811358144687581e-08,4.422711000001982029e-01,1.607490000014877296e-02,4.583460000003469759e-01,2.182730000004085014e-02,4.090100000212260056e-03,4.114426999999523105e-01,4.130899999836401548e-03
7.650000000000000133e-01,7.985814433977186932e-02,9.201427051577037997e-01,1.000000849497475697e+00,8.494974756967366147e-07,1.078493608482056221e-08,6.953379000001405075e-01,1.606289999972432270e-02,7.114007999998648302e-01,2.134640000031140517e-02,4.299100000025646295e-03,6.633865999997397012e-01,5.483400000230176374e-03
7.700000000000000178e-01,9.493552743300064101e-02,9.050653805703439136e-01,1.000000908003344513e+00,9.080033445130197833e-07,1.170648553094899569e-08,4.528107999999519961e-01,1.602699999966716859e-02,4.688377999996191647e-01,3.089560000034907716e-02,3.869299999678332824e-03,4.129047999999784224e-01,4.229200000281707617e-03
7.750000000000000222e-01,1.101719230735732080e-01,8.898290250425169301e-01,1.000000948116090083e+00,9.481160900826068882e-07,1.387496348370653720e-08,6.476099000001340755e-01,1.624199999969277997e-02,6.638518999998268555e-01,3.186310000000958098e-02,4.973300000074232230e-03,6.056241000001136854e-01,4.211500000110390829e-03
7.800000000000000266e-01,1.251579490507839232e-01,8.748430248975079815e-01,1.000000973948291794e+00,9.739482917936470585e-07,1.587335149433322101e-08,5.246278999998139625e-01,2.696100000002843444e-02,5.515888999998423969e-01,2.229269999997995910e-02,4.264700000021548476e-03,4.912807999999131425e-01,5.727100000058271689e-03
7.849999999999999201e-01,1.395331721649197554e-01,8.604678170878783394e-01,1.000000989252798123e+00,9.892527981225640588e-07,1.752966755086404760e-08,4.847675999999410124e-01,1.575560000037512509e-02,5.005232000003161374e-01,2.413949999981923611e-02,4.035600000406702748e-03,4.513130000000273867e-01,4.455299999790440779e-03
7.900000000000000355e-01,1.529953141604932232e-01,8.470056831700685240e-01,1.000000997330561692e+00,9.973305616917116367e-07,1.858562775902683484e-08,5.518276000002515502e-01,2.052869999988615746e-02,5.723563000001377077e-01,2.208700000028329669e-02,5.230400000073132105e-03,5.193297999999231251e-01,4.325099999732628930e-03
7.949999999999999289e-01,1.653041701279494013e-01,8.346968308722216845e-01,1.000001001000171197e+00,1.001000171196864130e-06,1.991220847236130354e-08,5.392143999997642823e-01,1.566500000035375706e-02,5.548794000001180393e-01,3.451099999983853195e-02,4.282800000055431155e-03,4.953232999996544095e-01,4.138700000112294219e-03
8.000000000000000444e-01,1.762807470530696474e-01,8.237202555655325220e-01,1.000001002618602142e+00,1.002618602141680526e-06,2.110407303339972840e-08,5.280060000000048603e-01,1.447580000012749224e-02,5.424818000001323526e-01,2.093329999979687273e-02,4.530199999862816185e-03,4.980903000000580505e-01,3.699500000038824510e-03
