wavelength_um,R_reference,R_fast,abs_dR,T_reference,T_fast,abs_dT,R_plus_T_fast,runtime_s
2.999999999999999889e-01,2.146869071746672075e-01,2.142581537757031473e-01,4.287533989640601728e-04,7.853185402728777298e-01,7.858830338164851659e-01,5.644935436074360879e-04,1.000141187592188396e+00,2.106393300000036106e+00
3.049999999999999933e-01,8.404312815316346275e-02,8.422580598128986962e-02,1.826778281264068715e-04,9.159680707982569281e-01,9.159634210985834191e-01,4.649699673509033460e-06,1.000189227079873344e+00,1.767873099999974329e+00
3.099999999999999978e-01,1.610573811359893026e-01,1.615450165317060260e-01,4.876353957167234299e-04,8.389655015651075187e-01,8.386803101014407291e-01,2.851914636667896019e-04,1.000225326633146672e+00,1.795551099999897815e+00
3.150000000000000022e-01,3.260464834751269914e-01,3.264433052609426733e-01,3.968217858156819489e-04,6.739769086176247148e-01,6.737514875038914663e-01,2.254211137332484682e-04,1.000194792764834251e+00,1.773688399999969079e+00
3.200000000000000067e-01,2.237584448934982484e-01,2.232103499593170171e-01,5.480949341812313413e-04,7.762992360889918730e-01,7.772700802706540291e-01,9.708441816621560250e-04,1.000480430229971018e+00,1.722011500000007800e+00
3.250000000000000111e-01,2.503065271157848826e-01,2.496952545593955353e-01,6.112725563893472991e-04,7.497354679790692034e-01,7.506273168602412005e-01,8.918488811719971210e-04,1.000322571419636652e+00,1.766447699999957877e+00
3.299999999999999600e-01,1.740319723277374830e-01,1.739767882224330375e-01,5.518410530444550766e-05,8.260213912829275085e-01,8.264915800908404497e-01,4.701888079129412645e-04,1.000468368313273571e+00,1.797536100000002079e+00
3.349999999999999645e-01,1.684598325902507132e-01,1.685876563524612015e-01,1.278237622104883009e-04,8.306972986875007514e-01,8.307248611883227829e-01,2.756250082203148821e-05,9.993125175407839844e-01,1.819089100000041981e+00
3.399999999999999689e-01,1.636280483815739928e-01,1.638187293642557329e-01,1.906809826817401632e-04,8.363898899727617575e-01,8.363696196368411995e-01,2.027033592055804689e-05,1.000188349001096988e+00,1.779941699999994853e+00
3.449999999999999734e-01,2.754879857741528992e-01,2.757272294149308856e-01,2.392436407779863217e-04,7.245392906781966680e-01,7.244888057303454643e-01,5.048494785120372086e-05,1.000216035145276461e+00,1.832673500000055355e+00
3.499999999999999778e-01,4.050949212219596141e-01,4.047677095502235645e-01,3.272116717360495919e-04,5.949202835148522661e-01,5.953642755933135078e-01,4.439920784612416682e-04,1.000131985143537072e+00,1.760776999999961845e+00
3.549999999999999822e-01,1.113297615900454146e-01,1.112214208317445774e-01,1.083407583008372255e-04,8.886919656645002608e-01,8.889894584693713853e-01,2.974928048711245054e-04,1.000210879301115963e+00,1.855114899999989575e+00
3.599999999999999867e-01,2.546816535556004069e-01,2.551246118557658482e-01,4.429583001654413543e-04,7.453467979891987838e-01,7.451112272701269079e-01,2.355707190718758781e-04,1.000235839125892756e+00,1.743977900000004411e+00
3.649999999999999911e-01,2.096449688107073772e-01,2.091913915840060145e-01,4.535772267013626902e-04,7.903779090595237644e-01,7.910271359323367557e-01,6.492268728129912958e-04,1.000218527516342881e+00,1.677819600000020728e+00
3.699999999999999956e-01,2.081729544296713752e-01,2.076740541820142338e-01,4.989002476571413602e-04,7.918566588614228685e-01,7.925915259148426095e-01,7.348670534197410120e-04,1.000265580096856954e+00,1.688362000000097396e+00
3.750000000000000000e-01,2.799000092809362239e-01,2.799296274909409132e-01,2.961821000468933818e-05,7.201117681036324214e-01,7.201896535517108289e-01,7.788544807840747097e-05,1.000119281042651798e+00,1.742656300000021474e+00
3.800000000000000044e-01,1.739384246916997612e-01,1.741716624962691140e-01,2.332378045693528357e-04,8.260698599715056156e-01,8.259237328613349138e-01,1.461271101707017905e-04,1.000095395357603945e+00,1.658596999999986110e+00
3.850000000000000089e-01,1.304662488778553509e-01,1.306708236430753622e-01,2.045747652200113897e-04,8.695438441275932240e-01,8.694365884421823010e-01,1.072556854109230073e-04,1.000107412085257774e+00,1.702560700000049110e+00
3.900000000000000133e-01,1.217519248349610422e-01,1.218628901809093307e-01,1.109653459482884408e-04,8.782608968682028561e-01,8.782601986570162111e-01,6.982111866449258741e-07,1.000123088837925556e+00,1.759509399999956258e+00
3.950000000000000178e-01,1.314925293422139208e-01,1.314988994657462218e-01,6.370123532301041891e-06,8.685224269537757946e-01,8.686353711552543544e-01,1.129442014785597692e-04,1.000134270621000576e+00,1.685757299999977477e+00
4.000000000000000222e-01,2.548441502376226353e-01,2.548147752309777858e-01,2.937500664484948842e-05,7.451699336978069299e-01,7.453095900367643356e-01,1.396563389574057013e-04,1.000124365267742066e+00,1.672872699999970791e+00
4.049999999999999711e-01,2.870901664757237182e-01,2.870608423494473982e-01,2.932412627631997282e-05,7.129186787029884176e-01,7.130106719161983797e-01,9.199321320996212137e-05,1.000071514265645778e+00,1.648987099999999373e+00
4.099999999999999756e-01,1.963690404279021806e-01,1.962154969584457842e-01,1.535434694563964086e-04,8.036389801887149353e-01,8.038568856613499403e-01,2.179054726350049265e-04,1.000072382619795697e+00,1.685046600000077888e+00
4.149999999999999800e-01,2.615864439590749879e-01,2.627053620711269910e-01,1.118918112052003089e-03,7.384233154163764024e-01,7.373658523862310910e-01,1.057463030145311400e-03,1.000071214457358026e+00,1.655791800000088188e+00
4.199999999999999845e-01,1.217244646223456239e-01,1.217741335604164005e-01,4.966893807077654710e-05,8.782804070741661029e-01,8.782804435579407709e-01,3.648377466802799063e-08,1.000054577118357102e+00,1.678329699999949298e+00
4.249999999999999889e-01,9.106757507240043070e-02,9.111850027548804021e-02,5.092520308760950520e-05,9.089355514305010875e-01,9.089258354925815464e-01,9.715937919541062229e-06,1.000044335768069503e+00,1.692902800000069874e+00
4.299999999999999933e-01,8.117565455071114322e-02,8.122795130504419092e-02,5.229675433304770138e-05,9.188266624806442628e-01,9.188099742224677957e-01,1.668825817646713006e-05,1.000037925527512028e+00,1.654306300000030205e+00
4.349999999999999978e-01,8.480292805248962340e-02,8.484347343145964837e-02,4.054537897002497004e-05,9.151994842293400545e-01,9.151931632306600228e-01,6.320998680031664207e-06,1.000036636662119616e+00,1.692400399999996807e+00
4.400000000000000022e-01,9.991564981759394615e-02,9.994812450087044164e-02,3.247468327649549735e-05,9.000872378710129684e-01,9.000897024244829403e-01,2.464553469971875188e-06,1.000037826925353368e+00,1.699859300000071016e+00
4.449999999999999512e-01,1.359230564649508144e-01,1.359500015479260249e-01,2.694508297521047702e-05,8.640795195137697116e-01,8.640828239644412490e-01,3.304450671537395579e-06,1.000032825512367385e+00,1.665421199999968849e+00
4.499999999999999556e-01,1.873212519904384199e-01,1.873177181592644291e-01,3.533831173990753527e-06,8.126797377093908370e-01,8.127001871246057885e-01,2.044941521495147185e-05,1.000017905283870245e+00,1.678225100000076964e+00
4.549999999999999600e-01,2.254392076517063026e-01,2.253961653100534646e-01,4.304234165283804536e-05,7.745599600754331515e-01,7.746057473058369780e-01,4.578723040382648435e-05,1.000001912615890554e+00,1.708716800000047442e+00
4.599999999999999645e-01,2.386263273842715860e-01,2.385608983027909802e-01,6.542908148060577744e-05,7.613714716236715807e-01,7.614296746307908093e-01,5.820300711922854475e-05,9.999905729335818449e-01,1.671957700000007208e+00
4.649999999999999689e-01,2.359924722115275264e-01,2.359241708643490532e-01,6.830134717847324843e-05,7.640042874401758999e-01,7.640581519992983850e-01,5.386455912248511169e-05,9.999823228636474104e-01,1.665905600000087361e+00
4.699999999999999734e-01,1.075169094287354438e-01,1.067726545868424304e-01,7.442548418930133858e-04,8.924783807065227448e-01,8.931982966753992947e-01,7.199159688765499610e-04,9.999709512622416696e-01,1.695926600000007056e+00
4.749999999999999778e-01,9.721107824852215362e-02,9.717299024549552744e-02,3.808800302662618265e-05,9.027875085106693565e-01,9.028269350504851687e-01,3.942653981581223377e-05,9.999999252959806961e-01,1.673801499999967746e+00
4.799999999999999822e-01,7.893044637431143040e-02,7.891161792238719774e-02,1.882845192423265868e-05,9.210677933020214869e-01,9.210858553179228636e-01,1.806201590137668234e-05,9.999974732403100752e-01,1.678899000000001251e+00
4.849999999999999867e-01,5.587302771691653180e-02,5.587268035969808477e-02,3.473572184470308244e-07,9.441254159013882097e-01,9.441273611727644122e-01,1.945271376202484248e-06,1.000000041532462580e+00,1.690766599999960818e+00
4.899999999999999911e-01,4.545611765807996973e-02,4.546412245652761697e-02,8.004798447647232251e-06,9.545333051434092830e-01,9.545330108056626628e-01,2.943377466202434789e-07,9.999971332621903075e-01,1.653562800000031530e+00
4.949999999999999956e-01,5.135206736403136879e-02,5.135405857818586134e-02,1.991214154492548793e-06,9.486926187033090097e-01,9.487154268488479092e-01,2.280814553889953800e-05,1.000069485427033777e+00,1.671566700000084893e+00
5.000000000000000000e-01,3.497605016879567347e-02,3.492630305656283657e-02,4.974711223283689865e-05,9.267579246227706236e-01,9.269924738964425703e-01,2.345492736719467786e-04,9.619187769530054277e-01,1.678179000000000087e+00
5.050000000000000044e-01,3.600407095113860034e-01,3.595408560202838499e-01,4.998534911021534910e-04,6.352880031538671313e-01,6.357660777359233073e-01,4.780745820561760340e-04,9.953069337562071572e-01,1.694298299999900337e+00
5.100000000000000089e-01,3.809674556135380086e-01,3.808743103574114275e-01,9.314525612658108855e-05,6.191860493895462447e-01,6.192521047281518420e-01,6.605533860559731352e-05,1.000126415085563325e+00,1.655080600000019331e+00
5.150000000000000133e-01,3.667918601591217409e-01,3.666765038501523799e-01,1.153563089693609989e-04,6.332248647789718854e-01,6.333118197532892069e-01,8.695497431732146509e-05,9.999883236034415868e-01,1.681072599999993145e+00
5.200000000000000178e-01,3.779854573430385112e-01,3.778639697275119613e-01,1.214876155265498525e-04,6.220016727938509904e-01,6.220955335084245030e-01,9.386071457351263803e-05,9.999595032359365199e-01,1.687654199999997218e+00
5.250000000000000222e-01,3.933574274056199638e-01,3.932326447962894433e-01,1.247826093305204331e-04,6.066376503374206752e-01,6.067350756057628969e-01,9.742526834222164922e-05,9.999677204020522847e-01,1.659764700000096127e+00
5.300000000000000266e-01,4.073377052298191026e-01,4.072103857999752052e-01,1.273194298438973249e-04,5.926595887547729813e-01,5.927598617577756190e-01,1.002730030026377506e-04,9.999702475577507688e-01,1.682246400000053654e+00
5.350000000000000311e-01,4.189088274294243686e-01,4.187818206448584157e-01,1.270067845659528238e-04,5.810880445342707645e-01,5.811884185294358129e-01,1.003739951650484130e-04,9.999702391742941732e-01,1.684771300000079464e+00
5.400000000000000355e-01,4.277043814649738596e-01,4.275908380600103031e-01,1.135434049635564158e-04,5.722919761773045400e-01,5.723791915471775349e-01,8.721536987299494115e-05,9.999700296071878380e-01,1.717082799999957388e+00
5.449999999999999289e-01,4.278916992439978362e-01,4.278453268549637922e-01,4.637238903404394819e-05,5.721043753934215159e-01,5.721241897813080790e-01,1.981438788656308958e-05,9.999695166362718712e-01,1.761925399999995534e+00
5.500000000000000444e-01,3.867640044440603386e-01,3.869503659078837310e-01,1.863614638233923593e-04,6.132317025799702837e-01,6.130175523532380710e-01,2.141502267322126229e-04,9.999679182611218575e-01,1.764354700000012599e+00
5.549999999999999378e-01,2.419447952817628256e-01,2.423963829047073859e-01,4.515876229445603407e-04,7.580503484824967497e-01,7.575704136455292392e-01,4.799348369675104919e-04,9.999667965502365696e-01,1.742491700000073251e+00
5.600000000000000533e-01,9.199681842974043178e-02,9.223583469243620825e-02,2.390162626957764713e-04,9.079983196532045442e-01,9.077342975597597619e-01,2.640220934447823353e-04,9.999701322521959979e-01,1.737884699999995064e+00
5.649999999999999467e-01,3.811944287533408637e-02,3.817380433323860900e-02,5.436145790452262538e-05,9.618761543077969378e-01,9.618009535691922629e-01,7.520073860467491045e-05,9.999747579024308441e-01,1.761269500000025801e+00
5.700000000000000622e-01,2.179704744732282803e-02,2.179908207882802137e-02,2.034631505193340573e-06,9.781990054580145255e-01,9.781793023239431228e-01,1.970313407140267259e-05,9.999783844027710922e-01,1.733251300000006268e+00
5.749999999999999556e-01,1.111771207859782451e-02,1.110953025810899365e-02,8.181820488830857108e-06,9.888787329997749120e-01,9.888717777599045355e-01,6.955239870376495048e-06,9.999813080180135483e-01,1.752349799999933566e+00
5.800000000000000711e-01,1.699072970251006747e-03,1.697179834467732809e-03,1.893135783273937681e-06,9.982977465133803241e-01,9.982867954619567552e-01,1.095105142356889161e-05,9.999839752964244655e-01,1.763372199999935219e+00
5.849999999999999645e-01,9.704421909195300178e-03,9.721753081881551531e-03,1.733117268625135321e-05,9.902928063025833172e-01,9.902646181946401782e-01,2.818810794313897361e-05,9.999863712765216794e-01,1.781883200000038414e+00
5.899999999999999689e-01,1.572206658965560055e-01,1.570123732332982802e-01,2.082926632577253301e-04,8.427767470786811099e-01,8.429715719436040589e-01,1.948248649229489260e-04,9.999839451769023668e-01,1.738405599999964579e+00
5.949999999999999734e-01,2.551439308138972462e-01,2.552473111128505945e-01,1.033802989533483263e-04,7.448530565090484279e-01,7.447315486326372413e-01,1.215078764111865439e-04,9.999788597454878358e-01,1.731688100000042141e+00
5.999999999999999778e-01,1.842511784816122655e-01,1.844600293030463911e-01,2.088508214341255886e-04,8.157459920489610328e-01,8.155216993528497937e-01,2.242926961112390316e-04,9.999817286558961849e-01,1.665185700000051838e+00
6.049999999999999822e-01,1.497383831481383654e-01,1.499053888348805263e-01,1.670056867421609859e-04,8.502590496055620894e-01,8.500788456036110219e-01,1.802040019510675606e-04,9.999842344384914927e-01,1.796551499999964108e+00
6.099999999999999867e-01,1.357833158635398108e-01,1.359124508387919983e-01,1.291349752521875338e-04,8.642143540101689947e-01,8.640736431599380651e-01,1.407108502309295517e-04,9.999860939987300634e-01,1.810466799999971954e+00
6.149999999999999911e-01,1.311473435909056851e-01,1.312459592185897805e-01,9.861562768409548596e-05,8.688505374264618997e-01,8.687416067485916882e-01,1.089306778702114897e-04,9.999875659671815242e-01,1.742837000000008629e+00
6.199999999999999956e-01,1.313119211485108129e-01,1.313848881453408002e-01,7.296699682998730729e-05,8.686861485313978060e-01,8.686038846660009138e-01,8.226386539689212185e-05,9.999887728113416863e-01,1.688906599999995706e+00
6.250000000000000000e-01,1.341804422049583112e-01,1.342320619164092954e-01,5.161971145098420699e-05,8.658177961230446584e-01,8.657577111012479953e-01,6.008502179666308507e-05,9.999897730176572352e-01,1.685303200000134893e+00
6.300000000000000044e-01,1.384966679360254138e-01,1.385316468058009620e-01,3.497886977554820476e-05,8.615017211362090421e-01,8.614589577855907843e-01,4.276335061825786710e-05,9.999906045913917740e-01,1.694304699999975128e+00
6.350000000000000089e-01,1.432693004343282284e-01,1.432927446803481109e-01,2.344424601988248646e-05,8.567292238200738819e-01,8.566985574852193919e-01,3.066633485448999608e-05,9.999913021655675305e-01,1.676501300000154515e+00
6.400000000000000133e-01,1.475981233374926149e-01,1.476150457995101251e-01,1.692246201751013146e-05,8.524005232938447474e-01,8.523768552025803302e-01,2.366809126441715705e-05,9.999919010020904553e-01,1.697632399999974950e+00
6.450000000000000178e-01,1.506741449309976222e-01,1.506888764815729198e-01,1.473155057529762502e-05,8.493246143966121098e-01,8.493035586149284555e-01,2.105578168365429548e-05,9.999924350965013753e-01,1.694495899999992616e+00
6.500000000000000222e-01,1.518483891746703895e-01,1.518640138108681426e-01,1.562463619775300572e-05,8.481504765357730236e-01,8.481289196374497408e-01,2.155689832328278044e-05,9.999929334483178556e-01,1.655855800000153977e+00
6.550000000000000266e-01,1.507524178827397143e-01,1.507698693020079750e-01,1.745141926826065948e-05,8.492465513477922556e-01,8.492235463089545799e-01,2.300503883767568425e-05,9.999934156109625549e-01,1.676521099999945363e+00
6.599999999999999201e-01,1.476463759283164479e-01,1.476614353434793636e-01,1.505941516291575688e-05,8.523526967269514643e-01,8.523324465909013492e-01,2.025013605011505291e-05,9.999938819343807683e-01,1.699790399999983492e+00
6.650000000000000355e-01,1.451306175770844531e-01,1.451200672897359489e-01,1.055028734850416150e-05,8.548685543092636729e-01,8.548742014744825646e-01,5.647165218891636584e-06,9.999942687642184858e-01,1.674593499999900814e+00
6.699999999999999289e-01,1.589708831036499570e-01,1.588249679997597308e-01,1.459151038902262165e-04,8.410283184113498400e-01,8.411692055140833624e-01,1.408871027335223403e-04,9.999941735138431209e-01,1.671283500000072308e+00
6.750000000000000444e-01,2.366906868454723700e-01,2.364116363718763436e-01,2.790504735960264160e-04,7.633081437606368258e-01,7.635808128512701076e-01,2.726690906332818187e-04,9.999924492231464512e-01,1.686396899999863308e+00
6.799999999999999378e-01,2.356627335564303038e-01,2.356858317304213468e-01,2.309817399104296953e-05,7.643360097486995297e-01,7.643069127028941923e-01,2.909704580533745144e-05,9.999927444333155391e-01,1.664070099999889862e+00
6.850000000000000533e-01,2.007432000210149226e-01,2.013284848580118580e-01,5.852848369969354536e-04,7.992557087990628251e-01,7.986640781234294328e-01,5.916306756333922223e-04,9.999925629814412353e-01,1.651924499999950058e+00
6.899999999999999467e-01,7.731978077285495132e-02,7.713077366303916493e-02,1.890071098157863894e-04,9.226794248199282622e-01,9.228660924769561680e-01,1.866676570279057756e-04,9.999968661399953884e-01,1.680992999999944004e+00
6.950000000000000622e-01,7.649394784508113665e-02,7.641551512789099276e-02,7.843271719014388577e-05,9.235053729067150829e-01,9.235817386807956275e-01,7.636577408054456839e-05,9.999972538086866480e-01,1.660751399999981004e+00
6.999999999999999556e-01,6.388124338978704020e-02,6.384189908034837435e-02,3.934430943866584762e-05,9.361181785126576615e-01,9.361558644622306469e-01,3.768594957298532222e-05,9.999977635425789657e-01,1.655265299999882700e+00
7.050000000000000711e-01,5.042210460181568293e-02,5.040220074911355014e-02,1.990385270213279600e-05,9.495774084347279320e-01,9.495960736789333945e-01,1.866524420546245011e-05,9.999982744280468960e-01,1.692479700000149023e+00
7.099999999999999645e-01,3.829382045023183023e-02,3.828506812554988842e-02,8.752324681941814344e-06,9.617057760496627861e-01,9.617136898691525104e-01,7.913819489724360778e-06,9.999987579947023919e-01,1.655117600000039602e+00
7.150000000000000799e-01,2.836990559306314108e-02,2.836755799926349297e-02,2.347593799648106661e-06,9.716297677212711870e-01,9.716316456897853282e-01,1.877968514141237222e-06,9.999992036890488212e-01,1.660065499999973326e+00
7.199999999999999734e-01,2.114385609631284565e-02,2.114461116421843118e-02,7.550679055855213928e-07,9.788558876604308567e-01,9.788549944837476868e-01,8.931766831699050613e-07,9.999996056479660833e-01,1.690698699999984456e+00
7.249999999999999778e-01,1.690176765814864826e-02,1.690303263281989210e-02,1.264974671243840332e-06,9.830980400984085099e-01,9.830969274297501892e-01,1.112668658320714599e-06,9.999999600625700813e-01,1.688439400000106616e+00
7.299999999999999822e-01,1.576570597456187703e-02,1.576530817025858372e-02,3.978043032933087364e-07,9.842341591533505518e-01,9.842349563823983294e-01,7.972290477775700879e-07,1.000000264552656892e+00,1.658308200000192301e+00
7.349999999999999867e-01,1.771412345552310363e-02,1.771020786301586575e-02,3.915592507237886100e-06,9.822857922547177933e-01,9.822903101230314737e-01,4.517868313680395431e-06,1.000000517986047388e+00,1.684863199999881544e+00
7.399999999999999911e-01,2.260091881728396035e-02,2.259194056697904837e-02,8.978250304911977731e-06,9.773990406391814822e-01,9.774087798378756631e-01,9.739198694180828397e-06,1.000000720404854659e+00,1.696832099999937782e+00
7.449999999999999956e-01,3.017609913433237645e-02,3.016086707939773931e-02,1.523205493463714033e-05,9.698238973371310356e-01,9.698400059146730090e-01,1.610857754197336789e-05,1.000000872994070811e+00,1.662307699999928445e+00
7.500000000000000000e-01,4.010692632575393879e-02,4.008466642700823229e-02,2.225989874570649674e-05,9.598931007029766205e-01,9.599163116418661934e-01,2.321093888957292961e-05,1.000000978068874335e+00,1.693324999999958891e+00
7.550000000000000044e-01,5.199849266063964748e-02,5.196890247039894634e-02,2.959019024070114190e-05,9.480015588990644559e-01,9.480321365856657634e-01,3.057768660130744109e-05,1.000001039056064744e+00,1.704845599999998740e+00
7.600000000000000089e-01,6.541367926598201654e-02,6.537694870198919317e-02,3.673056399282337292e-05,9.345863913670051648e-01,9.346241117276045118e-01,3.772036059934702479e-05,1.000001060429593691e+00,1.678482899999835354e+00
7.650000000000000133e-01,7.989303017267752882e-02,7.984981324012578596e-02,4.321693255174285930e-05,9.201070547430099111e-01,9.201512343296853746e-01,4.417958667546351137e-05,1.000001047569811119e+00,1.679745099999990998e+00
7.700000000000000178e-01,9.497479131764591243e-02,9.492612747701134612e-02,4.866384063456630216e-05,9.050253038169366882e-01,9.050748790488267748e-01,4.957523189008661291e-05,1.000001006525838232e+00,1.699603000000024622e+00
7.750000000000000222e-01,1.102144963306401493e-01,1.101616942512856634e-01,5.280207935448588685e-05,8.897856057022115461e-01,8.898392494513158724e-01,5.364374910432623267e-05,1.000000943702601619e+00,1.683118400000012116e+00
7.800000000000000266e-01,1.252026531477415661e-01,1.251471585317414092e-01,5.549461600015681562e-05,8.747974531864951553e-01,8.748537069796678001e-01,5.625379317264478374e-05,1.000000865511409209e+00,1.663744400000041423e+00
7.849999999999999201e-01,1.395788205802426241e-01,1.395220909721398006e-01,5.672960810282345889e-05,8.604212881357583553e-01,8.604786870687581857e-01,5.739893299983034325e-05,1.000000778040897931e+00,1.689409600000089995e+00
7.900000000000000355e-01,1.530407943063508969e-01,1.529841982938787148e-01,5.659601247218204456e-05,8.469593154920079803e-01,8.470164884996227439e-01,5.717300761476362680e-05,1.000000686793501403e+00,1.663076099999898361e+00
7.949999999999999289e-01,1.653484983875112835e-01,1.652932477565792202e-01,5.525063093206328269e-05,8.346516117570184079e-01,8.347073487621111676e-01,5.573700509275969495e-05,1.000000596518690443e+00,1.702298700000028475e+00
8.000000000000000444e-01,1.763230968918551578e-01,1.762702118190353495e-01,5.288507281980825425e-05,8.236770133821342821e-01,8.237302993268150741e-01,5.328594468079206337e-05,1.000000511145850535e+00,1.687256200000092576e+00
