wavelength_um,R_total,T_total,R_plus_T,energy_error,dofs
2.999999999999999889e-01,2.145167208606708342e-01,7.855761196496571230e-01,1.000092840510327985e+00,9.284051032798501524e-05,5.239300000000000000e+04
3.200000000000000067e-01,2.209543310413469852e-01,7.791797280414607396e-01,1.000134059082807614e+00,1.340590828076138052e-04,4.726500000000000000e+04
3.399999999999999689e-01,1.640251916688387213e-01,8.361114095911417188e-01,1.000136601259980385e+00,1.366012599803845262e-04,4.140900000000000000e+04
3.599999999999999867e-01,2.559091662243888621e-01,7.442329853417266605e-01,1.000142151566115523e+00,1.421515661155225985e-04,3.646100000000000000e+04
3.800000000000000044e-01,1.725601305486545445e-01,8.276041133183756893e-01,1.000164243867030178e+00,1.642438670301782366e-04,3.346500000000000000e+04
4.000000000000000222e-01,2.578382804154523145e-01,7.422915867068906604e-01,1.000129867122343086e+00,1.298671223430858390e-04,2.975700000000000000e+04
4.199999999999999845e-01,1.212164219277752086e-01,8.789207487198331670e-01,1.000137170647608320e+00,1.371706476083200954e-04,2.740500000000000000e+04
4.400000000000000022e-01,1.000827404394518533e-01,9.000222622375014803e-01,1.000105002676953347e+00,1.050026769533474180e-04,2.481700000000000000e+04
4.599999999999999645e-01,2.386484225645102153e-01,7.614330615485340736e-01,1.000081484113044317e+00,8.148411304431668611e-05,2.340900000000000000e+04
4.799999999999999822e-01,7.898002701857492758e-02,9.210796598117986234e-01,1.000059686830373495e+00,5.968683037349542531e-05,2.102100000000000000e+04
5.000000000000000000e-01,3.722206048707826787e-02,9.153282866171357224e-01,9.525503471042140458e-01,4.744965289578595424e-02,1.905300000000000000e+04
5.200000000000000178e-01,3.780919487471318674e-01,6.219421106991127601e-01,1.000034059446244683e+00,3.405944624468304482e-05,1.810500000000000000e+04
5.400000000000000355e-01,4.280466325104124725e-01,5.719739787317892343e-01,1.000020611242201651e+00,2.061124220165133636e-05,1.690500000000000000e+04
5.600000000000000533e-01,9.096014270935423585e-02,9.090883269111232901e-01,1.000048469620477443e+00,4.846962047744263202e-05,1.601300000000000000e+04
5.800000000000000711e-01,1.690894693426760100e-03,9.984222878425514924e-01,1.000113182535978362e+00,1.131825359783622531e-04,1.488500000000000000e+04
5.999999999999999778e-01,1.853079886096428153e-01,8.147563374131061575e-01,1.000064326022748862e+00,6.432602274886178861e-05,1.323700000000000000e+04
6.199999999999999956e-01,1.318956108334398691e-01,8.681838714466152407e-01,1.000079482280055165e+00,7.948228005516533301e-05,1.323700000000000000e+04
6.400000000000000133e-01,1.474071303484327522e-01,8.526811618511752622e-01,1.000088292199607931e+00,8.829219960793110999e-05,1.244900000000000000e+04
6.599999999999999201e-01,1.477993616370782692e-01,8.523379757216247299e-01,1.000137337358703027e+00,1.373373587030268794e-04,1.145700000000000000e+04
6.799999999999999378e-01,2.351842613583414177e-01,7.649280988198525755e-01,1.000112360178194049e+00,1.123601781940486433e-04,1.094500000000000000e+04
6.999999999999999556e-01,6.376579485189651231e-02,9.363564096628853584e-01,1.000122204514781954e+00,1.222045147819539324e-04,1.001700000000000000e+04
7.199999999999999734e-01,2.114152387974416528e-02,9.790133071652464825e-01,1.000154831044990589e+00,1.548310449905887509e-04,9.333000000000000000e+03
7.399999999999999911e-01,2.270579879057146866e-02,9.774386648212562978e-01,1.000144463611827739e+00,1.444636118277387027e-04,9.333000000000000000e+03
7.600000000000000089e-01,6.553028265227123228e-02,9.346641154914295813e-01,1.000194398143700703e+00,1.943981437007025193e-04,8.477000000000000000e+03
7.800000000000000266e-01,1.253979264653373449e-01,8.747720430481139564e-01,1.000169969513451385e+00,1.699695134513845574e-04,8.477000000000000000e+03
8.000000000000000444e-01,1.759322209122348157e-01,8.242529995907907914e-01,1.000185220503025718e+00,1.852205030257181306e-04,7.849000000000000000e+03
