wavelength_um,order_m,R_m,T_m
2.999999999999999889e-01,-3.000000000000000000e+00,2.035480064524349333e-02,5.235197450367923971e-02
2.999999999999999889e-01,-2.000000000000000000e+00,3.049638444113057789e-02,8.313950193239433295e-02
2.999999999999999889e-01,-1.000000000000000000e+00,3.408172045101761499e-02,1.405901212622200636e-01
2.999999999999999889e-01,0.000000000000000000e+00,4.467880117656537753e-02,2.329705076054436053e-01
2.999999999999999889e-01,1.000000000000000000e+00,3.413310345215924552e-02,1.406063174739974053e-01
2.999999999999999889e-01,2.000000000000000000e+00,3.042255103332410296e-02,8.314010572336072435e-02
2.999999999999999889e-01,3.000000000000000000e+00,2.034935966123042547e-02,5.277759114856171718e-02
3.200000000000000067e-01,-3.000000000000000000e+00,7.818272923739763569e-02,8.956944568033146925e-02
3.200000000000000067e-01,-2.000000000000000000e+00,5.161735566895181383e-05,6.920351079072334377e-02
3.200000000000000067e-01,-1.000000000000000000e+00,1.397582727474217012e-03,1.758573097494416648e-01
3.200000000000000067e-01,0.000000000000000000e+00,6.063774139783303929e-02,1.096588287990793997e-01
3.200000000000000067e-01,1.000000000000000000e+00,1.485628046504575486e-03,1.736910171141567982e-01
3.200000000000000067e-01,2.000000000000000000e+00,5.897019298093649436e-05,7.093439390153331858e-02
3.200000000000000067e-01,3.000000000000000000e+00,7.914006208348765836e-02,9.026522200619470360e-02
3.399999999999999689e-01,-2.000000000000000000e+00,2.024215109185660208e-02,8.429324076858921155e-02
3.399999999999999689e-01,-1.000000000000000000e+00,3.809500752523954778e-04,2.216243101756354417e-01
3.399999999999999689e-01,0.000000000000000000e+00,1.233219254926471303e-01,2.252430099534689367e-01
3.399999999999999689e-01,1.000000000000000000e+00,3.442419650292200136e-04,2.205228432387569826e-01
3.399999999999999689e-01,2.000000000000000000e+00,1.973592304405338144e-02,8.442800545469111850e-02
3.599999999999999867e-01,-2.000000000000000000e+00,5.075115232171536171e-03,1.314263493733814070e-01
3.599999999999999867e-01,-1.000000000000000000e+00,1.629321599040117405e-02,1.433172033434705062e-01
3.599999999999999867e-01,0.000000000000000000e+00,2.132177779833504816e-01,1.935764256561662844e-01
3.599999999999999867e-01,1.000000000000000000e+00,1.630205283028979615e-02,1.442118457268456722e-01
3.599999999999999867e-01,2.000000000000000000e+00,5.021004188175854158e-03,1.317011612418627631e-01
3.800000000000000044e-01,-2.000000000000000000e+00,3.885483327447262353e-02,4.351532513943372898e-02
3.800000000000000044e-01,-1.000000000000000000e+00,1.681059330904353596e-02,3.498562826007865501e-01
3.800000000000000044e-01,0.000000000000000000e+00,6.138615544953250625e-02,4.045792737045171561e-02
3.800000000000000044e-01,1.000000000000000000e+00,1.681010981656247058e-02,3.502984024034458965e-01
3.800000000000000044e-01,2.000000000000000000e+00,3.869843869904339428e-02,4.347617580425774259e-02
4.000000000000000222e-01,-2.000000000000000000e+00,8.368830125066790970e-02,1.153533310209027551e-01
4.000000000000000222e-01,-1.000000000000000000e+00,4.041302807180478102e-02,1.472412299607178676e-01
4.000000000000000222e-01,0.000000000000000000e+00,9.451721231167581339e-03,2.133014372792073066e-01
4.000000000000000222e-01,1.000000000000000000e+00,3.974394295749960476e-02,1.500956468800033750e-01
4.000000000000000222e-01,2.000000000000000000e+00,8.454128690431242377e-02,1.162999415660594255e-01
4.199999999999999845e-01,-2.000000000000000000e+00,2.368418337607443303e-02,9.338120945680318530e-02
4.199999999999999845e-01,-1.000000000000000000e+00,2.128433375407113443e-02,2.742150214851741818e-01
4.199999999999999845e-01,0.000000000000000000e+00,3.141526043592214601e-02,1.436164530918165594e-01
4.199999999999999845e-01,1.000000000000000000e+00,2.138575465652261740e-02,2.744855759756886782e-01
4.199999999999999845e-01,2.000000000000000000e+00,2.344688970518487778e-02,9.322248871035049289e-02
4.400000000000000022e-01,-2.000000000000000000e+00,1.350228427616587470e-02,1.251585273927046105e-01
4.400000000000000022e-01,-1.000000000000000000e+00,2.142303635682388241e-02,2.568620074281474097e-01
4.400000000000000022e-01,0.000000000000000000e+00,3.065889050395873006e-02,1.362276553402214097e-01
4.400000000000000022e-01,1.000000000000000000e+00,2.121662485553744287e-02,2.572276500260941567e-01
4.400000000000000022e-01,2.000000000000000000e+00,1.328190444696593711e-02,1.245464220503339492e-01
4.599999999999999645e-01,-2.000000000000000000e+00,8.745171119744677216e-03,7.914176332029414229e-02
4.599999999999999645e-01,-1.000000000000000000e+00,1.688879288555085109e-02,2.054076583082916074e-01
4.599999999999999645e-01,0.000000000000000000e+00,1.876528752171078007e-01,1.937328473322921796e-01
4.599999999999999645e-01,1.000000000000000000e+00,1.645616662701917740e-02,2.038907605940650791e-01
4.599999999999999645e-01,2.000000000000000000e+00,8.905416715087701926e-03,7.926003199359096807e-02
4.799999999999999822e-01,-2.000000000000000000e+00,1.485497412070943025e-02,7.102480365395408279e-02
4.799999999999999822e-01,-1.000000000000000000e+00,5.335468428298126460e-03,3.090208737980889575e-01
4.799999999999999822e-01,0.000000000000000000e+00,3.869224062103103490e-02,1.607492557825853652e-01
4.799999999999999822e-01,1.000000000000000000e+00,5.486964440250476256e-03,3.095859562106618723e-01
4.799999999999999822e-01,2.000000000000000000e+00,1.461037940828586144e-02,7.069877036650827618e-02
5.000000000000000000e-01,-1.000000000000000000e+00,1.073683777334894299e-02,3.992180918764948738e-01
5.000000000000000000e-01,0.000000000000000000e+00,1.579266583751703576e-02,1.154065642920981266e-01
5.000000000000000000e-01,1.000000000000000000e+00,1.069255687621228565e-02,4.007036304485426803e-01
5.200000000000000178e-01,-1.000000000000000000e+00,3.339016296948680435e-02,1.970360565611422865e-01
5.200000000000000178e-01,0.000000000000000000e+00,3.114331919914828939e-01,2.293968896996795015e-01
5.200000000000000178e-01,1.000000000000000000e+00,3.326859378616214141e-02,1.955091644382909721e-01
5.400000000000000355e-01,-1.000000000000000000e+00,4.098802599096498106e-02,1.238600618150050986e-01
5.400000000000000355e-01,0.000000000000000000e+00,3.454816306252713742e-01,3.239898794034842822e-01
5.400000000000000355e-01,1.000000000000000000e+00,4.157697589417613110e-02,1.241240375132998675e-01
5.600000000000000533e-01,-1.000000000000000000e+00,1.404183632231301854e-02,1.902692416570451461e-01
5.600000000000000533e-01,0.000000000000000000e+00,6.254262994984678692e-02,5.283775033553265166e-01
5.600000000000000533e-01,1.000000000000000000e+00,1.437567643719441651e-02,1.904415818987516273e-01
5.800000000000000711e-01,-1.000000000000000000e+00,2.709680123270846231e-04,3.443099336010782552e-01
5.800000000000000711e-01,0.000000000000000000e+00,1.176754989370232783e-03,3.116863458941278586e-01
5.800000000000000711e-01,1.000000000000000000e+00,2.431716917294426397e-04,3.424260083473453231e-01
5.999999999999999778e-01,-1.000000000000000000e+00,6.417306690291367521e-02,1.400817059467922565e-01
5.999999999999999778e-01,0.000000000000000000e+00,5.572252114576765891e-02,5.312464874701566808e-01
5.999999999999999778e-01,1.000000000000000000e+00,6.541240056096148114e-02,1.434281439961571647e-01
6.199999999999999956e-01,-1.000000000000000000e+00,3.527619036835606681e-02,2.547989282424450996e-01
6.199999999999999956e-01,0.000000000000000000e+00,6.119850417636064216e-02,3.568406516852385413e-01
6.199999999999999956e-01,1.000000000000000000e+00,3.542091628872315323e-02,2.565442915189315998e-01
6.400000000000000133e-01,-1.000000000000000000e+00,1.845425279285676373e-02,2.933637438843221812e-01
6.400000000000000133e-01,0.000000000000000000e+00,1.106456809451724921e-01,2.662041399843870781e-01
6.400000000000000133e-01,1.000000000000000000e+00,1.830719661040349985e-02,2.931132779824660028e-01
6.599999999999999201e-01,-1.000000000000000000e+00,1.367179449517210224e-02,3.213441630819313111e-01
6.599999999999999201e-01,0.000000000000000000e+00,1.204252807986514739e-01,2.093653102248989040e-01
6.599999999999999201e-01,1.000000000000000000e+00,1.370228634325467224e-02,3.216285024147944038e-01
6.799999999999999378e-01,-1.000000000000000000e+00,7.124324085537858675e-02,6.266993152463098959e-02
6.799999999999999378e-01,0.000000000000000000e+00,8.608168797320701893e-02,6.337278757313420385e-01
6.799999999999999378e-01,1.000000000000000000e+00,7.785933252975579810e-02,6.853029156387960286e-02
6.999999999999999556e-01,-1.000000000000000000e+00,7.522955588241370117e-03,1.987313307988415323e-01
6.999999999999999556e-01,0.000000000000000000e+00,4.841174086327656306e-02,5.362005931774629364e-01
6.999999999999999556e-01,1.000000000000000000e+00,7.831098400378580862e-03,2.014244856865809452e-01
7.199999999999999734e-01,-1.000000000000000000e+00,6.453606283487253389e-03,2.283242951055824144e-01
7.199999999999999734e-01,0.000000000000000000e+00,8.398899654047246519e-03,5.245048166628782926e-01
7.199999999999999734e-01,1.000000000000000000e+00,6.289017942209665368e-03,2.261841953967857755e-01
7.399999999999999911e-01,-1.000000000000000000e+00,8.309930923291675847e-03,2.426498890079036297e-01
7.399999999999999911e-01,0.000000000000000000e+00,6.345302243797885239e-03,4.940048659776401507e-01
7.399999999999999911e-01,1.000000000000000000e+00,8.050565623481905839e-03,2.407839098357124896e-01
7.600000000000000089e-01,-1.000000000000000000e+00,9.394153281553843313e-03,2.434125472912580801e-01
7.600000000000000089e-01,0.000000000000000000e+00,4.674831396091186364e-02,4.465130695165808183e-01
7.600000000000000089e-01,1.000000000000000000e+00,9.387815409805528796e-03,2.447384986835906828e-01
7.800000000000000266e-01,-1.000000000000000000e+00,8.350630420369514750e-03,2.317552711978507762e-01
7.800000000000000266e-01,0.000000000000000000e+00,1.086030189627991832e-01,4.099579773260452753e-01
7.800000000000000266e-01,1.000000000000000000e+00,8.444277082168641715e-03,2.330587945242178771e-01
8.000000000000000444e-01,-1.000000000000000000e+00,6.071557282027535002e-03,2.127945098125989254e-01
8.000000000000000444e-01,0.000000000000000000e+00,1.639167097282296925e-01,3.996889904794719839e-01
8.000000000000000444e-01,1.000000000000000000e+00,5.943953901977569974e-03,2.117694992987199099e-01
