wavelength_um,air_buffer_um,pml_thickness_um,R,T,R_plus_T,energy_error,solve_time_s,near_cutoff_order,nearest_cutoff_wavelength_um
1.064516129032258007e+00,5.000000000000000000e-01,1.000000000000000000e+00,5.009591424130060977e-01,4.984741471780939626e-01,9.994332895911000048e-01,5.667104088999952438e-04,1.526529679999930522e+01,0.000000000000000000e+00,1.000000000000000000e+00
1.170212765957446832e+00,5.000000000000000000e-01,1.000000000000000000e+00,6.444895362930133098e-01,3.169516699820356109e-01,9.614412062750489207e-01,3.855879372495107926e-02,1.486033270000007178e+01,6.000000000000000000e+00,1.166666666666666741e+00
1.500000000000000000e+00,5.000000000000000000e-01,1.000000000000000000e+00,9.998485854534147066e-01,1.959429892100639156e-08,9.998486050477136677e-01,1.513949522863322628e-04,1.482682480000039504e+01,0.000000000000000000e+00,1.399999999999999911e+00
1.755319148936170137e+00,5.000000000000000000e-01,1.000000000000000000e+00,9.884652835206135801e-01,1.152522787142025023e-08,9.884652950458414633e-01,1.153470495415853669e-02,1.481342360000053304e+01,4.000000000000000000e+00,1.750000000000000000e+00
2.323943661971830998e+00,5.000000000000000000e-01,1.000000000000000000e+00,6.241123373955164144e-01,3.383497795815170184e-01,9.624621169770334328e-01,3.753788302296656720e-02,1.476367680000112159e+01,3.000000000000000000e+00,2.333333333333333481e+00
1.064516129032258007e+00,1.000000000000000000e+00,1.500000000000000000e+00,5.009231896612638124e-01,4.990160660343269106e-01,9.999392556955907230e-01,6.074430440927702790e-05,1.574818800000139163e+01,0.000000000000000000e+00,1.000000000000000000e+00
1.170212765957446832e+00,1.000000000000000000e+00,1.500000000000000000e+00,6.512103435277106778e-01,3.383643203363344010e-01,9.895746638640450232e-01,1.042533613595497677e-02,1.474894940000012866e+01,6.000000000000000000e+00,1.166666666666666741e+00
1.500000000000000000e+00,1.000000000000000000e+00,1.500000000000000000e+00,9.999902664546541642e-01,9.580906254803244876e-10,9.999902674127447710e-01,9.732587255228963841e-06,1.474175020000075165e+01,0.000000000000000000e+00,1.399999999999999911e+00
1.755319148936170137e+00,1.000000000000000000e+00,1.500000000000000000e+00,9.945719627931868256e-01,4.596542126776621607e-09,9.945719673897289725e-01,5.428032610271027458e-03,1.479194389999975101e+01,4.000000000000000000e+00,1.750000000000000000e+00
2.323943661971830998e+00,1.000000000000000000e+00,1.500000000000000000e+00,6.398878794653776181e-01,3.482223573253172555e-01,9.881102367906948736e-01,1.188976320930512642e-02,1.466968050000104995e+01,3.000000000000000000e+00,2.333333333333333481e+00
1.064516129032258007e+00,1.000000000000000000e+00,2.000000000000000000e+00,5.009208157353746138e-01,4.990305406319076598e-01,9.999513563672822736e-01,4.864363271772642605e-05,1.433818379999866011e+01,0.000000000000000000e+00,1.000000000000000000e+00
1.170212765957446832e+00,1.000000000000000000e+00,2.000000000000000000e+00,6.542478279584774681e-01,3.487131876193689806e-01,1.002961015577846560e+00,2.961015577846559665e-03,1.438663330000053975e+01,6.000000000000000000e+00,1.166666666666666741e+00
1.500000000000000000e+00,1.000000000000000000e+00,2.000000000000000000e+00,9.999801943368011869e-01,9.367186080680624582e-10,9.999801952735197785e-01,1.980472648022146842e-05,1.427930110000124841e+01,0.000000000000000000e+00,1.399999999999999911e+00
1.755319148936170137e+00,1.000000000000000000e+00,2.000000000000000000e+00,9.971199987716405921e-01,4.733163090437609287e-09,9.971200035048036758e-01,2.879996495196324169e-03,1.430743719999918540e+01,4.000000000000000000e+00,1.750000000000000000e+00
2.323943661971830998e+00,1.000000000000000000e+00,2.000000000000000000e+00,6.459689345012616934e-01,3.499021989766007423e-01,9.958711334778624913e-01,4.128866522137508710e-03,1.425517950000175915e+01,3.000000000000000000e+00,2.333333333333333481e+00
