wavelength_um,R_fem,T_fem,R_exact,T_exact,R_error,T_error,energy_error,bottom_incoming
2.999999999999999889e-01,4.000847339743648923e-02,9.598731046159285629e-01,4.000000000000000777e-02,9.600000000000001865e-01,8.473397436481455713e-06,1.268953840716235959e-04,1.184219866349200956e-04,1.803468423428854906e-05
3.200000000000000067e-01,4.000621890361939076e-02,9.597833914330524685e-01,4.000000000000000777e-02,9.600000000000001865e-01,6.218903619382987191e-06,2.166085669477180176e-04,2.103896633280921691e-04,6.491740122447580356e-06
3.399999999999999689e-01,4.000753827836132925e-02,9.597727874706187823e-01,4.000000000000000777e-02,9.600000000000001865e-01,7.538278361321482102e-06,2.272125293814042379e-04,2.196742510198745890e-04,8.284609593376667737e-06
3.599999999999999867e-01,4.000688282020361392e-02,9.598750648829753596e-01,4.000000000000000777e-02,9.600000000000001865e-01,6.882820203606143661e-06,1.249351170248269582e-04,1.180522968210473422e-04,2.310279915568522733e-05
3.800000000000000044e-01,4.000626076923040342e-02,9.598782971014445664e-01,4.000000000000000777e-02,9.600000000000001865e-01,6.260769230395646368e-06,1.217028985556201093e-04,1.154421293250162961e-04,1.802029717536066122e-05
4.000000000000000222e-01,4.000596655347595648e-02,9.597786060432229593e-01,4.000000000000000777e-02,9.600000000000001865e-01,5.966553475948710439e-06,2.213939567772271744e-04,2.154274033010494804e-04,1.495539925615141799e-05
4.199999999999999845e-01,4.000842578548975681e-02,9.597769698429661211e-01,4.000000000000000777e-02,9.600000000000001865e-01,8.425785489749038071e-06,2.230301570340653683e-04,2.146043715440804078e-04,1.802415730542769888e-05
4.400000000000000022e-01,4.000808329511178207e-02,9.597701648792902329e-01,4.000000000000000777e-02,9.600000000000001865e-01,8.083295111774302377e-06,2.298351207099535998e-04,2.217518255980266417e-04,2.629529393191251256e-05
4.599999999999999645e-01,4.000714304441072011e-02,9.598800880397332369e-01,4.000000000000000777e-02,9.600000000000001865e-01,7.143044410712340309e-06,1.199119602669496132e-04,1.127689158559874727e-04,1.764871650253648191e-05
4.799999999999999822e-01,4.000713072221377675e-02,9.598777382808549863e-01,4.000000000000000777e-02,9.600000000000001865e-01,7.130722213768980744e-06,1.222617191452002317e-04,1.151309969312785952e-04,9.859676232733268785e-07
5.000000000000000000e-01,4.000817426928440085e-02,9.598749266987758322e-01,4.000000000000000777e-02,9.600000000000001865e-01,8.174269284393076429e-06,1.250733012243543385e-04,1.168990319397877897e-04,2.209098795082005710e-05
5.200000000000000178e-01,4.000691345309666941e-02,9.597894695479555205e-01,4.000000000000000777e-02,9.600000000000001865e-01,6.913453096661636987e-06,2.105304520446660277e-04,2.036169989477754072e-04,2.061664423977252556e-05
5.400000000000000355e-01,4.000830921425330144e-02,9.598841723352041777e-01,4.000000000000000777e-02,9.600000000000001865e-01,8.309214253293673025e-06,1.158276647960088113e-04,1.075184505425763604e-04,2.437365277840177283e-05
5.600000000000000533e-01,4.000627842447065236e-02,9.598029968874903783e-01,4.000000000000000777e-02,9.600000000000001865e-01,6.278424470644583533e-06,1.970031125098081759e-04,1.907246880389346089e-04,1.965236884653179941e-05
5.800000000000000711e-01,4.000784610202872543e-02,9.598860989893593931e-01,4.000000000000000777e-02,9.600000000000001865e-01,7.846102028717660826e-06,1.139010106407933876e-04,1.060549086119300100e-04,1.548997907307607174e-05
5.999999999999999778e-01,4.000676961293986311e-02,9.598718401843910897e-01,4.000000000000000777e-02,9.600000000000001865e-01,6.769612939855340628e-06,1.281598156090968388e-04,1.213902026691027203e-04,2.227691317441820118e-05
6.199999999999999956e-01,4.000557112085554451e-02,9.598872149506350038e-01,4.000000000000000777e-02,9.600000000000001865e-01,5.571120855536737526e-06,1.127850493651827435e-04,1.072139285094309002e-04,1.822811116305518670e-05
6.400000000000000133e-01,4.000407639323921849e-02,9.598101347553348317e-01,4.000000000000000777e-02,9.600000000000001865e-01,4.076393239210718278e-06,1.898652446653548154e-04,1.857888514259498081e-04,1.437463166533974954e-05
6.599999999999999201e-01,4.000358644642412753e-02,9.598822605821446530e-01,4.000000000000000777e-02,9.600000000000001865e-01,3.586446424119760223e-06,1.177394178555335458e-04,1.141529714312472521e-04,2.426602463316952194e-05
6.799999999999999378e-01,4.000296354391779524e-02,9.598006478436892364e-01,4.000000000000000777e-02,9.600000000000001865e-01,2.963543917787470061e-06,1.993521563109501571e-04,1.963886123930169703e-04,1.981606935051079209e-05
6.999999999999999556e-01,4.000508485638461231e-02,9.598718702669155611e-01,4.000000000000000777e-02,9.600000000000001865e-01,5.084856384604541368e-06,1.281297330846253857e-04,1.230448766997849219e-04,2.091124767952754615e-05
7.199999999999999734e-01,4.000511365612843817e-02,9.597827592901142513e-01,4.000000000000000777e-02,9.600000000000001865e-01,5.113656128430399406e-06,2.172407098859352459e-04,2.121270537572828019e-04,2.120720990740530235e-05
7.399999999999999911e-01,4.000515572884641435e-02,9.598048697686778485e-01,4.000000000000000777e-02,9.600000000000001865e-01,5.155728846406582022e-06,1.951302313223379770e-04,1.899745024757093503e-04,1.764365200532145791e-05
7.600000000000000089e-01,4.000820473025422375e-02,9.598717851571645365e-01,4.000000000000000777e-02,9.600000000000001865e-01,8.204730254215975016e-06,1.282148428356499892e-04,1.200101125812258474e-04,1.476832955297309111e-05
7.800000000000000266e-01,4.000754629325942169e-02,9.598855470621047159e-01,4.000000000000000777e-02,9.600000000000001865e-01,7.546293259413916488e-06,1.144529378954706189e-04,1.069066446358624134e-04,1.087956033523126518e-05
8.000000000000000444e-01,4.000695594900406660e-02,9.598046160492975654e-01,4.000000000000000777e-02,9.600000000000001865e-01,6.955949004058825658e-06,1.953839507026211564e-04,1.884280016983819195e-04,1.015647387738549494e-05
