wavelength_um,R_fem,T_fem,R_exact,T_exact,R_error,T_error,energy_error
2.999999999999999889e-01,4.741921264173555488e-07,1.000038869660076157e+00,2.603749622676837092e-31,1.000000000000000000e+00,4.741921264173555488e-07,3.886966007615733076e-05,3.934385220261127358e-05
3.200000000000000067e-01,1.289554522957143956e-01,8.711120323466489124e-01,1.290612383665514229e-01,8.709387616334486326e-01,1.057860708370272906e-04,1.732707132002797579e-04,6.748464236339124511e-05
3.399999999999999689e-01,4.611623907225415042e-02,9.540211701385514775e-01,4.590439238068246691e-02,9.540956076193177759e-01,2.118466915716835097e-04,7.443748076629841393e-05,1.374092108057389794e-04
3.599999999999999867e-01,1.150831252369974023e-01,8.851269026024859432e-01,1.152073732718895682e-01,8.847926267281105428e-01,1.242480348921659594e-04,3.342758743754004058e-04,2.100278394834287354e-04
3.800000000000000044e-01,1.809951471428266484e-02,9.820932909448483183e-01,1.797476909279345156e-02,9.820252309072065033e-01,1.247456214892132820e-04,6.806003764181500770e-05,1.928056591309346146e-04
4.000000000000000222e-01,1.479526526737562631e-01,8.521556810820909433e-01,1.479289940828400762e-01,8.520710059171594519e-01,2.365859091618682797e-05,8.467516493149140899e-05,1.083337558471786366e-04
4.199999999999999845e-01,3.151425596599102819e-02,9.685784122042900846e-01,3.164879379501493034e-02,9.683512062049847158e-01,1.345378290239021557e-04,2.272059993053687776e-04,9.266817028108498278e-05
4.400000000000000022e-01,4.845175429788527166e-02,9.516107840698707632e-01,4.829450886800615295e-02,9.517054911319938748e-01,1.572454298791187144e-04,9.470706212311164052e-05,6.253836775593768493e-05
4.599999999999999645e-01,1.473733729857492070e-01,8.526677800116404526e-01,1.473415897599443802e-01,8.526584102400555087e-01,3.178322580482673132e-05,9.369771584943897835e-06,4.115299738960409570e-05
4.799999999999999822e-01,7.974219593304088249e-02,9.202794698054236333e-01,7.987220447284346103e-02,9.201277955271564002e-01,1.300085398025785377e-04,1.516742782672331202e-04,2.166573846462682695e-05
5.000000000000000000e-01,1.628213866653783374e-07,9.999997633536588104e-01,9.373498641636611691e-32,1.000000000000000000e+00,1.628213866653783374e-07,2.366463411895836089e-07,7.382495448293724394e-08
5.200000000000000178e-01,7.106792681834347980e-02,9.289125493824273994e-01,7.092753106049659584e-02,9.290724689395033487e-01,1.403957578468839618e-04,1.599195570759492924e-04,1.952379922909308618e-05
5.400000000000000355e-01,1.441616207276201211e-01,8.558103262597572813e-01,1.441112123014181567e-01,8.558887876985818988e-01,5.040842620196439583e-05,7.846143882461742436e-05,2.805301262265302853e-05
5.600000000000000533e-01,1.234470920179672609e-01,8.765267081091455692e-01,1.235204520514132098e-01,8.764795479485869567e-01,7.336003344594888009e-05,4.716016055861249612e-05,2.619987288721148389e-05
5.800000000000000711e-01,4.400787998271093321e-02,9.559766387455137515e-01,4.410965611342659853e-02,9.558903438865733460e-01,1.017761307156653250e-04,8.629485894040556104e-05,1.548127177530833620e-05
5.999999999999999778e-01,1.238972889363238519e-07,9.999914772575483335e-01,6.509374056692092729e-32,1.000000000000000000e+00,1.238972889363238519e-07,8.522742451666509567e-06,8.398845162682633259e-06
6.199999999999999956e-01,3.938698004885736459e-02,9.606174813614896113e-01,3.928234308350880832e-02,9.607176569164912472e-01,1.046369653485562656e-04,1.001755550016358853e-04,4.461410346934258087e-06
6.400000000000000133e-01,1.072695273304256208e-01,8.927320433937195876e-01,1.071624704746896306e-01,8.928375295253101473e-01,1.070568557359902195e-04,1.054861315905597507e-04,1.570724145194546395e-06
6.599999999999999201e-01,1.454182682977271379e-01,8.546047916676208223e-01,1.453684480158205505e-01,8.546315519841793940e-01,4.982028190658738254e-05,2.676031655857169511e-05,2.305996534790466512e-05
6.799999999999999378e-01,1.383582736902294885e-01,8.616553917302088861e-01,1.383834770181276708e-01,8.616165229818723015e-01,2.520332789818224839e-05,3.886874833658460204e-05,1.366542043834684250e-05
6.999999999999999556e-01,9.586224658903826079e-02,9.041888531557787934e-01,9.594027275235114671e-02,9.040597272476486035e-01,7.802616331288592111e-05,1.291259081301898703e-04,5.109974481709578242e-05
7.199999999999999734e-01,4.150728429273508463e-02,9.585418934467163643e-01,4.159733777038279734e-02,9.584026622296172304e-01,9.005347764771270969e-05,1.392312170991338860e-04,4.917773945134484848e-05
7.399999999999999911e-01,4.899367435931242451e-03,9.951593627927350916e-01,4.934089128780996293e-03,9.950659108712187617e-01,3.472169284975384212e-05,9.345192151632986111e-05,5.873022866631494310e-05
7.600000000000000089e-01,4.718359181082132023e-03,9.953925590875144502e-01,4.681346357738530063e-03,9.953186536422614639e-01,3.701282334360195964e-05,7.390544525298636813e-05,1.109182685965492965e-04
7.800000000000000266e-01,3.622221412096780779e-02,9.638829551832740483e-01,3.613935685860691915e-02,9.638606431413928588e-01,8.285726236088863939e-05,2.231204188118951492e-05,1.051693042417589652e-04
8.000000000000000444e-01,7.997682684967180600e-02,9.201054815015237143e-01,7.987220447284358593e-02,9.201277955271561781e-01,1.046223768282200650e-04,2.231402563246387416e-05,8.230835119560353519e-05
