wavelength_um,order_m,R_m,T_m,propagating,near_cutoff
2.999999999999999889e-01,-3.000000000000000000e+00,2.075484570022222489e-02,5.326658989755162638e-02,1.000000000000000000e+00,0.000000000000000000e+00
2.999999999999999889e-01,-2.000000000000000000e+00,3.025533112358477425e-02,8.249253565974935809e-02,1.000000000000000000e+00,0.000000000000000000e+00
2.999999999999999889e-01,-1.000000000000000000e+00,3.382391836040395811e-02,1.400581647194297508e-01,1.000000000000000000e+00,0.000000000000000000e+00
2.999999999999999889e-01,0.000000000000000000e+00,4.501556764768043645e-02,2.336819405069873734e-01,1.000000000000000000e+00,0.000000000000000000e+00
2.999999999999999889e-01,1.000000000000000000e+00,3.382490313229932072e-02,1.400614139134580272e-01,1.000000000000000000e+00,0.000000000000000000e+00
2.999999999999999889e-01,2.000000000000000000e+00,3.025720870950494162e-02,8.249121046432499049e-02,1.000000000000000000e+00,0.000000000000000000e+00
2.999999999999999889e-01,3.000000000000000000e+00,2.075513250099976503e-02,5.326668511135593254e-02,1.000000000000000000e+00,0.000000000000000000e+00
3.049999999999999933e-01,-3.000000000000000000e+00,6.561291380739900890e-03,8.482481889771034678e-02,1.000000000000000000e+00,0.000000000000000000e+00
3.049999999999999933e-01,-2.000000000000000000e+00,1.293896277331657921e-02,1.333157566094912705e-01,1.000000000000000000e+00,0.000000000000000000e+00
3.049999999999999933e-01,-1.000000000000000000e+00,2.024461940948914587e-02,9.990466246888372870e-02,1.000000000000000000e+00,0.000000000000000000e+00
3.049999999999999933e-01,0.000000000000000000e+00,4.552770678831970057e-03,2.798770816852894638e-01,1.000000000000000000e+00,0.000000000000000000e+00
3.049999999999999933e-01,1.000000000000000000e+00,2.024511581696526036e-02,9.990789469791705457e-02,1.000000000000000000e+00,0.000000000000000000e+00
3.049999999999999933e-01,2.000000000000000000e+00,1.293970955500734279e-02,1.333139475793539419e-01,1.000000000000000000e+00,0.000000000000000000e+00
3.049999999999999933e-01,3.000000000000000000e+00,6.560658538806797384e-03,8.482390885958142335e-02,1.000000000000000000e+00,0.000000000000000000e+00
3.099999999999999978e-01,-3.000000000000000000e+00,6.420528452265907016e-03,1.097582051578969015e-01,1.000000000000000000e+00,0.000000000000000000e+00
3.099999999999999978e-01,-2.000000000000000000e+00,1.244635961503695598e-02,1.043510259506219562e-01,1.000000000000000000e+00,0.000000000000000000e+00
3.099999999999999978e-01,-1.000000000000000000e+00,1.586885146606977284e-02,9.259341207362106752e-02,1.000000000000000000e+00,0.000000000000000000e+00
3.099999999999999978e-01,0.000000000000000000e+00,9.158534628081085871e-02,2.255559051892718492e-01,1.000000000000000000e+00,0.000000000000000000e+00
3.099999999999999978e-01,1.000000000000000000e+00,1.586919331000072320e-02,9.259702858622574639e-02,1.000000000000000000e+00,0.000000000000000000e+00
3.099999999999999978e-01,2.000000000000000000e+00,1.244691346095065480e-02,1.043509519943948693e-01,1.000000000000000000e+00,0.000000000000000000e+00
3.099999999999999978e-01,3.000000000000000000e+00,6.420188550842294804e-03,1.097589726130913795e-01,1.000000000000000000e+00,0.000000000000000000e+00
3.150000000000000022e-01,-3.000000000000000000e+00,1.444844460029408827e-02,7.243883775153919791e-02,1.000000000000000000e+00,0.000000000000000000e+00
3.150000000000000022e-01,-2.000000000000000000e+00,1.390956358985432663e-02,4.605145683653377037e-02,1.000000000000000000e+00,0.000000000000000000e+00
3.150000000000000022e-01,-1.000000000000000000e+00,1.040934641802010452e-02,9.982503905910437847e-02,1.000000000000000000e+00,0.000000000000000000e+00
3.150000000000000022e-01,0.000000000000000000e+00,2.485121379201763181e-01,2.373436427623124845e-01,1.000000000000000000e+00,0.000000000000000000e+00
3.150000000000000022e-01,1.000000000000000000e+00,1.040989343398904428e-02,9.982677203666150134e-02,1.000000000000000000e+00,0.000000000000000000e+00
3.150000000000000022e-01,2.000000000000000000e+00,1.390915484756862983e-02,4.605225024043796411e-02,1.000000000000000000e+00,0.000000000000000000e+00
3.150000000000000022e-01,3.000000000000000000e+00,1.444794266521281373e-02,7.243890993102895803e-02,1.000000000000000000e+00,0.000000000000000000e+00
3.200000000000000067e-01,-3.000000000000000000e+00,7.930032799423575307e-02,8.724425735297199058e-02,1.000000000000000000e+00,0.000000000000000000e+00
3.200000000000000067e-01,-2.000000000000000000e+00,7.268491592373172675e-05,7.303679791947084721e-02,1.000000000000000000e+00,0.000000000000000000e+00
3.200000000000000067e-01,-1.000000000000000000e+00,1.311175383425645978e-03,1.691528405877734953e-01,1.000000000000000000e+00,0.000000000000000000e+00
3.200000000000000067e-01,0.000000000000000000e+00,6.239013053830219646e-02,1.174276725434477281e-01,1.000000000000000000e+00,0.000000000000000000e+00
3.200000000000000067e-01,1.000000000000000000e+00,1.310960502794200492e-03,1.691579204523174229e-01,1.000000000000000000e+00,0.000000000000000000e+00
3.200000000000000067e-01,2.000000000000000000e+00,7.263753889264918935e-05,7.303583788875656069e-02,1.000000000000000000e+00,0.000000000000000000e+00
3.200000000000000067e-01,3.000000000000000000e+00,7.930052801990257472e-02,8.724390934423967292e-02,1.000000000000000000e+00,0.000000000000000000e+00
3.250000000000000111e-01,-3.000000000000000000e+00,2.101406479783566282e-03,4.705684031489027613e-02,1.000000000000000000e+00,0.000000000000000000e+00
3.250000000000000111e-01,-2.000000000000000000e+00,2.352992090716100534e-02,8.791879449954148606e-02,1.000000000000000000e+00,0.000000000000000000e+00
3.250000000000000111e-01,-1.000000000000000000e+00,3.799923897031663028e-02,1.443805644442320291e-01,1.000000000000000000e+00,0.000000000000000000e+00
3.250000000000000111e-01,0.000000000000000000e+00,1.230425150344532093e-01,1.910194317767609506e-01,1.000000000000000000e+00,0.000000000000000000e+00
3.250000000000000111e-01,1.000000000000000000e+00,3.800003567163164758e-02,1.443815894296341107e-01,1.000000000000000000e+00,0.000000000000000000e+00
3.250000000000000111e-01,2.000000000000000000e+00,2.353175140393093737e-02,8.792168027661406704e-02,1.000000000000000000e+00,0.000000000000000000e+00
3.250000000000000111e-01,3.000000000000000000e+00,2.101658648507985332e-03,4.705656723739789354e-02,1.000000000000000000e+00,0.000000000000000000e+00
3.299999999999999600e-01,-3.000000000000000000e+00,4.359970241918719770e-03,5.352396949624058792e-02,1.000000000000000000e+00,0.000000000000000000e+00
3.299999999999999600e-01,-2.000000000000000000e+00,4.740965439998202219e-02,6.801910336390080969e-02,1.000000000000000000e+00,0.000000000000000000e+00
3.299999999999999600e-01,-1.000000000000000000e+00,2.146874918899714657e-02,2.559030471268405882e-01,1.000000000000000000e+00,0.000000000000000000e+00
3.299999999999999600e-01,0.000000000000000000e+00,2.755517889104917503e-02,7.112696480605533444e-02,1.000000000000000000e+00,0.000000000000000000e+00
3.299999999999999600e-01,1.000000000000000000e+00,2.146983845050518674e-02,2.559056183858254840e-01,1.000000000000000000e+00,0.000000000000000000e+00
3.299999999999999600e-01,2.000000000000000000e+00,4.740867860212609475e-02,6.801869034841820372e-02,1.000000000000000000e+00,0.000000000000000000e+00
3.299999999999999600e-01,3.000000000000000000e+00,4.359902553159710446e-03,5.352399775565153117e-02,1.000000000000000000e+00,0.000000000000000000e+00
3.349999999999999645e-01,-2.000000000000000000e+00,6.027041784191738277e-02,1.346823255619652819e-02,1.000000000000000000e+00,0.000000000000000000e+00
3.349999999999999645e-01,-1.000000000000000000e+00,3.519863227185194513e-03,3.468092769026857591e-01,1.000000000000000000e+00,0.000000000000000000e+00
3.349999999999999645e-01,0.000000000000000000e+00,4.088090916113182316e-02,1.101402577125297488e-01,1.000000000000000000e+00,0.000000000000000000e+00
3.349999999999999645e-01,1.000000000000000000e+00,3.520260378996718439e-03,3.468117212863245924e-01,1.000000000000000000e+00,0.000000000000000000e+00
3.349999999999999645e-01,2.000000000000000000e+00,6.026838198100410715e-02,1.346781022977214942e-02,1.000000000000000000e+00,0.000000000000000000e+00
3.399999999999999689e-01,-2.000000000000000000e+00,2.006709399436235747e-02,8.344778778031351762e-02,1.000000000000000000e+00,0.000000000000000000e+00
3.399999999999999689e-01,-1.000000000000000000e+00,3.652273071581364685e-04,2.227354662382055595e-01,1.000000000000000000e+00,0.000000000000000000e+00
3.399999999999999689e-01,0.000000000000000000e+00,1.227644898397708961e-01,2.240204049285087762e-01,1.000000000000000000e+00,0.000000000000000000e+00
3.399999999999999689e-01,1.000000000000000000e+00,3.652825579783680761e-04,2.227381815340638838e-01,1.000000000000000000e+00,0.000000000000000000e+00
3.399999999999999689e-01,2.000000000000000000e+00,2.006595468229025944e-02,8.344804949165644803e-02,1.000000000000000000e+00,0.000000000000000000e+00
3.449999999999999734e-01,-2.000000000000000000e+00,1.582506744844928981e-02,1.242366940299622774e-01,1.000000000000000000e+00,0.000000000000000000e+00
3.449999999999999734e-01,-1.000000000000000000e+00,1.329119296438877919e-03,1.393799934130855178e-01,1.000000000000000000e+00,0.000000000000000000e+00
3.449999999999999734e-01,0.000000000000000000e+00,2.411799394267440388e-01,1.973029116796675697e-01,1.000000000000000000e+00,0.000000000000000000e+00
3.449999999999999734e-01,1.000000000000000000e+00,1.329069656049686361e-03,1.393821637986218664e-01,1.000000000000000000e+00,0.000000000000000000e+00
3.449999999999999734e-01,2.000000000000000000e+00,1.582478994646720205e-02,1.242375277568129044e-01,1.000000000000000000e+00,0.000000000000000000e+00
3.499999999999999778e-01,-2.000000000000000000e+00,2.202205742954211828e-02,3.459441279411729075e-02,1.000000000000000000e+00,0.000000000000000000e+00
3.499999999999999778e-01,-1.000000000000000000e+00,2.086081662258619171e-02,2.422868505527444039e-01,1.000000000000000000e+00,0.000000000000000000e+00
3.499999999999999778e-01,0.000000000000000000e+00,3.193282898932827685e-01,4.115278396861389576e-02,1.000000000000000000e+00,0.000000000000000000e+00
3.499999999999999778e-01,1.000000000000000000e+00,2.086081287190500594e-02,2.422908009351524283e-01,1.000000000000000000e+00,0.000000000000000000e+00
3.499999999999999778e-01,2.000000000000000000e+00,2.202294440461712369e-02,3.459543526423815990e-02,1.000000000000000000e+00,0.000000000000000000e+00
3.549999999999999822e-01,-2.000000000000000000e+00,2.276522435308344153e-02,9.284455395802693189e-02,1.000000000000000000e+00,0.000000000000000000e+00
3.549999999999999822e-01,-1.000000000000000000e+00,6.279702205225013052e-03,2.146016392582572596e-01,1.000000000000000000e+00,0.000000000000000000e+00
3.549999999999999822e-01,0.000000000000000000e+00,5.323999107512798062e-02,2.737996512325959753e-01,1.000000000000000000e+00,0.000000000000000000e+00
3.549999999999999822e-01,1.000000000000000000e+00,6.279752826021288252e-03,2.146012021905527867e-01,1.000000000000000000e+00,0.000000000000000000e+00
3.549999999999999822e-01,2.000000000000000000e+00,2.276509113059072692e-02,9.284491902502182981e-02,1.000000000000000000e+00,0.000000000000000000e+00
3.599999999999999867e-01,-2.000000000000000000e+00,5.002334117445465453e-03,1.319493795126512603e-01,1.000000000000000000e+00,0.000000000000000000e+00
3.599999999999999867e-01,-1.000000000000000000e+00,1.611408522636343169e-02,1.434013446164131567e-01,1.000000000000000000e+00,0.000000000000000000e+00
3.599999999999999867e-01,0.000000000000000000e+00,2.124497233102996263e-01,1.946440217397475414e-01,1.000000000000000000e+00,0.000000000000000000e+00
3.599999999999999867e-01,1.000000000000000000e+00,1.611396412275115098e-02,1.434038645836681058e-01,1.000000000000000000e+00,0.000000000000000000e+00
3.599999999999999867e-01,2.000000000000000000e+00,5.001546778711176214e-03,1.319481875367097545e-01,1.000000000000000000e+00,0.000000000000000000e+00
3.649999999999999911e-01,-2.000000000000000000e+00,5.800556108028134816e-02,4.521039098705000037e-02,1.000000000000000000e+00,0.000000000000000000e+00
3.649999999999999911e-01,-1.000000000000000000e+00,2.022588434412301434e-02,2.750561173100420920e-01,1.000000000000000000e+00,0.000000000000000000e+00
3.649999999999999911e-01,0.000000000000000000e+00,5.318269937057547303e-02,1.498438277571558230e-01,1.000000000000000000e+00,0.000000000000000000e+00
3.649999999999999911e-01,1.000000000000000000e+00,2.022605856165460639e-02,2.750559671012508534e-01,1.000000000000000000e+00,0.000000000000000000e+00
3.649999999999999911e-01,2.000000000000000000e+00,5.800476545408662921e-02,4.521160590400241652e-02,1.000000000000000000e+00,0.000000000000000000e+00
3.699999999999999956e-01,-2.000000000000000000e+00,8.017358969552225434e-02,1.214130636825562354e-01,1.000000000000000000e+00,0.000000000000000000e+00
3.699999999999999956e-01,-1.000000000000000000e+00,9.282029694602504655e-03,1.530002985518739700e-01,1.000000000000000000e+00,0.000000000000000000e+00
3.699999999999999956e-01,0.000000000000000000e+00,2.926109481538512191e-02,2.430296088424367951e-01,1.000000000000000000e+00,0.000000000000000000e+00
3.699999999999999956e-01,1.000000000000000000e+00,9.282247045232401572e-03,1.530004113094957097e-01,1.000000000000000000e+00,0.000000000000000000e+00
3.699999999999999956e-01,2.000000000000000000e+00,8.017399317890161470e-02,1.214132764750667365e-01,1.000000000000000000e+00,0.000000000000000000e+00
3.750000000000000000e-01,-2.000000000000000000e+00,8.175963903210183015e-02,3.395247074373775736e-02,1.000000000000000000e+00,0.000000000000000000e+00
3.750000000000000000e-01,-1.000000000000000000e+00,9.921607558681816777e-03,2.992749937560411633e-01,1.000000000000000000e+00,0.000000000000000000e+00
3.750000000000000000e-01,0.000000000000000000e+00,9.653668060767485459e-02,5.365409755647843060e-02,1.000000000000000000e+00,0.000000000000000000e+00
3.750000000000000000e-01,1.000000000000000000e+00,9.921809393364604962e-03,2.992774474823385322e-01,1.000000000000000000e+00,0.000000000000000000e+00
3.750000000000000000e-01,2.000000000000000000e+00,8.176027268913164947e-02,3.395275856502244505e-02,1.000000000000000000e+00,0.000000000000000000e+00
3.800000000000000044e-01,-2.000000000000000000e+00,3.909218151270628383e-02,4.308997036984759527e-02,1.000000000000000000e+00,0.000000000000000000e+00
3.800000000000000044e-01,-1.000000000000000000e+00,1.681860881466467825e-02,3.499321668403618246e-01,1.000000000000000000e+00,0.000000000000000000e+00
3.800000000000000044e-01,0.000000000000000000e+00,6.211642689531299277e-02,4.002323770342224724e-02,1.000000000000000000e+00,0.000000000000000000e+00
3.800000000000000044e-01,1.000000000000000000e+00,1.681878461230838437e-02,3.499344107573602591e-01,1.000000000000000000e+00,0.000000000000000000e+00
3.800000000000000044e-01,2.000000000000000000e+00,3.909242285674276174e-02,4.309007430048477499e-02,1.000000000000000000e+00,0.000000000000000000e+00
3.850000000000000089e-01,-2.000000000000000000e+00,2.406786634714584358e-02,6.747990772143411253e-02,1.000000000000000000e+00,0.000000000000000000e+00
3.850000000000000089e-01,-1.000000000000000000e+00,2.451143699268640980e-02,3.273046568130837386e-01,1.000000000000000000e+00,0.000000000000000000e+00
3.850000000000000089e-01,0.000000000000000000e+00,3.330727042147303002e-02,7.997323064894996947e-02,1.000000000000000000e+00,0.000000000000000000e+00
3.850000000000000089e-01,1.000000000000000000e+00,2.451167884655446397e-02,3.273062616503553124e-01,1.000000000000000000e+00,0.000000000000000000e+00
3.850000000000000089e-01,2.000000000000000000e+00,2.406799626997874891e-02,6.747978729374268236e-02,1.000000000000000000e+00,0.000000000000000000e+00
3.900000000000000133e-01,-2.000000000000000000e+00,2.063988455503523028e-02,9.315283071912731916e-02,1.000000000000000000e+00,0.000000000000000000e+00
3.900000000000000133e-01,-1.000000000000000000e+00,2.975927573444317464e-02,2.794080365216023432e-01,1.000000000000000000e+00,0.000000000000000000e+00
3.900000000000000133e-01,0.000000000000000000e+00,2.095321236134503953e-02,1.331381435051633699e-01,1.000000000000000000e+00,0.000000000000000000e+00
3.900000000000000133e-01,1.000000000000000000e+00,2.975961019923467274e-02,2.794093232483240152e-01,1.000000000000000000e+00,0.000000000000000000e+00
3.900000000000000133e-01,2.000000000000000000e+00,2.063994198489753351e-02,9.315256287396836421e-02,1.000000000000000000e+00,0.000000000000000000e+00
3.950000000000000178e-01,-2.000000000000000000e+00,2.375197894605855439e-02,1.211357787572412414e-01,1.000000000000000000e+00,0.000000000000000000e+00
3.950000000000000178e-01,-1.000000000000000000e+00,2.981505766771834487e-02,2.187213925254628544e-01,1.000000000000000000e+00,0.000000000000000000e+00
3.950000000000000178e-01,0.000000000000000000e+00,2.435806021568234087e-02,1.888069175079762074e-01,1.000000000000000000e+00,0.000000000000000000e+00
3.950000000000000178e-01,1.000000000000000000e+00,2.981544523532483199e-02,2.187227386149929731e-01,1.000000000000000000e+00,0.000000000000000000e+00
3.950000000000000178e-01,2.000000000000000000e+00,2.375198727742775309e-02,1.211355995480699471e-01,1.000000000000000000e+00,0.000000000000000000e+00
4.000000000000000222e-01,-2.000000000000000000e+00,8.313241120604843160e-02,1.167247526913733485e-01,1.000000000000000000e+00,0.000000000000000000e+00
4.000000000000000222e-01,-1.000000000000000000e+00,3.955496272338475394e-02,1.485188176064408672e-01,1.000000000000000000e+00,0.000000000000000000e+00
4.000000000000000222e-01,0.000000000000000000e+00,9.469463386032477697e-03,2.146812891938844614e-01,1.000000000000000000e+00,0.000000000000000000e+00
4.000000000000000222e-01,1.000000000000000000e+00,3.955512097458595278e-02,1.485205619766755136e-01,1.000000000000000000e+00,0.000000000000000000e+00
4.000000000000000222e-01,2.000000000000000000e+00,8.313219194753021513e-02,1.167245122294361948e-01,1.000000000000000000e+00,0.000000000000000000e+00
4.049999999999999711e-01,-2.000000000000000000e+00,5.685271821270452414e-02,5.373451771483859357e-02,1.000000000000000000e+00,0.000000000000000000e+00
4.049999999999999711e-01,-1.000000000000000000e+00,4.641423207555323699e-02,2.389038072078872865e-01,1.000000000000000000e+00,0.000000000000000000e+00
4.049999999999999711e-01,0.000000000000000000e+00,8.055622492654536393e-02,1.276405962656450843e-01,1.000000000000000000e+00,0.000000000000000000e+00
4.049999999999999711e-01,1.000000000000000000e+00,4.641453043217676905e-02,2.389051429841711482e-01,1.000000000000000000e+00,0.000000000000000000e+00
4.049999999999999711e-01,2.000000000000000000e+00,5.685246082874032686e-02,5.373461453040684344e-02,1.000000000000000000e+00,0.000000000000000000e+00
4.099999999999999756e-01,-2.000000000000000000e+00,3.712414351565123533e-02,8.311887143840153425e-02,1.000000000000000000e+00,0.000000000000000000e+00
4.099999999999999756e-01,-1.000000000000000000e+00,2.905882551703177150e-02,2.463364600071573096e-01,1.000000000000000000e+00,0.000000000000000000e+00
4.099999999999999756e-01,0.000000000000000000e+00,6.400299383232306571e-02,1.447272250240769498e-01,1.000000000000000000e+00,0.000000000000000000e+00
4.099999999999999756e-01,1.000000000000000000e+00,2.905907302782031326e-02,2.463374423896079468e-01,1.000000000000000000e+00,0.000000000000000000e+00
4.099999999999999756e-01,2.000000000000000000e+00,3.712400453506584097e-02,8.311898132943423834e-02,1.000000000000000000e+00,0.000000000000000000e+00
4.149999999999999800e-01,-2.000000000000000000e+00,8.461974924263104131e-03,6.260982114701060808e-02,1.000000000000000000e+00,0.000000000000000000e+00
4.149999999999999800e-01,-1.000000000000000000e+00,6.201952500137996455e-02,1.712824754762130863e-01,1.000000000000000000e+00,0.000000000000000000e+00
4.149999999999999800e-01,0.000000000000000000e+00,1.206229011873972690e-01,2.706371281286077402e-01,1.000000000000000000e+00,0.000000000000000000e+00
4.149999999999999800e-01,1.000000000000000000e+00,6.202010382662401927e-02,1.712833870390243485e-01,1.000000000000000000e+00,0.000000000000000000e+00
4.149999999999999800e-01,2.000000000000000000e+00,8.461939019476527948e-03,6.261050362543583991e-02,1.000000000000000000e+00,0.000000000000000000e+00
4.199999999999999845e-01,-2.000000000000000000e+00,2.361125532998440552e-02,9.324991314910768825e-02,1.000000000000000000e+00,0.000000000000000000e+00
4.199999999999999845e-01,-1.000000000000000000e+00,2.141944221124130951e-02,2.740331131946704413e-01,1.000000000000000000e+00,0.000000000000000000e+00
4.199999999999999845e-01,0.000000000000000000e+00,3.166298547848775402e-02,1.437137282864101584e-01,1.000000000000000000e+00,0.000000000000000000e+00
4.199999999999999845e-01,1.000000000000000000e+00,2.141961809310191298e-02,2.740335780378306274e-01,1.000000000000000000e+00,0.000000000000000000e+00
4.199999999999999845e-01,2.000000000000000000e+00,2.361116350953262888e-02,9.325007440611439435e-02,1.000000000000000000e+00,0.000000000000000000e+00
4.249999999999999889e-01,-2.000000000000000000e+00,2.214189871088298456e-02,9.482384413809530344e-02,1.000000000000000000e+00,0.000000000000000000e+00
4.249999999999999889e-01,-1.000000000000000000e+00,1.699571660937827106e-02,3.003005001009134145e-01,1.000000000000000000e+00,0.000000000000000000e+00
4.249999999999999889e-01,0.000000000000000000e+00,1.279234604131164812e-02,1.186864226330391764e-01,1.000000000000000000e+00,0.000000000000000000e+00
4.249999999999999889e-01,1.000000000000000000e+00,1.699580706406717684e-02,3.003008723997045437e-01,1.000000000000000000e+00,0.000000000000000000e+00
4.249999999999999889e-01,2.000000000000000000e+00,2.214180664675477125e-02,9.482391215870954182e-02,1.000000000000000000e+00,0.000000000000000000e+00
4.299999999999999933e-01,-2.000000000000000000e+00,1.943513875232400628e-02,9.763852220326610376e-02,1.000000000000000000e+00,0.000000000000000000e+00
4.299999999999999933e-01,-1.000000000000000000e+00,1.593786918705016042e-02,3.097543761677958862e-01,1.000000000000000000e+00,0.000000000000000000e+00
4.299999999999999933e-01,0.000000000000000000e+00,1.042967970220869123e-02,1.040405694061073832e-01,1.000000000000000000e+00,0.000000000000000000e+00
4.299999999999999933e-01,1.000000000000000000e+00,1.593791283847136031e-02,3.097546737185420951e-01,1.000000000000000000e+00,0.000000000000000000e+00
4.299999999999999933e-01,2.000000000000000000e+00,1.943505407065491616e-02,9.763852098489206321e-02,1.000000000000000000e+00,0.000000000000000000e+00
4.349999999999999978e-01,-2.000000000000000000e+00,1.631519031264387631e-02,1.070338776310784529e-01,1.000000000000000000e+00,0.000000000000000000e+00
4.349999999999999978e-01,-1.000000000000000000e+00,1.771842310287001510e-02,2.968715435055652163e-01,1.000000000000000000e+00,0.000000000000000000e+00
4.349999999999999978e-01,0.000000000000000000e+00,1.673574951959758833e-02,1.073884520194643699e-01,1.000000000000000000e+00,0.000000000000000000e+00
4.349999999999999978e-01,1.000000000000000000e+00,1.771844634718625425e-02,2.968718021976017862e-01,1.000000000000000000e+00,0.000000000000000000e+00
4.349999999999999978e-01,2.000000000000000000e+00,1.631511877018668524e-02,1.070338088755948963e-01,1.000000000000000000e+00,0.000000000000000000e+00
4.400000000000000022e-01,-2.000000000000000000e+00,1.331709254942064352e-02,1.243912682850664558e-01,1.000000000000000000e+00,0.000000000000000000e+00
4.400000000000000022e-01,-1.000000000000000000e+00,2.179026871229955767e-02,2.577606765705998115e-01,1.000000000000000000e+00,0.000000000000000000e+00
4.400000000000000022e-01,0.000000000000000000e+00,2.970094903141985362e-02,1.357831697438512675e-01,1.000000000000000000e+00,0.000000000000000000e+00
4.400000000000000022e-01,1.000000000000000000e+00,2.179030309449658809e-02,2.577609890714996355e-01,1.000000000000000000e+00,0.000000000000000000e+00
4.400000000000000022e-01,2.000000000000000000e+00,1.331703642995173652e-02,1.243911341999660858e-01,1.000000000000000000e+00,0.000000000000000000e+00
4.449999999999999512e-01,-2.000000000000000000e+00,1.089591842271270955e-02,1.368819001551004055e-01,1.000000000000000000e+00,0.000000000000000000e+00
4.449999999999999512e-01,-1.000000000000000000e+00,2.526881956928591147e-02,2.054805962863253399e-01,1.000000000000000000e+00,0.000000000000000000e+00
4.449999999999999512e-01,0.000000000000000000e+00,6.359354355775297118e-02,1.793542174730767824e-01,1.000000000000000000e+00,0.000000000000000000e+00
4.449999999999999512e-01,1.000000000000000000e+00,2.526890480089519914e-02,2.054810692982329823e-01,1.000000000000000000e+00,0.000000000000000000e+00
4.449999999999999512e-01,2.000000000000000000e+00,1.089587011429941389e-02,1.368817363009749710e-01,1.000000000000000000e+00,0.000000000000000000e+00
4.499999999999999556e-01,-2.000000000000000000e+00,9.430256258071777198e-03,1.277209453531631400e-01,1.000000000000000000e+00,0.000000000000000000e+00
4.499999999999999556e-01,-1.000000000000000000e+00,2.455454402929446375e-02,1.754916845909613721e-01,1.000000000000000000e+00,0.000000000000000000e+00
4.499999999999999556e-01,0.000000000000000000e+00,1.193515661056949173e-01,2.062540090546679805e-01,1.000000000000000000e+00,0.000000000000000000e+00
4.499999999999999556e-01,1.000000000000000000e+00,2.455468511008377167e-02,1.754923278064391134e-01,1.000000000000000000e+00,0.000000000000000000e+00
4.499999999999999556e-01,2.000000000000000000e+00,9.430200487279955662e-03,1.277207709041361383e-01,1.000000000000000000e+00,0.000000000000000000e+00
4.549999999999999600e-01,-2.000000000000000000e+00,8.851944372592472979e-03,1.041740490698068733e-01,1.000000000000000000e+00,0.000000000000000000e+00
4.549999999999999600e-01,-1.000000000000000000e+00,2.079863576742414441e-02,1.797908585614614863e-01,1.000000000000000000e+00,0.000000000000000000e+00
4.549999999999999600e-01,0.000000000000000000e+00,1.661379563200196807e-01,2.066295824727765740e-01,1.000000000000000000e+00,0.000000000000000000e+00
4.549999999999999600e-01,1.000000000000000000e+00,2.079879949353729759e-02,1.797916122637358560e-01,1.000000000000000000e+00,0.000000000000000000e+00
4.549999999999999600e-01,2.000000000000000000e+00,8.851871698125393303e-03,1.041738577076170152e-01,1.000000000000000000e+00,0.000000000000000000e+00
4.599999999999999645e-01,-2.000000000000000000e+00,8.860917965044264391e-03,7.931020007745345768e-02,1.000000000000000000e+00,0.000000000000000000e+00
4.599999999999999645e-01,-1.000000000000000000e+00,1.674620387833504823e-02,2.041711956302361686e-01,1.000000000000000000e+00,0.000000000000000000e+00
4.599999999999999645e-01,0.000000000000000000e+00,1.874120234313690903e-01,1.944080661870639104e-01,1.000000000000000000e+00,0.000000000000000000e+00
4.599999999999999645e-01,1.000000000000000000e+00,1.674636243097240781e-02,2.041720212842708659e-01,1.000000000000000000e+00,0.000000000000000000e+00
4.599999999999999645e-01,2.000000000000000000e+00,8.860819678516172748e-03,7.930998844460894481e-02,1.000000000000000000e+00,0.000000000000000000e+00
4.649999999999999689e-01,-2.000000000000000000e+00,9.328374018972292875e-03,5.155699996904184595e-02,1.000000000000000000e+00,0.000000000000000000e+00
4.649999999999999689e-01,-1.000000000000000000e+00,1.325304227503462662e-02,2.439073811162755512e-01,1.000000000000000000e+00,0.000000000000000000e+00
4.649999999999999689e-01,0.000000000000000000e+00,1.908296618628933516e-01,1.730747377384638519e-01,1.000000000000000000e+00,0.000000000000000000e+00
4.649999999999999689e-01,1.000000000000000000e+00,1.325317628483860428e-02,2.439083987339355775e-01,1.000000000000000000e+00,0.000000000000000000e+00
4.649999999999999689e-01,2.000000000000000000e+00,9.328217769756803196e-03,5.155676988239733805e-02,1.000000000000000000e+00,0.000000000000000000e+00
4.699999999999999734e-01,-2.000000000000000000e+00,3.101774468787393303e-03,1.238093672377439149e-02,1.000000000000000000e+00,0.000000000000000000e+00
4.699999999999999734e-01,-1.000000000000000000e+00,2.602643561319186935e-02,3.514734092345545569e-01,1.000000000000000000e+00,0.000000000000000000e+00
4.699999999999999734e-01,0.000000000000000000e+00,4.926197611704281193e-02,1.647744365950709333e-01,1.000000000000000000e+00,0.000000000000000000e+00
4.699999999999999734e-01,1.000000000000000000e+00,2.602556940555281542e-02,3.514703171722766140e-01,1.000000000000000000e+00,0.000000000000000000e+00
4.699999999999999734e-01,2.000000000000000000e+00,3.101153824434458792e-03,1.237928098051555015e-02,1.000000000000000000e+00,0.000000000000000000e+00
4.749999999999999778e-01,-2.000000000000000000e+00,1.366405130746703271e-02,8.782941467984523021e-02,1.000000000000000000e+00,0.000000000000000000e+00
4.749999999999999778e-01,-1.000000000000000000e+00,7.056369042943142801e-03,2.801599791829577635e-01,1.000000000000000000e+00,0.000000000000000000e+00
4.749999999999999778e-01,0.000000000000000000e+00,5.577009669707838624e-02,1.668088026839344151e-01,1.000000000000000000e+00,0.000000000000000000e+00
4.749999999999999778e-01,1.000000000000000000e+00,7.056432771923247180e-03,2.801601431449303736e-01,1.000000000000000000e+00,0.000000000000000000e+00
4.749999999999999778e-01,2.000000000000000000e+00,1.366412842911126670e-02,8.782916881895821981e-02,1.000000000000000000e+00,0.000000000000000000e+00
4.799999999999999822e-01,-2.000000000000000000e+00,1.475239859315899058e-02,7.100617137208417584e-02,1.000000000000000000e+00,0.000000000000000000e+00
4.799999999999999822e-01,-1.000000000000000000e+00,5.445881217906045277e-03,3.091207046860915408e-01,1.000000000000000000e+00,0.000000000000000000e+00
4.799999999999999822e-01,0.000000000000000000e+00,3.853378329806270847e-02,1.608139886321278134e-01,1.000000000000000000e+00,0.000000000000000000e+00
4.799999999999999822e-01,1.000000000000000000e+00,5.445945951910171126e-03,3.091210003171237508e-01,1.000000000000000000e+00,0.000000000000000000e+00
4.799999999999999822e-01,2.000000000000000000e+00,1.475243731326342060e-02,7.100592829458175770e-02,1.000000000000000000e+00,0.000000000000000000e+00
4.849999999999999867e-01,-2.000000000000000000e+00,1.640566205914002068e-02,6.009129739464502684e-02,1.000000000000000000e+00,0.000000000000000000e+00
4.849999999999999867e-01,-1.000000000000000000e+00,3.890889488775632621e-03,3.389487244167327940e-01,1.000000000000000000e+00,0.000000000000000000e+00
4.849999999999999867e-01,0.000000000000000000e+00,1.527985143292774975e-02,1.460452321537739906e-01,1.000000000000000000e+00,0.000000000000000000e+00
4.849999999999999867e-01,1.000000000000000000e+00,3.890933731427201423e-03,3.389491232998826931e-01,1.000000000000000000e+00,0.000000000000000000e+00
4.849999999999999867e-01,2.000000000000000000e+00,1.640569100464240107e-02,6.009103863631395925e-02,1.000000000000000000e+00,0.000000000000000000e+00
4.899999999999999911e-01,-2.000000000000000000e+00,1.790981267678599942e-02,5.039665620547728597e-02,1.000000000000000000e+00,0.000000000000000000e+00
4.899999999999999911e-01,-1.000000000000000000e+00,3.121725281219162648e-03,3.615770334694741739e-01,1.000000000000000000e+00,0.000000000000000000e+00
4.899999999999999911e-01,0.000000000000000000e+00,3.392987214196765012e-03,1.305856357065389162e-01,1.000000000000000000e+00,0.000000000000000000e+00
4.899999999999999911e-01,1.000000000000000000e+00,3.121743439074811406e-03,3.615775849027704769e-01,1.000000000000000000e+00,0.000000000000000000e+00
4.899999999999999911e-01,2.000000000000000000e+00,1.790984904679214507e-02,5.039639485911984879e-02,1.000000000000000000e+00,0.000000000000000000e+00
4.949999999999999956e-01,-2.000000000000000000e+00,1.850438057829728936e-02,3.971466009892415938e-02,1.000000000000000000e+00,0.000000000000000000e+00
4.949999999999999956e-01,-1.000000000000000000e+00,3.697626834445630947e-03,3.755111975655144319e-01,1.000000000000000000e+00,0.000000000000000000e+00
4.949999999999999956e-01,0.000000000000000000e+00,6.948002618034204540e-03,1.182402878161518539e-01,1.000000000000000000e+00,0.000000000000000000e+00
4.949999999999999956e-01,1.000000000000000000e+00,3.697615820600536323e-03,3.755120354954698536e-01,1.000000000000000000e+00,0.000000000000000000e+00
4.949999999999999956e-01,2.000000000000000000e+00,1.850444151264549544e-02,3.971443772717786480e-02,1.000000000000000000e+00,0.000000000000000000e+00
5.000000000000000000e-01,-2.000000000000000000e+00,0.000000000000000000e+00,0.000000000000000000e+00,0.000000000000000000e+00,1.000000000000000000e+00
5.000000000000000000e-01,-1.000000000000000000e+00,9.860831867733501829e-03,4.093935421533073105e-01,1.000000000000000000e+00,0.000000000000000000e+00
5.000000000000000000e-01,0.000000000000000000e+00,1.525436011077494283e-02,1.079695952872168213e-01,1.000000000000000000e+00,0.000000000000000000e+00
5.000000000000000000e-01,1.000000000000000000e+00,9.860858190270486989e-03,4.093947871821941309e-01,1.000000000000000000e+00,0.000000000000000000e+00
5.000000000000000000e-01,2.000000000000000000e+00,0.000000000000000000e+00,0.000000000000000000e+00,0.000000000000000000e+00,1.000000000000000000e+00
5.050000000000000044e-01,-1.000000000000000000e+00,9.939933952662170780e-02,1.151263739460568064e-01,1.000000000000000000e+00,0.000000000000000000e+00
5.050000000000000044e-01,0.000000000000000000e+00,1.612416357577656223e-01,4.050351995322276633e-01,1.000000000000000000e+00,0.000000000000000000e+00
5.050000000000000044e-01,1.000000000000000000e+00,9.939973422686980420e-02,1.151264296756425720e-01,1.000000000000000000e+00,0.000000000000000000e+00
5.100000000000000089e-01,-1.000000000000000000e+00,5.731979165403466164e-02,1.708497427204874464e-01,1.000000000000000000e+00,0.000000000000000000e+00
5.100000000000000089e-01,0.000000000000000000e+00,2.663278725603858699e-01,2.774863608564091533e-01,1.000000000000000000e+00,0.000000000000000000e+00
5.100000000000000089e-01,1.000000000000000000e+00,5.731979139905957893e-02,1.708499458126468973e-01,1.000000000000000000e+00,0.000000000000000000e+00
5.150000000000000133e-01,-1.000000000000000000e+00,3.893797060177703329e-02,1.999429083568500520e-01,1.000000000000000000e+00,0.000000000000000000e+00
5.150000000000000133e-01,0.000000000000000000e+00,2.889159436460858044e-01,2.333389082580742402e-01,1.000000000000000000e+00,0.000000000000000000e+00
5.150000000000000133e-01,1.000000000000000000e+00,3.893794591119840998e-02,1.999430481640430968e-01,1.000000000000000000e+00,0.000000000000000000e+00
5.200000000000000178e-01,-1.000000000000000000e+00,3.329382062476185511e-02,1.965024572647578183e-01,1.000000000000000000e+00,0.000000000000000000e+00
5.200000000000000178e-01,0.000000000000000000e+00,3.113978355965846823e-01,2.289967287654249284e-01,1.000000000000000000e+00,0.000000000000000000e+00
5.200000000000000178e-01,1.000000000000000000e+00,3.329380112166997058e-02,1.965024867636524231e-01,1.000000000000000000e+00,0.000000000000000000e+00
5.250000000000000222e-01,-1.000000000000000000e+00,3.188166296364038782e-02,1.845531322051859879e-01,1.000000000000000000e+00,0.000000000000000000e+00
5.250000000000000222e-01,0.000000000000000000e+00,3.295941267106828887e-01,2.375314561422641746e-01,1.000000000000000000e+00,0.000000000000000000e+00
5.250000000000000222e-01,1.000000000000000000e+00,3.188163773125934214e-02,1.845530619899600488e-01,1.000000000000000000e+00,0.000000000000000000e+00
5.300000000000000266e-01,-1.000000000000000000e+00,3.282701928254033730e-02,1.691872825068405084e-01,1.000000000000000000e+00,0.000000000000000000e+00
5.300000000000000266e-01,0.000000000000000000e+00,3.416837159167804838e-01,2.542851464353886315e-01,1.000000000000000000e+00,0.000000000000000000e+00
5.300000000000000266e-01,1.000000000000000000e+00,3.282697003043795470e-02,1.691871598125462006e-01,1.000000000000000000e+00,0.000000000000000000e+00
5.350000000000000311e-01,-1.000000000000000000e+00,3.581582874642242481e-02,1.502366544423988370e-01,1.000000000000000000e+00,0.000000000000000000e+00
5.350000000000000311e-01,0.000000000000000000e+00,3.472772545202464922e-01,2.806148296859741209e-01,1.000000000000000000e+00,0.000000000000000000e+00
5.350000000000000311e-01,1.000000000000000000e+00,3.581574416272875760e-02,1.502365604058709392e-01,1.000000000000000000e+00,0.000000000000000000e+00
5.400000000000000355e-01,-1.000000000000000000e+00,4.108764951643398972e-02,1.248698389934584096e-01,1.000000000000000000e+00,0.000000000000000000e+00
5.400000000000000355e-01,0.000000000000000000e+00,3.455291962600676170e-01,3.225522958019472752e-01,1.000000000000000000e+00,0.000000000000000000e+00
5.400000000000000355e-01,1.000000000000000000e+00,4.108753568847203774e-02,1.248698413818842001e-01,1.000000000000000000e+00,0.000000000000000000e+00
5.449999999999999289e-01,-1.000000000000000000e+00,4.856954963436748568e-02,8.933407616414687502e-02,1.000000000000000000e+00,0.000000000000000000e+00
5.449999999999999289e-01,0.000000000000000000e+00,3.307527253596670436e-01,3.934361221422781330e-01,1.000000000000000000e+00,0.000000000000000000e+00
5.449999999999999289e-01,1.000000000000000000e+00,4.856942424992838347e-02,8.933417708699890880e-02,1.000000000000000000e+00,0.000000000000000000e+00
5.500000000000000444e-01,-1.000000000000000000e+00,5.368674707081037140e-02,5.321302946373433068e-02,1.000000000000000000e+00,0.000000000000000000e+00
5.500000000000000444e-01,0.000000000000000000e+00,2.793906360223633589e-01,5.068054998305687731e-01,1.000000000000000000e+00,0.000000000000000000e+00
5.500000000000000444e-01,1.000000000000000000e+00,5.368662135084202591e-02,5.321317328564047211e-02,1.000000000000000000e+00,0.000000000000000000e+00
5.549999999999999378e-01,-1.000000000000000000e+00,4.012028617472084696e-02,8.263536726040171532e-02,1.000000000000000000e+00,0.000000000000000000e+00
5.549999999999999378e-01,0.000000000000000000e+00,1.617043419362413081e-01,5.927794727704432942e-01,1.000000000000000000e+00,0.000000000000000000e+00
5.549999999999999378e-01,1.000000000000000000e+00,4.012016717080715833e-02,8.263550845161270197e-02,1.000000000000000000e+00,0.000000000000000000e+00
5.600000000000000533e-01,-1.000000000000000000e+00,1.445162106340834064e-02,1.883790018545354050e-01,1.000000000000000000e+00,0.000000000000000000e+00
5.600000000000000533e-01,0.000000000000000000e+00,6.309365811034725602e-02,5.312402291308434554e-01,1.000000000000000000e+00,0.000000000000000000e+00
5.600000000000000533e-01,1.000000000000000000e+00,1.445153925597522301e-02,1.883790886677408905e-01,1.000000000000000000e+00,0.000000000000000000e+00
5.649999999999999467e-01,-1.000000000000000000e+00,3.053476439172315114e-03,2.598896512868513198e-01,1.000000000000000000e+00,0.000000000000000000e+00
5.649999999999999467e-01,0.000000000000000000e+00,3.201252718617556697e-02,4.420968866228057736e-01,1.000000000000000000e+00,0.000000000000000000e+00
5.649999999999999467e-01,1.000000000000000000e+00,3.053439249995702331e-03,2.598896163980515261e-01,1.000000000000000000e+00,0.000000000000000000e+00
5.700000000000000622e-01,-1.000000000000000000e+00,8.775832439645341520e-04,2.949442810284245708e-01,1.000000000000000000e+00,0.000000000000000000e+00
5.700000000000000622e-01,0.000000000000000000e+00,2.004188834172627651e-02,3.883104207404550201e-01,1.000000000000000000e+00,0.000000000000000000e+00
5.700000000000000622e-01,1.000000000000000000e+00,8.775758616318252549e-04,2.949443036890266878e-01,1.000000000000000000e+00,0.000000000000000000e+00
5.749999999999999556e-01,-1.000000000000000000e+00,7.787428663467575903e-04,3.186815360964630472e-01,1.000000000000000000e+00,0.000000000000000000e+00
5.749999999999999556e-01,0.000000000000000000e+00,9.560238552849129740e-03,3.515150321693292779e-01,1.000000000000000000e+00,0.000000000000000000e+00
5.749999999999999556e-01,1.000000000000000000e+00,7.787306594066873951e-04,3.186821647339099228e-01,1.000000000000000000e+00,0.000000000000000000e+00
5.800000000000000711e-01,-1.000000000000000000e+00,2.444933083449828256e-04,3.430574737424035847e-01,1.000000000000000000e+00,0.000000000000000000e+00
5.800000000000000711e-01,0.000000000000000000e+00,1.210083858164236106e-03,3.121824464427295776e-01,1.000000000000000000e+00,0.000000000000000000e+00
5.800000000000000711e-01,1.000000000000000000e+00,2.444958037442448886e-04,3.430578263282207940e-01,1.000000000000000000e+00,0.000000000000000000e+00
5.849999999999999645e-01,-1.000000000000000000e+00,1.817824059230512207e-03,3.638568074346651970e-01,1.000000000000000000e+00,0.000000000000000000e+00
5.849999999999999645e-01,0.000000000000000000e+00,6.068777352341940372e-03,2.625789394987180780e-01,1.000000000000000000e+00,0.000000000000000000e+00
5.849999999999999645e-01,1.000000000000000000e+00,1.817820497589745605e-03,3.638570593691717869e-01,1.000000000000000000e+00,0.000000000000000000e+00
5.899999999999999689e-01,-1.000000000000000000e+00,4.164629566513299713e-02,2.494401478276533912e-01,1.000000000000000000e+00,0.000000000000000000e+00
5.899999999999999689e-01,0.000000000000000000e+00,7.392817090376858913e-02,3.438962711936620620e-01,1.000000000000000000e+00,0.000000000000000000e+00
5.899999999999999689e-01,1.000000000000000000e+00,4.164619932733108071e-02,2.494403280575258619e-01,1.000000000000000000e+00,0.000000000000000000e+00
5.949999999999999734e-01,-1.000000000000000000e+00,8.186657624396430355e-02,8.390241619327434841e-02,1.000000000000000000e+00,0.000000000000000000e+00
5.949999999999999734e-01,0.000000000000000000e+00,9.141089665324590718e-02,5.770481865363655816e-01,1.000000000000000000e+00,0.000000000000000000e+00
5.949999999999999734e-01,1.000000000000000000e+00,8.186645791667922223e-02,8.390245377937126381e-02,1.000000000000000000e+00,0.000000000000000000e+00
5.999999999999999778e-01,-1.000000000000000000e+00,6.453302437522302759e-02,1.421841179289951851e-01,1.000000000000000000e+00,0.000000000000000000e+00
5.999999999999999778e-01,0.000000000000000000e+00,5.518519001525367534e-02,5.313777549155763724e-01,1.000000000000000000e+00,0.000000000000000000e+00
5.999999999999999778e-01,1.000000000000000000e+00,6.453296409113386256e-02,1.421841192043478697e-01,1.000000000000000000e+00,0.000000000000000000e+00
6.049999999999999822e-01,-1.000000000000000000e+00,5.293866241185593569e-02,1.883625450123632139e-01,1.000000000000000000e+00,0.000000000000000000e+00
6.049999999999999822e-01,0.000000000000000000e+00,4.386109163147942913e-02,4.735339728598709219e-01,1.000000000000000000e+00,0.000000000000000000e+00
6.049999999999999822e-01,1.000000000000000000e+00,5.293862910477106776e-02,1.883625317333169902e-01,1.000000000000000000e+00,0.000000000000000000e+00
6.099999999999999867e-01,-1.000000000000000000e+00,4.568487557473598082e-02,2.181910965625853682e-01,1.000000000000000000e+00,0.000000000000000000e+00
6.099999999999999867e-01,0.000000000000000000e+00,4.441358487905261443e-02,4.278321862079078053e-01,1.000000000000000000e+00,0.000000000000000000e+00
6.099999999999999867e-01,1.000000000000000000e+00,4.568485540974154269e-02,2.181910712396425978e-01,1.000000000000000000e+00,0.000000000000000000e+00
6.149999999999999911e-01,-1.000000000000000000e+00,4.011574737819365022e-02,2.395925003137900355e-01,1.000000000000000000e+00,0.000000000000000000e+00
6.149999999999999911e-01,0.000000000000000000e+00,5.091586193421976381e-02,3.896655733418560308e-01,1.000000000000000000e+00,0.000000000000000000e+00
6.149999999999999911e-01,1.000000000000000000e+00,4.011573427849470658e-02,2.395924637707692040e-01,1.000000000000000000e+00,0.000000000000000000e+00
6.199999999999999956e-01,-1.000000000000000000e+00,3.518412530438607549e-02,2.560279592861023357e-01,1.000000000000000000e+00,0.000000000000000000e+00
6.199999999999999956e-01,0.000000000000000000e+00,6.094367979355218290e-02,3.566302771861916687e-01,1.000000000000000000e+00,0.000000000000000000e+00
6.199999999999999956e-01,1.000000000000000000e+00,3.518411605057280428e-02,2.560279120590174262e-01,1.000000000000000000e+00,0.000000000000000000e+00
6.250000000000000000e-01,-1.000000000000000000e+00,3.054271403673500945e-02,2.689262551129076861e-01,1.000000000000000000e+00,0.000000000000000000e+00
6.250000000000000000e-01,0.000000000000000000e+00,7.309502151285798832e-02,3.279653434490976127e-01,1.000000000000000000e+00,0.000000000000000000e+00
6.250000000000000000e-01,1.000000000000000000e+00,3.054270665536874471e-02,2.689261975609658073e-01,1.000000000000000000e+00,0.000000000000000000e+00
6.300000000000000044e-01,-1.000000000000000000e+00,2.614625336175630671e-02,2.790034788869488747e-01,1.000000000000000000e+00,0.000000000000000000e+00
6.300000000000000044e-01,0.000000000000000000e+00,8.620416804661205912e-02,3.034948311033505153e-01,1.000000000000000000e+00,0.000000000000000000e+00
6.300000000000000044e-01,1.000000000000000000e+00,2.614624652764889132e-02,2.790034111459266386e-01,1.000000000000000000e+00,0.000000000000000000e+00
6.350000000000000089e-01,-1.000000000000000000e+00,2.207741468239640681e-02,2.868370679115950228e-01,1.000000000000000000e+00,0.000000000000000000e+00
6.350000000000000089e-01,0.000000000000000000e+00,9.911447828239207392e-02,2.830551661330840130e-01,1.000000000000000000e+00,0.000000000000000000e+00
6.350000000000000089e-01,1.000000000000000000e+00,2.207740746953614983e-02,2.868369897752969244e-01,1.000000000000000000e+00,0.000000000000000000e+00
6.400000000000000133e-01,-1.000000000000000000e+00,1.846557853809642838e-02,2.930964603799504076e-01,1.000000000000000000e+00,0.000000000000000000e+00
6.400000000000000133e-01,0.000000000000000000e+00,1.106669744956709084e-01,2.662076917906144868e-01,1.000000000000000000e+00,0.000000000000000000e+00
6.400000000000000133e-01,1.000000000000000000e+00,1.846557030371452635e-02,2.930963711231651669e-01,1.000000000000000000e+00,0.000000000000000000e+00
6.450000000000000178e-01,-1.000000000000000000e+00,1.546368321333058474e-02,2.986162299172119838e-01,1.000000000000000000e+00,0.000000000000000000e+00
6.450000000000000178e-01,0.000000000000000000e+00,1.197467881836435100e-01,2.520922564213481376e-01,1.000000000000000000e+00,0.000000000000000000e+00
6.450000000000000178e-01,1.000000000000000000e+00,1.546367353400414542e-02,2.986161280579504029e-01,1.000000000000000000e+00,0.000000000000000000e+00
6.500000000000000222e-01,-1.000000000000000000e+00,1.328659184428214110e-02,3.044231567388216431e-01,1.000000000000000000e+00,0.000000000000000000e+00
6.500000000000000222e-01,0.000000000000000000e+00,1.252752168612623340e-01,2.393042801329743063e-01,1.000000000000000000e+00,0.000000000000000000e+00
6.500000000000000222e-01,1.000000000000000000e+00,1.328658046910857239e-02,3.044230396639140412e-01,1.000000000000000000e+00,0.000000000000000000e+00
6.550000000000000266e-01,-1.000000000000000000e+00,1.236575889438600549e-02,3.117806076973210772e-01,1.000000000000000000e+00,0.000000000000000000e+00
6.550000000000000266e-01,0.000000000000000000e+00,1.260209132889922035e-01,2.256854728183254610e-01,1.000000000000000000e+00,0.000000000000000000e+00
6.550000000000000266e-01,1.000000000000000000e+00,1.236574569935253165e-02,3.117804708320250362e-01,1.000000000000000000e+00,0.000000000000000000e+00
6.599999999999999201e-01,-1.000000000000000000e+00,1.386592636916727378e-02,3.221452191618778826e-01,1.000000000000000000e+00,0.000000000000000000e+00
6.599999999999999201e-01,0.000000000000000000e+00,1.199145382555669437e-01,2.080624240784487156e-01,1.000000000000000000e+00,0.000000000000000000e+00
6.599999999999999201e-01,1.000000000000000000e+00,1.386591130358056680e-02,3.221450534865226700e-01,1.000000000000000000e+00,0.000000000000000000e+00
6.650000000000000355e-01,-1.000000000000000000e+00,2.173937359669559158e-02,3.355250517108437358e-01,1.000000000000000000e+00,0.000000000000000000e+00
6.650000000000000355e-01,0.000000000000000000e+00,1.016518875503729796e-01,1.838186686138789383e-01,1.000000000000000000e+00,0.000000000000000000e+00
6.650000000000000355e-01,1.000000000000000000e+00,2.173935642999016982e-02,3.355248339844564276e-01,1.000000000000000000e+00,0.000000000000000000e+00
6.699999999999999289e-01,-1.000000000000000000e+00,5.184816540376224053e-02,3.308684449763152347e-01,1.000000000000000000e+00,0.000000000000000000e+00
6.699999999999999289e-01,0.000000000000000000e+00,5.527457986736421941e-02,1.792917922240555573e-01,1.000000000000000000e+00,0.000000000000000000e+00
6.699999999999999289e-01,1.000000000000000000e+00,5.184813783245830615e-02,3.308680812109497937e-01,1.000000000000000000e+00,0.000000000000000000e+00
6.750000000000000444e-01,-1.000000000000000000e+00,1.174269806833036639e-01,1.643565117810227572e-01,1.000000000000000000e+00,0.000000000000000000e+00
6.750000000000000444e-01,0.000000000000000000e+00,1.837283706212526494e-03,4.345956326880654474e-01,1.000000000000000000e+00,0.000000000000000000e+00
6.750000000000000444e-01,1.000000000000000000e+00,1.174264224558383557e-01,1.643559992914906953e-01,1.000000000000000000e+00,0.000000000000000000e+00
6.799999999999999378e-01,-1.000000000000000000e+00,7.580455431914243092e-02,6.485650578570717473e-02,1.000000000000000000e+00,0.000000000000000000e+00
6.799999999999999378e-01,0.000000000000000000e+00,8.405392951017034986e-02,6.346230817053515327e-01,1.000000000000000000e+00,0.000000000000000000e+00
6.799999999999999378e-01,1.000000000000000000e+00,7.580424972704886966e-02,6.485642225764481905e-02,1.000000000000000000e+00,0.000000000000000000e+00
6.850000000000000533e-01,-1.000000000000000000e+00,2.987908626261156358e-02,3.031446592864952064e-02,1.000000000000000000e+00,0.000000000000000000e+00
6.850000000000000533e-01,0.000000000000000000e+00,1.409850819489822382e-01,7.386265968477286892e-01,1.000000000000000000e+00,0.000000000000000000e+00
6.850000000000000533e-01,1.000000000000000000e+00,2.987903180956805529e-02,3.031464602242857700e-02,1.000000000000000000e+00,0.000000000000000000e+00
6.899999999999999467e-01,-1.000000000000000000e+00,1.141936673861135287e-02,1.555161436059831204e-01,1.000000000000000000e+00,0.000000000000000000e+00
6.899999999999999467e-01,0.000000000000000000e+00,5.448102544788639007e-02,6.116471776465224330e-01,1.000000000000000000e+00,0.000000000000000000e+00
6.899999999999999467e-01,1.000000000000000000e+00,1.141938858632131869e-02,1.555161035673996162e-01,1.000000000000000000e+00,0.000000000000000000e+00
6.950000000000000622e-01,-1.000000000000000000e+00,9.759625624733581778e-03,1.839228433479449254e-01,1.000000000000000000e+00,0.000000000000000000e+00
6.950000000000000622e-01,0.000000000000000000e+00,5.697467833099058993e-02,5.556597390974782336e-01,1.000000000000000000e+00,0.000000000000000000e+00
6.950000000000000622e-01,1.000000000000000000e+00,9.759643889359943467e-03,1.839227904612099618e-01,1.000000000000000000e+00,0.000000000000000000e+00
6.999999999999999556e-01,-1.000000000000000000e+00,7.831302412220349923e-03,1.985595911638976252e-01,1.000000000000000000e+00,0.000000000000000000e+00
6.999999999999999556e-01,0.000000000000000000e+00,4.821862407136539436e-02,5.389990649015136137e-01,1.000000000000000000e+00,0.000000000000000000e+00
6.999999999999999556e-01,1.000000000000000000e+00,7.831316906194535701e-03,1.985595224470855791e-01,1.000000000000000000e+00,0.000000000000000000e+00
7.050000000000000711e-01,-1.000000000000000000e+00,6.706712088212637805e-03,2.086858864020892657e-01,1.000000000000000000e+00,0.000000000000000000e+00
7.050000000000000711e-01,0.000000000000000000e+00,3.700866785644791462e-02,5.322057152521865175e-01,1.000000000000000000e+00,0.000000000000000000e+00
7.050000000000000711e-01,1.000000000000000000e+00,6.706724657149470969e-03,2.086858067803515904e-01,1.000000000000000000e+00,0.000000000000000000e+00
7.099999999999999645e-01,-1.000000000000000000e+00,6.174278419477285430e-03,2.164368339560219234e-01,1.000000000000000000e+00,0.000000000000000000e+00
7.099999999999999645e-01,0.000000000000000000e+00,2.594525193989719036e-02,5.288321948256751170e-01,1.000000000000000000e+00,0.000000000000000000e+00
7.099999999999999645e-01,1.000000000000000000e+00,6.174290090858761300e-03,2.164367472678040416e-01,1.000000000000000000e+00,0.000000000000000000e+00
7.150000000000000799e-01,-1.000000000000000000e+00,6.050748431944120119e-03,2.227383468418967782e-01,1.000000000000000000e+00,0.000000000000000000e+00
7.150000000000000799e-01,0.000000000000000000e+00,1.626839740278537491e-02,5.261531649642607888e-01,1.000000000000000000e+00,0.000000000000000000e+00
7.150000000000000799e-01,1.000000000000000000e+00,6.050759758331284224e-03,2.227382559149685970e-01,1.000000000000000000e+00,0.000000000000000000e+00
7.199999999999999734e-01,-1.000000000000000000e+00,6.211723260445210261e-03,2.280548931369137944e-01,1.000000000000000000e+00,0.000000000000000000e+00
7.199999999999999734e-01,0.000000000000000000e+00,8.720398304835806635e-03,5.227461943906406283e-01,1.000000000000000000e+00,0.000000000000000000e+00
7.199999999999999734e-01,1.000000000000000000e+00,6.211734531021835017e-03,2.280548001327357688e-01,1.000000000000000000e+00,0.000000000000000000e+00
7.249999999999999778e-01,-1.000000000000000000e+00,6.566778170496435224e-03,2.326209593723387870e-01,1.000000000000000000e+00,0.000000000000000000e+00
7.249999999999999778e-01,0.000000000000000000e+00,3.768199969054652782e-03,5.178562147257020909e-01,1.000000000000000000e+00,0.000000000000000000e+00
7.249999999999999778e-01,1.000000000000000000e+00,6.566789518593425974e-03,2.326208660002846429e-01,1.000000000000000000e+00,0.000000000000000000e+00
7.299999999999999822e-01,-1.000000000000000000e+00,7.043163461436033335e-03,2.365380228681760455e-01,1.000000000000000000e+00,0.000000000000000000e+00
7.299999999999999822e-01,0.000000000000000000e+00,1.679367590194637489e-03,5.111582057786246969e-01,1.000000000000000000e+00,0.000000000000000000e+00
7.299999999999999822e-01,1.000000000000000000e+00,7.043174922928881893e-03,2.365379305063716187e-01,1.000000000000000000e+00,0.000000000000000000e+00
7.349999999999999867e-01,-1.000000000000000000e+00,7.577746697310242321e-03,2.398227685715133284e-01,1.000000000000000000e+00,0.000000000000000000e+00
7.349999999999999867e-01,0.000000000000000000e+00,2.558618512742142498e-03,5.026403453478262007e-01,1.000000000000000000e+00,0.000000000000000000e+00
7.349999999999999867e-01,1.000000000000000000e+00,7.577758245462761638e-03,2.398226783352813973e-01,1.000000000000000000e+00,0.000000000000000000e+00
7.399999999999999911e-01,-1.000000000000000000e+00,8.113967352706205963e-03,2.424364413278835562e-01,1.000000000000000000e+00,0.000000000000000000e+00
7.399999999999999911e-01,0.000000000000000000e+00,6.372972543751151929e-03,4.925262452023984605e-01,1.000000000000000000e+00,0.000000000000000000e+00
7.399999999999999911e-01,1.000000000000000000e+00,8.113978920816172433e-03,2.424363541087124208e-01,1.000000000000000000e+00,0.000000000000000000e+00
7.449999999999999956e-01,-1.000000000000000000e+00,8.601692948583388246e-03,2.443078652404057638e-01,1.000000000000000000e+00,0.000000000000000000e+00
7.449999999999999956e-01,0.000000000000000000e+00,1.297270173991587131e-02,4.812082503690860436e-01,1.000000000000000000e+00,0.000000000000000000e+00
7.449999999999999956e-01,1.000000000000000000e+00,8.601704445831170540e-03,2.443077817275387253e-01,1.000000000000000000e+00,0.000000000000000000e+00
7.500000000000000000e-01,-1.000000000000000000e+00,8.998610745850546891e-03,2.453550995168279070e-01,1.000000000000000000e+00,0.000000000000000000e+00
7.500000000000000000e-01,0.000000000000000000e+00,2.210969351104926858e-02,4.691829809774790694e-01,1.000000000000000000e+00,0.000000000000000000e+00
7.500000000000000000e-01,1.000000000000000000e+00,8.998622068847432487e-03,2.453550202085614251e-01,1.000000000000000000e+00,0.000000000000000000e+00
7.550000000000000044e-01,-1.000000000000000000e+00,9.272134863811468120e-03,2.455064613227666004e-01,1.000000000000000000e+00,0.000000000000000000e+00
7.550000000000000044e-01,0.000000000000000000e+00,3.345421189160691089e-02,4.569887110439566635e-01,1.000000000000000000e+00,0.000000000000000000e+00
7.550000000000000044e-01,1.000000000000000000e+00,9.272145905207066288e-03,2.455063865321521765e-01,1.000000000000000000e+00,0.000000000000000000e+00
7.600000000000000089e-01,-1.000000000000000000e+00,9.401007181165817878e-03,2.447191571598654747e-01,1.000000000000000000e+00,0.000000000000000000e+00
7.600000000000000089e-01,0.000000000000000000e+00,4.661165424876875796e-02,4.451481471887293595e-01,1.000000000000000000e+00,0.000000000000000000e+00
7.600000000000000089e-01,1.000000000000000000e+00,9.401017836030161126e-03,2.447190870183329481e-01,1.000000000000000000e+00,0.000000000000000000e+00
7.650000000000000133e-01,-1.000000000000000000e+00,9.375988949374140097e-03,2.429927966089039104e-01,1.000000000000000000e+00,0.000000000000000000e+00
7.650000000000000133e-01,0.000000000000000000e+00,6.114104210342114626e-02,4.341215270619148137e-01,1.000000000000000000e+00,0.000000000000000000e+00
7.650000000000000133e-01,1.000000000000000000e+00,9.375999119860044945e-03,2.429927310720095823e-01,1.000000000000000000e+00,0.000000000000000000e+00
7.700000000000000178e-01,-1.000000000000000000e+00,9.199339043964928006e-03,2.403755453045772483e-01,1.000000000000000000e+00,0.000000000000000000e+00
7.700000000000000178e-01,0.000000000000000000e+00,7.657610363096574446e-02,4.242742743492768920e-01,1.000000000000000000e+00,0.000000000000000000e+00
7.700000000000000178e-01,1.000000000000000000e+00,9.199348642691335468e-03,2.403754841629986150e-01,1.000000000000000000e+00,0.000000000000000000e+00
7.750000000000000222e-01,-1.000000000000000000e+00,8.883118390940417802e-03,2.369622154044504492e-01,1.000000000000000000e+00,0.000000000000000000e+00
7.750000000000000222e-01,0.000000000000000000e+00,9.244825059614346363e-02,4.158612319946203839e-01,1.000000000000000000e+00,0.000000000000000000e+00
7.750000000000000222e-01,1.000000000000000000e+00,8.883127343536101686e-03,2.369621583030466216e-01,1.000000000000000000e+00,0.000000000000000000e+00
7.800000000000000266e-01,-1.000000000000000000e+00,8.446656156676142849e-03,2.328854568094428923e-01,1.000000000000000000e+00,0.000000000000000000e+00
7.800000000000000266e-01,0.000000000000000000e+00,1.083093325872124674e-01,4.090265931009942069e-01,1.000000000000000000e+00,0.000000000000000000e+00
7.800000000000000266e-01,1.000000000000000000e+00,8.446664403847241667e-03,2.328854032758643222e-01,1.000000000000000000e+00,0.000000000000000000e+00
7.849999999999999201e-01,-1.000000000000000000e+00,7.913675095216961275e-03,2.283026233893843682e-01,1.000000000000000000e+00,0.000000000000000000e+00
7.849999999999999201e-01,0.000000000000000000e+00,1.237514628904329700e-01,4.038160918741408589e-01,1.000000000000000000e+00,0.000000000000000000e+00
7.849999999999999201e-01,1.000000000000000000e+00,7.913682594586562286e-03,2.283025728721236325e-01,1.000000000000000000e+00,0.000000000000000000e+00
7.900000000000000355e-01,-1.000000000000000000e+00,7.309570534073354595e-03,2.233813825006868148e-01,1.000000000000000000e+00,0.000000000000000000e+00
7.900000000000000355e-01,0.000000000000000000e+00,1.384216465104582128e-01,4.001965985768747847e-01,1.000000000000000000e+00,0.000000000000000000e+00
7.900000000000000355e-01,1.000000000000000000e+00,7.309577261801846089e-03,2.233813344143151525e-01,1.000000000000000000e+00,0.000000000000000000e+00
7.949999999999999289e-01,-1.000000000000000000e+00,6.659205911022077727e-03,2.182867195225496881e-01,1.000000000000000000e+00,0.000000000000000000e+00
7.949999999999999289e-01,0.000000000000000000e+00,1.520300806135287675e-01,3.980782189381616987e-01,1.000000000000000000e+00,0.000000000000000000e+00
7.949999999999999289e-01,1.000000000000000000e+00,6.659211862938848800e-03,2.182866732961839529e-01,1.000000000000000000e+00,0.000000000000000000e+00
8.000000000000000444e-01,-1.000000000000000000e+00,5.985401392749602374e-03,2.131710199133809713e-01,1.000000000000000000e+00,0.000000000000000000e+00
8.000000000000000444e-01,0.000000000000000000e+00,1.643522889145823951e-01,3.973350184321479683e-01,1.000000000000000000e+00,0.000000000000000000e+00
8.000000000000000444e-01,1.000000000000000000e+00,5.985406584537766687e-03,2.131709750363957601e-01,1.000000000000000000e+00,0.000000000000000000e+00
