wavelength_um,R_fem,R_fdtd_interp,R_difference,T_fem,T_fdtd_interp,T_difference
2.999999999999999889e-01,2.146869071746672075e-01,4.339222151206187372e-01,-2.192353079459515297e-01,7.853185402728777298e-01,5.598004511884205892e-01,2.255180890844571406e-01
3.048543689320388217e-01,8.350410982855173414e-02,2.541914149654467825e-01,-1.706873051368950622e-01,9.165067619864170068e-01,7.938367578959140136e-01,1.226700040905029931e-01
3.097087378640776545e-01,1.538271014483894306e-01,3.827447468018888022e-01,-2.289176453534993716e-01,8.461952061736455200e-01,7.165916614418441632e-01,1.296035447318013567e-01
3.145631067961164873e-01,3.147948102250963665e-01,3.140754138882325686e-01,7.193963368637978917e-04,6.852283877921084843e-01,6.986377874299368740e-01,-1.340939963782838973e-02
3.194174757281553201e-01,2.482827208043545397e-01,1.239374784221557585e-01,1.243452423821987812e-01,7.517735945840305911e-01,8.229424141103027779e-01,-7.116881952627218677e-02
3.242718446601941529e-01,2.664966168032695815e-01,4.999795937527768408e-01,-2.334829769495072593e-01,7.335411187429924373e-01,4.754055341173629157e-01,2.581355846256295217e-01
3.291262135922329857e-01,1.813485997179226927e-01,5.403730348648394521e-01,-3.590244351469167317e-01,8.187054425239472799e-01,4.311876853627083506e-01,3.875177571612389293e-01
3.339805825242718185e-01,1.879023100621372011e-01,2.550501733221084422e-01,-6.714786325997124106e-02,8.171399175398725845e-01,7.365576760983293392e-01,8.058224144154324531e-02
3.388349514563106513e-01,1.555999739607039634e-01,3.209678761708686934e-01,-1.653679022101647300e-01,8.444093703773714044e-01,6.722795484851905590e-01,1.721298218921808454e-01
3.436893203883494841e-01,2.317125210538685254e-01,3.310681227467257015e-01,-9.935560169285717613e-02,7.683142479642756095e-01,6.604965892144968320e-01,1.078176587497787775e-01
3.485436893203883169e-01,4.111189929711050461e-01,2.792188543430159098e-01,1.319001386280891364e-01,5.889025130334222258e-01,7.107995016524893961e-01,-1.218969886190671703e-01
3.533980582524271497e-01,1.633918208946193995e-01,2.751549574580256508e-01,-1.117631365634062512e-01,8.366229418325293876e-01,7.194937849879571301e-01,1.171291568445722575e-01
3.582524271844659824e-01,1.941573000249022796e-01,1.511471285467065884e-01,4.301017147819569120e-02,8.058715325452473488e-01,8.456560800027788094e-01,-3.978454745753146060e-02
3.631067961165048708e-01,2.942114810157557825e-01,5.678866320238230847e-02,2.374228178133734879e-01,7.058078743128962662e-01,9.367611597886822405e-01,-2.309532854757859743e-01
3.679611650485437035e-01,1.673094343790045291e-01,2.007082947934374362e-01,-3.339886041443290710e-02,8.327201056115910438e-01,7.989387757501216214e-01,3.378132986146942240e-02
3.728155339805825363e-01,2.949972257677986320e-01,3.090276789617507625e-01,-1.403045319395213042e-02,7.050226423414367449e-01,6.909678504567202673e-01,1.405479188471647767e-02
3.776699029126213691e-01,2.160526744317261827e-01,3.584644990789233598e-01,-1.424118246471971772e-01,7.839558038436802434e-01,6.383940784525841128e-01,1.455617253910961306e-01
3.825242718446602019e-01,1.459009515767400178e-01,3.817356109980895584e-01,-2.358346594213495406e-01,8.541080274468179079e-01,6.121515837318728392e-01,2.419564437149450686e-01
3.873786407766990347e-01,1.232743563828065797e-01,3.794536397956633778e-01,-2.561792834128567842e-01,8.767370188996101987e-01,6.140473080295187902e-01,2.626897108700914085e-01
3.922330097087378675e-01,1.244327771120384007e-01,3.719167896431301856e-01,-2.474840125310917849e-01,8.755811408798678253e-01,6.241637383812675965e-01,2.514174024986002287e-01
3.970873786407767003e-01,1.429262959409899891e-01,3.863475113417062512e-01,-2.434212154007162621e-01,8.570891574024152026e-01,6.747380208541914337e-01,1.823511365482237689e-01
4.019417475728155331e-01,4.120445391152445791e-01,1.826084871413522215e-01,2.294360519738923576e-01,5.879641995704911750e-01,8.803715654988775174e-01,-2.924073659283863424e-01
4.067961165048543659e-01,2.447584146011833606e-01,1.325992510460580476e-01,1.121591635551253130e-01,7.552504606267717024e-01,8.838587174732711604e-01,-1.286082568464994580e-01
4.116504854368931987e-01,1.739069167818973749e-01,7.356227420016046015e-01,-5.617158252197071988e-01,8.261003409678618903e-01,2.195517973028486280e-01,6.065485436650133177e-01
4.165048543689320315e-01,1.685323045404433784e-01,4.838017330582357056e-01,-3.152694285177923272e-01,8.314745917590812274e-01,4.891400154211249518e-01,3.423345763379562756e-01
4.213592233009708643e-01,1.108847332888015652e-01,5.333649688873925987e-01,-4.224802355985910474e-01,8.891195750684621757e-01,4.492106927830346041e-01,4.399088822854275715e-01
4.262135922330096971e-01,8.702589353300088648e-02,6.206171357107519437e-01,-5.335912421777511128e-01,9.129769471247953794e-01,3.688478441182461154e-01,5.441291030065492640e-01
4.310679611650485299e-01,8.104793706118429419e-02,7.576727246197425547e-01,-6.766247875585582605e-01,9.189543319836783741e-01,2.400445945347610688e-01,6.789097374489172498e-01
4.359223300970873627e-01,8.656827301167586974e-02,5.253442830258938656e-01,-4.387760100142180097e-01,9.134342260868377750e-01,4.761765964449925503e-01,4.372576296418452246e-01
4.407766990291261955e-01,1.038779921304248122e-01,1.086045596646150191e-01,-4.726567534190206921e-03,8.961249309415751929e-01,8.849555411062031141e-01,1.116938983537207886e-02
4.456310679611650283e-01,1.420904058623400634e-01,9.190082699280095746e-02,5.018957886953910597e-02,8.579120280759635619e-01,9.015120532983462720e-01,-4.360002522238271006e-02
4.504854368932038611e-01,1.920086077762236387e-01,2.488745299338436801e-01,-5.686592215762004132e-02,8.079921960356589716e-01,7.464122997522236735e-01,6.157989628343529809e-02
4.553398058252426939e-01,2.271041957951077384e-01,5.397112555497214359e-01,-3.126070597546136698e-01,7.728948629467523590e-01,4.566247602348352808e-01,3.162701027119170782e-01
4.601941747572815267e-01,2.387128476001753874e-01,7.489349771123793298e-01,-5.102221295122039146e-01,7.612849071111362775e-01,2.471594786941901933e-01,5.141254284169460842e-01
4.650485436893203595e-01,2.359632976102797319e-01,7.617298356077195631e-01,-5.257665379974398867e-01,7.640334524578372699e-01,2.340498792792274907e-01,5.299835731786097792e-01
4.699029126213591923e-01,1.859266244247808064e-01,6.289777092584593055e-01,-4.430510848336784990e-01,8.140684385594781913e-01,3.672729313262304562e-01,4.467955072332477351e-01
4.747572815533980251e-01,9.716855059407053519e-02,4.156863951179468608e-01,-3.185178445238763256e-01,9.028300939015165838e-01,5.821911383169854348e-01,3.206389555845311490e-01
4.796116504854368578e-01,8.089972696024971821e-02,2.021400107228756848e-01,-1.212402837626259666e-01,9.190984980450069841e-01,7.990389686930042812e-01,1.200595293520027029e-01
4.844660194174756906e-01,5.789384925167792573e-02,1.009778271592305376e-01,-4.308397790755261192e-02,9.421046460958377722e-01,9.074730685375569372e-01,3.463157755828083495e-02
4.893203883495145234e-01,4.588477336777836701e-02,1.978614051037312915e-01,-1.519766317359529384e-01,9.541076345758477961e-01,8.379867134457942290e-01,1.161209211300535671e-01
4.941747572815533562e-01,4.944869852372101027e-02,1.497895651832036323e-01,-1.003408666594826221e-01,9.505398220922866015e-01,8.359030378018933449e-01,1.146367842903932566e-01
4.990291262135921890e-01,5.775833965619947552e-02,2.365212294525198822e-01,-1.787628897963204067e-01,9.448393881241323733e-01,7.555139450549794855e-01,1.893254430691528878e-01
5.038834951456310218e-01,2.630893408203456296e-01,2.953794002167411392e-01,-3.229005939639550959e-02,7.375358487456714629e-01,6.985765395161965818e-01,3.895930922947488106e-02
5.087378640776698546e-01,3.935335488355555800e-01,3.281284326722558320e-01,6.540511616329974798e-02,6.063624212732222629e-01,6.666340067257945368e-01,-6.027158545257227384e-02
5.135922330097086874e-01,3.665459796315477248e-01,3.398214771428592074e-01,2.672450248868851741e-02,6.335113933499578742e-01,6.552940462483746176e-01,-2.178265289841674335e-02
5.184466019417475202e-01,3.735544995733378615e-01,3.358404565151724142e-01,3.771404305816544733e-02,6.264319926697080598e-01,6.594079757618428461e-01,-3.297598309213478629e-02
5.233009708737863530e-01,3.881588211894122509e-01,3.211132461242591773e-01,6.704557506515307352e-02,6.118340370324829580e-01,6.741453923580719154e-01,-6.231135532558895740e-02
5.281553398058251858e-01,4.024523749735321454e-01,3.014548505725643257e-01,1.009975244009678197e-01,5.975446557985221174e-01,6.937347898841437210e-01,-9.619013408562160361e-02
5.330097087378640186e-01,4.145901949647222140e-01,2.822673394657094215e-01,1.323228554990127925e-01,5.854069245602011584e-01,7.127707898770914152e-01,-1.273638653168902568e-01
5.378640776699028514e-01,4.244014302620154333e-01,2.687016655247150276e-01,1.556997647373004057e-01,5.755951115927375739e-01,7.260133507497756877e-01,-1.504182391570381139e-01
5.427184466019416842e-01,4.298966050762872415e-01,2.679024295906359820e-01,1.619941754856512595e-01,5.700995852369510342e-01,7.259907964833555161e-01,-1.558912112464044819e-01
5.475728155339805170e-01,4.160989108055944685e-01,2.937388878863978481e-01,1.223600229191966204e-01,5.838970095423542395e-01,6.979568299637043394e-01,-1.140598204213500999e-01
5.524271844660193498e-01,3.299047207014592087e-01,4.056473809302257316e-01,-7.574266022876652293e-02,6.700907028731318826e-01,5.778074981768454021e-01,9.228320469628648048e-02
5.572815533980581826e-01,1.617059007268863424e-01,9.937837457497583626e-02,6.232752615191050616e-02,8.382891400278568161e-01,7.352451806839364057e-01,1.030439593439204105e-01
5.621359223300970154e-01,6.020920778191912737e-02,1.532341296290156141e-01,-9.302492184709648670e-02,9.397861094205124388e-01,8.602867063227312983e-01,7.949940309778114056e-02
5.669902912621358482e-01,2.990185255086003427e-02,1.794697444206849457e-01,-1.495678918698249149e-01,9.700939348746261404e-01,8.281152860197863452e-01,1.419786488548397951e-01
5.718446601941746810e-01,1.774881085588927640e-02,2.090382870520568204e-01,-1.912894761961675405e-01,9.822473922256269585e-01,7.968566592206649535e-01,1.853907330049620050e-01
5.766990291262135138e-01,7.605778309840826278e-03,2.412724650277034144e-01,-2.336666867178625873e-01,9.923907931768409796e-01,7.636906329343637889e-01,2.287001602424771907e-01
5.815533980582523466e-01,3.109108659421961122e-04,2.741808862629536714e-01,-2.738699753970114670e-01,9.996860303204496701e-01,7.302855815459214917e-01,2.694004487745281784e-01
5.864077669902911794e-01,2.656311840662144499e-02,3.043204026029243114e-01,-2.777572841963028560e-01,9.734342244872927763e-01,7.000719869180164201e-01,2.733622375692763562e-01
5.912621359223300121e-01,2.205197578976905437e-01,3.293135202170458520e-01,-1.087937623193553083e-01,7.794775253446420971e-01,6.753797609406871905e-01,1.040977644039549066e-01
5.961165048543688449e-01,2.377840692970165648e-01,3.469053160560584548e-01,-1.091212467590418900e-01,7.622129296755469907e-01,6.584932448166104235e-01,1.037196848589365672e-01
6.009708737864076777e-01,1.749963478765774183e-01,3.566007541793028146e-01,-1.816044063027253963e-01,8.250008744562724594e-01,6.499539212791164422e-01,1.750469531771560172e-01
6.058252427184465105e-01,1.464524688555424448e-01,3.593521536443450848e-01,-2.128996847888026400e-01,8.535450049776983628e-01,6.489025585533375606e-01,2.046424464243608021e-01
6.106796116504853433e-01,1.347480570035939629e-01,3.558103472372654563e-01,-2.210622902336714934e-01,8.652496430062939226e-01,6.548027574519611482e-01,2.104468855543327743e-01
6.155339805825241761e-01,1.309847648990362101e-01,3.459853785599923959e-01,-2.150006136609561858e-01,8.690131372888783012e-01,6.675972288904022944e-01,2.014159083984760068e-01
6.203883495145630089e-01,1.314569976660349138e-01,3.315684524706296044e-01,-2.001114548045946906e-01,8.685410858027700076e-01,6.850544945494143612e-01,1.834865912533556465e-01
6.252427184466018417e-01,1.343650899733301318e-01,3.140334381502328243e-01,-1.796683481769026924e-01,8.656331560683153681e-01,7.054148545156971872e-01,1.602183015526181808e-01
6.300970873786406745e-01,1.385880178840560029e-01,2.961065442992409369e-01,-1.575185264151849340e-01,8.614103739527040338e-01,7.263840941251369365e-01,1.350262798275670972e-01
6.349514563106795073e-01,1.432236989635883306e-01,2.813495336577381267e-01,-1.381258346941497961e-01,8.567748240448558317e-01,7.449773393112759656e-01,1.117974847335798660e-01
6.398058252427183401e-01,1.474485615350417667e-01,2.715715966227820743e-01,-1.241230350877403077e-01,8.525500805456311948e-01,7.567388746409616784e-01,9.581120590466951636e-02
6.446601941747571729e-01,1.505191767260139202e-01,2.656989351356592310e-01,-1.151797584096453109e-01,8.494795751816378582e-01,7.583239722078627398e-01,9.115560297377511834e-02
6.495145631067960057e-01,1.518309589250488034e-01,2.771671093774128458e-01,-1.253361504523640424e-01,8.481678966374859296e-01,7.486858131134705996e-01,9.948208352401533006e-02
6.543689320388348385e-01,1.510171297326551310e-01,3.307703935901653569e-01,-1.797532638575102260e-01,8.489818264767814426e-01,7.243619024327828670e-01,1.246199240439985756e-01
6.592233009708736713e-01,1.482100065260493760e-01,3.982137293529562361e-01,-2.500037228269068601e-01,8.517890500454265990e-01,6.170079773494175912e-01,2.347810726960090077e-01
6.640776699029125041e-01,1.452123134453246478e-01,5.985392121028374479e-01,-4.533268986575128001e-01,8.547868414877910492e-01,2.991079971909742508e-01,5.556788442968167985e-01
6.689320388349513369e-01,1.524154006630376312e-01,7.258413145934026200e-01,-5.734259139303650166e-01,8.475838116614349271e-01,1.603224960798346477e-01,6.872613155816003072e-01
6.737864077669901697e-01,2.144414337890963584e-01,6.152652697306503216e-01,-4.008238359415539631e-01,7.855575290999886606e-01,2.957871024669356252e-01,4.897704266330530354e-01
6.786407766990290025e-01,2.459809259176374274e-01,5.131117580961234159e-01,-2.671308321784859885e-01,7.540177696654732920e-01,4.139332692093342647e-01,3.400845004561390272e-01
6.834951456310678353e-01,2.221899521790095533e-01,4.833723389895542843e-01,-2.611823868105447310e-01,7.778089238996721555e-01,4.615109076884499339e-01,3.162980162112222215e-01
6.883495145631066681e-01,6.607556186909893658e-02,4.910998297872673501e-01,-4.250242679181683858e-01,9.339235987500487113e-01,4.654350468067220414e-01,4.684885519433266698e-01
6.932038834951456119e-01,7.954926212043782197e-02,5.199700604216437316e-01,-4.404207983012058958e-01,9.204500191381196350e-01,4.427329808423294821e-01,4.777170382957901529e-01
6.980582524271844447e-01,6.910350758429049944e-02,5.635363282750733838e-01,-4.944328206907828704e-01,9.308958764110790707e-01,4.014956729479517428e-01,5.294002034631273279e-01
7.029126213592232775e-01,5.595331390932403726e-02,6.197441624813316841e-01,-5.637908485720076746e-01,9.440461621112072876e-01,3.452453806582284068e-01,5.988007814529788808e-01
7.077669902912621103e-01,4.347735287791527903e-02,6.886342163362968449e-01,-6.451568634583815243e-01,9.565222072068727543e-01,2.753488537546229242e-01,6.811733534522498301e-01
7.126213592233009431e-01,3.277910156329228580e-02,7.704431427276825506e-01,-7.376640411643902162e-01,9.672205360081481684e-01,1.933223950965700377e-01,7.738981409115781585e-01
7.174757281553397759e-01,2.443279776957680421e-02,8.618179614136833866e-01,-8.373851636441065338e-01,9.755669112202159932e-01,1.052026399948033653e-01,8.703642712254126002e-01
7.223300970873786087e-01,1.878470257202156934e-02,9.478395748136156929e-01,-9.290548722415941096e-01,9.812150718221828161e-01,2.995647326231767188e-02,9.512585985598651650e-01
7.271844660194174415e-01,1.602153000516549214e-02,9.909332500971558266e-01,-9.749117200919903414e-01,9.839783036428610963e-01,1.006643358224294099e-02,9.739118700606181900e-01
7.320388349514562742e-01,1.619345355882350485e-02,8.938532519450236302e-01,-8.776597983862001184e-01,9.838064330198013074e-01,1.446711003774739657e-01,8.391353326423273140e-01
7.368932038834951070e-01,1.923026393976909679e-02,6.406355633228379975e-01,-6.214052993830688765e-01,9.807696691364735653e-01,4.267556417511426115e-01,5.540140273853308983e-01
7.417475728155339398e-01,2.495842356682573607e-02,3.793804883334042644e-01,-3.544220647665785040e-01,9.750415495816637801e-01,6.924908701165363167e-01,2.825506794651274634e-01
7.466019417475727726e-01,3.311922147824089557e-02,1.874559816057211614e-01,-1.543367601274802658e-01,9.668807854690764092e-01,8.701070551984816381e-01,9.677373027059477106e-02
7.514563106796116054e-01,4.338690340289145381e-02,7.824113364325747944e-02,-3.485423024036602563e-02,9.566131313699490768e-01,9.554102633551261325e-01,1.202868014822944254e-03
7.563106796116504382e-01,5.538620417809046736e-02,2.776584968042098214e-02,2.762035449766948522e-02,9.446138528835875681e-01,9.799665352124767859e-01,-3.535268232888921780e-02
7.611650485436892710e-01,6.870948340900212559e-02,9.525788776231891575e-03,5.918369463277023401e-02,9.312905909540711846e-01,9.735251356836057690e-01,-4.223454472953458438e-02
7.660194174757281038e-01,8.293391257266695404e-02,3.470321560988485002e-03,7.946359101167846384e-02,9.170661747323423096e-01,9.563467153771718632e-01,-3.928054064482955354e-02
7.708737864077669366e-01,9.763875532628712994e-02,1.697457389698753608e-03,9.594129793658837113e-02,9.023613412326986216e-01,9.356262916394931795e-01,-3.326495040679455784e-02
7.757281553398057694e-01,1.124220453181458967e-01,1.857040330494900450e-03,1.105650049876509972e-01,8.875780574863204597e-01,9.133677484971536309e-01,-2.578969101083317117e-02
7.805825242718446022e-01,1.269153810494594303e-01,2.596890792922751465e-03,1.243184902565366845e-01,8.730847256486500285e-01,8.906340254055927774e-01,-1.754929975694274891e-02
7.854368932038834350e-01,1.407954625401812987e-01,3.271509624447755792e-03,1.375239529157335494e-01,8.592046463135956103e-01,8.676676096214094303e-01,-8.462963307813820002e-03
7.902912621359222678e-01,1.537914211955579979e-01,3.977027317173397088e-03,1.498143938783846052e-01,8.462086886378605843e-01,8.442773572531753201e-01,1.931331384685264219e-03
7.951456310679611006e-01,1.656877176505565374e-01,4.938484791282165588e-03,1.607492328592743658e-01,8.343123924983029127e-01,8.202655258805769956e-01,1.404686661772591716e-02
8.000000000000000444e-01,1.763230968918551578e-01,6.316954529375314042e-03,1.700061423624798507e-01,8.236770133821342821e-01,7.954789218882648560e-01,2.819809149386942604e-02
