wavelength_um,R_total,T_total,R_plus_T,energy_error,symmetry_abs_max,dofs,cutoff_flag
2.999999999999999889e-01,2.146869071746954072e-01,7.853185402728569686e-01,1.000005447447552376e+00,5.447447552375805913e-06,3.249194028276392032e-06,8.192900000000000000e+04,0.000000000000000000e+00
3.049999999999999933e-01,8.404312815315699570e-02,9.159680707982271741e-01,1.000011198951384239e+00,1.119895138423920855e-05,3.232229033325872969e-06,8.192900000000000000e+04,0.000000000000000000e+00
3.099999999999999978e-01,1.610573811359771457e-01,8.389655015651238390e-01,1.000022882701101068e+00,2.288270110106793709e-05,3.616512604678878695e-06,8.192900000000000000e+04,0.000000000000000000e+00
3.150000000000000022e-01,3.260464834751153340e-01,6.739769086176181645e-01,1.000023392092733499e+00,2.339209273349851514e-05,1.732977557122872270e-06,8.192900000000000000e+04,0.000000000000000000e+00
3.200000000000000067e-01,2.237584448934767378e-01,7.762992360889776622e-01,1.000057680982454400e+00,5.768098245440000937e-05,5.079864543927614662e-06,8.192900000000000000e+04,0.000000000000000000e+00
3.250000000000000111e-01,2.503065271157849936e-01,7.497354679790708687e-01,1.000041995094855807e+00,4.199509485580676937e-05,2.885777072580975045e-06,8.192900000000000000e+04,0.000000000000000000e+00
3.299999999999999600e-01,1.740319723277380382e-01,8.260213912829326155e-01,1.000053363610670765e+00,5.336361067076467180e-05,2.571258984895852251e-06,8.192900000000000000e+04,0.000000000000000000e+00
3.349999999999999645e-01,1.684598325902352256e-01,8.306972986875088560e-01,9.991571312777440816e-01,8.428687222559183567e-04,2.444383638833258487e-06,8.192900000000000000e+04,0.000000000000000000e+00
3.399999999999999689e-01,1.636280483815600317e-01,8.363898899727481018e-01,1.000017938354308189e+00,1.793835430818901955e-05,2.715295858324306977e-06,8.192900000000000000e+04,0.000000000000000000e+00
3.449999999999999734e-01,2.754879857741490690e-01,7.245392906781500386e-01,1.000027276452299052e+00,2.727645229905206747e-05,2.170385536348629074e-06,8.192900000000000000e+04,0.000000000000000000e+00
3.499999999999999778e-01,4.050949212219331907e-01,5.949202835148661439e-01,1.000015204736799390e+00,1.520473679939016165e-05,3.950382408024477598e-06,8.192900000000000000e+04,0.000000000000000000e+00
3.549999999999999822e-01,1.113297615900484538e-01,8.886919656644547416e-01,1.000021727254503112e+00,2.172725450311219220e-05,4.370677044729376348e-07,8.192900000000000000e+04,0.000000000000000000e+00
3.599999999999999867e-01,2.546816535555708749e-01,7.453467979891897910e-01,1.000028451544760610e+00,2.845154476061040327e-05,2.519967254949184721e-06,8.192900000000000000e+04,0.000000000000000000e+00
3.649999999999999911e-01,2.096449688107210330e-01,7.903779090595011159e-01,1.000022877870222260e+00,2.287787022225984401e-05,1.214916952416156271e-06,8.192900000000000000e+04,0.000000000000000000e+00
3.699999999999999956e-01,2.081729544296438972e-01,7.918566588614294188e-01,1.000029613291073316e+00,2.961329107331600596e-05,4.034833793603587182e-07,8.192900000000000000e+04,0.000000000000000000e+00
3.750000000000000000e-01,2.799000092809547646e-01,7.201117681036183216e-01,1.000011777384573142e+00,1.177738457314170262e-05,2.453726297368952203e-06,8.192900000000000000e+04,0.000000000000000000e+00
3.800000000000000044e-01,1.739384246917350940e-01,8.260698599714766388e-01,1.000008284663211677e+00,8.284663211677312233e-06,2.243916998434514198e-06,8.192900000000000000e+04,0.000000000000000000e+00
3.850000000000000089e-01,1.304662488778385032e-01,8.695438441275658015e-01,1.000010093005404332e+00,1.009300540433244464e-05,1.604837271573789081e-06,8.192900000000000000e+04,0.000000000000000000e+00
3.900000000000000133e-01,1.217519248349556577e-01,8.782608968681854256e-01,1.000012821703140986e+00,1.282170314098607378e-05,1.286726721672071250e-06,8.192900000000000000e+04,0.000000000000000000e+00
3.950000000000000178e-01,1.314925293422118391e-01,8.685224269537431541e-01,1.000014956295955049e+00,1.495629595504865961e-05,1.346089530118721456e-06,8.192900000000000000e+04,0.000000000000000000e+00
4.000000000000000222e-01,2.548441502375817791e-01,7.451699336978103716e-01,1.000014083935392151e+00,1.408393539215069268e-05,1.744370234646464013e-06,8.192900000000000000e+04,0.000000000000000000e+00
4.049999999999999711e-01,2.870901664757202210e-01,7.129186787029490047e-01,1.000008845178669281e+00,8.845178669281139605e-06,1.335776283861722646e-06,8.192900000000000000e+04,0.000000000000000000e+00
4.099999999999999756e-01,1.963690404278922164e-01,8.036389801886780759e-01,1.000008020616570237e+00,8.020616570236782650e-06,9.823824506371980902e-07,8.192900000000000000e+04,0.000000000000000000e+00
4.149999999999999800e-01,2.615864439591408797e-01,7.384233154162916923e-01,1.000009759375432683e+00,9.759375432683015106e-06,9.115628112621454449e-07,8.192900000000000000e+04,0.000000000000000000e+00
4.199999999999999845e-01,1.217244646223480109e-01,8.782804070741334623e-01,1.000004871696481556e+00,4.871696481556497815e-06,4.648431601861346962e-07,8.192900000000000000e+04,0.000000000000000000e+00
4.249999999999999889e-01,9.106757507239485183e-02,9.089355514304620076e-01,1.000003126502856832e+00,3.126502856831692156e-06,3.722987911292108265e-07,8.192900000000000000e+04,0.000000000000000000e+00
4.299999999999999933e-01,8.117565455070913094e-02,9.188266624806034066e-01,1.000002317031312593e+00,2.317031312593087478e-06,2.975507462088522459e-07,8.192900000000000000e+04,0.000000000000000000e+00
4.349999999999999978e-01,8.480292805248441923e-02,9.151994842293047494e-01,1.000002412281789210e+00,2.412281789210268812e-06,2.586920365699185709e-07,8.192900000000000000e+04,0.000000000000000000e+00
4.400000000000000022e-01,9.991564981758838115e-02,9.000872378709833255e-01,1.000002887688571818e+00,2.887688571817648153e-06,3.125008998239309221e-07,8.192900000000000000e+04,0.000000000000000000e+00
4.449999999999999512e-01,1.359230564649462070e-01,8.640795195137104256e-01,1.000002575978656605e+00,2.575978656604860362e-06,4.730119076423733304e-07,8.192900000000000000e+04,0.000000000000000000e+00
4.499999999999999556e-01,1.873212519904248752e-01,8.126797377093677444e-01,1.000000989699792564e+00,9.896997925640249605e-07,6.432154777413767732e-07,8.192900000000000000e+04,0.000000000000000000e+00
4.549999999999999600e-01,2.254392076516990029e-01,7.745599600753978464e-01,9.999991677270968493e-01,8.322729031506881370e-07,7.537022743697718852e-07,8.192900000000000000e+04,0.000000000000000000e+00
4.599999999999999645e-01,2.386263273842370025e-01,7.613714716236332780e-01,9.999977990078703360e-01,2.200992129663958963e-06,8.256540346973650912e-07,8.192900000000000000e+04,0.000000000000000000e+00
4.649999999999999689e-01,2.359924722114956908e-01,7.640042874401141715e-01,9.999967596516098345e-01,3.240348390165515013e-06,1.017617660026282067e-06,8.192900000000000000e+04,0.000000000000000000e+00
4.699999999999999734e-01,1.075169094290093497e-01,8.924783807061920093e-01,9.999952901352013868e-01,4.709864798613239145e-06,3.092062277942897452e-06,8.192900000000000000e+04,0.000000000000000000e+00
4.749999999999999778e-01,9.721107824852308343e-02,9.027875085106259467e-01,9.999985867591489885e-01,1.413240851011465793e-06,2.458608870103962118e-07,8.192900000000000000e+04,0.000000000000000000e+00
4.799999999999999822e-01,7.893044637430134125e-02,9.210677933020090524e-01,9.999982396763104076e-01,1.760323689592446783e-06,2.956310322099753307e-07,8.192900000000000000e+04,0.000000000000000000e+00
4.849999999999999867e-01,5.587302771691300685e-02,9.441254159013484637e-01,9.999984436182615122e-01,1.556381738487822020e-06,3.988831498991096680e-07,8.192900000000000000e+04,0.000000000000000000e+00
4.899999999999999911e-01,4.545611765806888138e-02,9.545333051433807503e-01,9.999894228014496456e-01,1.057719855035443857e-05,5.514332963030277313e-07,8.192900000000000000e+04,0.000000000000000000e+00
4.949999999999999956e-01,5.135206736402316008e-02,9.486926187032381774e-01,1.000044686067261379e+00,4.468606726137913654e-05,8.379299554217567447e-07,8.192900000000000000e+04,0.000000000000000000e+00
5.000000000000000000e-01,3.497605016877892992e-02,9.267579246227182210e-01,9.617339747914971371e-01,3.826602520850286293e-02,1.245028886820431779e-06,8.192900000000000000e+04,1.000000000000000000e+00
5.050000000000000044e-01,3.600407095112571620e-01,6.352880031539270833e-01,9.953287126651841898e-01,4.671287334815810155e-03,3.947002480964023619e-07,8.192900000000000000e+04,0.000000000000000000e+00
5.100000000000000089e-01,3.809674556134801104e-01,6.191860493895434692e-01,1.000153505003023469e+00,1.535050030234685892e-04,2.030921594509127459e-07,8.192900000000000000e+04,0.000000000000000000e+00
5.150000000000000133e-01,3.667918601590612337e-01,6.332248647789673335e-01,1.000016724938028512e+00,1.672493802851171552e-05,1.398071930447386535e-07,8.192900000000000000e+04,0.000000000000000000e+00
5.200000000000000178e-01,3.779854573430165288e-01,6.220016727938352252e-01,9.999871301368516985e-01,1.286986314830151912e-05,2.949889460479582226e-08,8.192900000000000000e+04,0.000000000000000000e+00
5.250000000000000222e-01,3.933574274055826048e-01,6.066376503374102391e-01,9.999950777429928994e-01,4.922257007100583337e-06,7.021522593908535725e-08,8.192900000000000000e+04,0.000000000000000000e+00
5.300000000000000266e-01,4.073377052297587619e-01,5.926595887547753128e-01,9.999972939845340747e-01,2.706015465925304397e-06,1.226942943077791170e-07,8.192900000000000000e+04,0.000000000000000000e+00
5.350000000000000311e-01,4.189088274293976677e-01,5.810880445342438971e-01,9.999968719636416203e-01,3.128036358379659987e-06,9.403652789785610366e-08,8.192900000000000000e+04,0.000000000000000000e+00
5.400000000000000355e-01,4.277043814649736930e-01,5.722919761772898850e-01,9.999963576422635780e-01,3.642357736421963921e-06,1.138279619519733110e-07,8.192900000000000000e+04,0.000000000000000000e+00
5.449999999999999289e-01,4.278916992439629197e-01,5.721043753934238474e-01,9.999960746373868226e-01,3.925362613177441062e-06,1.253844391022052029e-07,8.192900000000000000e+04,0.000000000000000000e+00
5.500000000000000444e-01,3.867640044440157632e-01,6.132317025799435273e-01,9.999957070239593460e-01,4.292976040654039593e-06,1.438219061414280908e-07,8.192900000000000000e+04,0.000000000000000000e+00
5.549999999999999378e-01,2.419447952817693204e-01,7.580503484824577809e-01,9.999951437642271568e-01,4.856235772843220388e-06,1.411912109866575449e-07,8.192900000000000000e+04,0.000000000000000000e+00
5.600000000000000533e-01,9.199681842973082835e-02,9.079983196531197231e-01,9.999951380828505654e-01,4.861917149434624719e-06,8.681320548542537097e-08,8.192900000000000000e+04,0.000000000000000000e+00
5.649999999999999467e-01,3.811944287534358572e-02,9.618761543077085641e-01,9.999955971830521984e-01,4.402816947801646563e-06,3.718917661278339781e-08,8.192900000000000000e+04,0.000000000000000000e+00
5.700000000000000622e-01,2.179704744732263721e-02,9.781990054579062788e-01,9.999960529052289715e-01,3.947094771028503146e-06,2.266060211697507043e-08,8.192900000000000000e+04,0.000000000000000000e+00
5.749999999999999556e-01,1.111771207860257418e-02,9.888787329997021924e-01,9.999964450783047631e-01,3.554921695236856749e-06,6.286374468755795419e-07,8.192900000000000000e+04,0.000000000000000000e+00
5.800000000000000711e-01,1.699072970253463983e-03,9.982977465133539008e-01,9.999968194836074131e-01,3.180516392586874019e-06,3.525858172093165877e-07,8.192900000000000000e+04,0.000000000000000000e+00
5.849999999999999645e-01,9.704421909162198184e-03,9.902928063025550065e-01,9.999972282117172151e-01,2.771788282784903856e-06,2.519345065898903613e-07,8.192900000000000000e+04,0.000000000000000000e+00
5.899999999999999689e-01,1.572206658962326531e-01,8.427767470788414261e-01,9.999974129750740515e-01,2.587024925948533394e-06,1.802298724706830058e-07,8.192900000000000000e+04,0.000000000000000000e+00
5.949999999999999734e-01,2.551439308138894191e-01,7.448530565090111244e-01,9.999969873229005435e-01,3.012677099456517738e-06,1.183272850813210653e-07,8.192900000000000000e+04,0.000000000000000000e+00
5.999999999999999778e-01,1.842511784816105447e-01,8.157459920489193994e-01,9.999971705305299441e-01,2.829469470055911984e-06,6.028408916503025239e-08,8.192900000000000000e+04,0.000000000000000000e+00
6.049999999999999822e-01,1.497383831481064465e-01,8.502590496055510982e-01,9.999974327536576002e-01,2.567246342399798209e-06,3.330708486792843814e-08,8.192900000000000000e+04,0.000000000000000000e+00
6.099999999999999867e-01,1.357833158635301518e-01,8.642143540101356880e-01,9.999976698736658953e-01,2.330126334104676289e-06,2.532294277046709396e-08,8.192900000000000000e+04,0.000000000000000000e+00
6.149999999999999911e-01,1.311473435909081275e-01,8.688505374264152703e-01,9.999978810173233423e-01,2.118982676657665820e-06,3.654302083155869241e-08,8.192900000000000000e+04,0.000000000000000000e+00
6.199999999999999956e-01,1.313119211485110627e-01,8.686861485313114306e-01,9.999980696798225210e-01,1.930320177478961341e-06,4.722708490945137783e-08,8.192900000000000000e+04,0.000000000000000000e+00
6.250000000000000000e-01,1.341804422049617251e-01,8.658177961229711617e-01,9.999982383279328868e-01,1.761672067113195794e-06,5.755194187884171697e-08,8.192900000000000000e+04,0.000000000000000000e+00
6.300000000000000044e-01,1.384966679360172537e-01,8.615017211362260285e-01,9.999983890722432545e-01,1.610927756745539341e-06,6.774102223605638073e-08,8.192900000000000000e+04,0.000000000000000000e+00
6.350000000000000089e-01,1.432693004343246201e-01,8.567292238199759602e-01,9.999985242543005803e-01,1.475745699419661605e-06,7.813629809838573692e-08,8.192900000000000000e+04,0.000000000000000000e+00
6.400000000000000133e-01,1.475981233374818458e-01,8.524005232937299503e-01,9.999986466312118516e-01,1.353368788148401336e-06,8.925678524063229702e-08,8.192900000000000000e+04,0.000000000000000000e+00
6.450000000000000178e-01,1.506741449309782488e-01,8.493246143965105244e-01,9.999987593274888287e-01,1.240672511171325709e-06,1.018592615809055246e-07,8.192900000000000000e+04,0.000000000000000000e+00
6.500000000000000222e-01,1.518483891746530423e-01,8.481504765357099629e-01,9.999988657103630052e-01,1.134289636994800787e-06,1.170749076018218204e-07,8.192900000000000000e+04,0.000000000000000000e+00
6.550000000000000266e-01,1.507524178827307493e-01,8.492465513476716854e-01,9.999989692304024347e-01,1.030769597565317497e-06,1.368652960409555419e-07,8.192900000000000000e+04,0.000000000000000000e+00
6.599999999999999201e-01,1.476463759283147825e-01,8.523526967268493237e-01,9.999990726551640785e-01,9.273448359214953030e-07,1.656753552126133400e-07,8.192900000000000000e+04,0.000000000000000000e+00
6.650000000000000355e-01,1.451306175770587514e-01,8.548685543091790739e-01,9.999991718862377699e-01,8.281137622301315560e-07,2.177263873082146972e-07,8.192900000000000000e+04,0.000000000000000000e+00
6.699999999999999289e-01,1.589708831035847592e-01,8.410283184113206412e-01,9.999992015149054003e-01,7.984850945996768701e-07,3.637653654409156445e-07,8.192900000000000000e+04,0.000000000000000000e+00
6.750000000000000444e-01,2.366906868453545476e-01,7.633081437605788722e-01,9.999988306059334198e-01,1.169394066580231595e-06,5.582274653082031080e-07,8.192900000000000000e+04,0.000000000000000000e+00
6.799999999999999378e-01,2.356627335563616366e-01,7.643360097487035265e-01,9.999987433050652186e-01,1.256694934781421580e-06,3.045920935612622671e-07,8.192900000000000000e+04,0.000000000000000000e+00
6.850000000000000533e-01,2.007432000211618606e-01,7.992557087988068076e-01,9.999989088199686682e-01,1.091180031331795419e-06,1.800937790563672536e-07,8.192900000000000000e+04,0.000000000000000000e+00
6.899999999999999467e-01,7.731978077281904949e-02,9.226794248199051696e-01,9.999992055927242607e-01,7.944072757393172424e-07,4.003858350420941292e-08,8.192900000000000000e+04,0.000000000000000000e+00
6.950000000000000622e-01,7.649394784508412037e-02,9.235053729066331485e-01,9.999993207517172689e-01,6.792482827311374649e-07,5.288673496361973037e-08,8.192900000000000000e+04,0.000000000000000000e+00
6.999999999999999556e-01,6.388124338978028172e-02,9.361181785124967902e-01,9.999994219022770858e-01,5.780977229141726070e-07,6.871681204612123395e-08,8.192900000000000000e+04,0.000000000000000000e+00
7.050000000000000711e-01,5.042210460181002080e-02,9.495774084346273458e-01,9.999995130364374152e-01,4.869635625848189875e-07,7.962173767528391011e-08,8.192900000000000000e+04,0.000000000000000000e+00
7.099999999999999645e-01,3.829382045023323883e-02,9.617057760495010266e-01,9.999995964997342446e-01,4.035002657554187522e-07,8.668821788182512478e-08,8.192900000000000000e+04,0.000000000000000000e+00
7.150000000000000799e-01,2.836990559306078186e-02,9.716297677211260808e-01,9.999996733141868210e-01,3.266858131789618369e-07,9.092692818124525900e-08,8.192900000000000000e+04,0.000000000000000000e+00
7.199999999999999734e-01,2.114385609630285018e-02,9.788558876602901915e-01,9.999997437565930625e-01,2.562434069375285617e-07,9.300417802560190239e-08,8.192900000000000000e+04,0.000000000000000000e+00
7.249999999999999778e-01,1.690176765814451268e-02,9.830980400983255763e-01,9.999998077564701271e-01,1.922435298729041619e-07,9.337205414405858050e-08,8.192900000000000000e+04,0.000000000000000000e+00
7.299999999999999822e-01,1.576570597455955250e-02,9.842341591531723610e-01,9.999998651277318684e-01,1.348722681315805971e-07,9.236180442684371883e-08,8.192900000000000000e+04,0.000000000000000000e+00
7.349999999999999867e-01,1.771412345551514472e-02,9.822857922546208709e-01,9.999999157101360225e-01,8.428986397746029979e-08,9.023623193105123619e-08,8.192900000000000000e+04,0.000000000000000000e+00
7.399999999999999911e-01,2.260091881727353119e-02,9.773990406389945207e-01,9.999999594562680727e-01,4.054373192730054143e-08,8.721917113541088895e-08,8.192900000000000000e+04,0.000000000000000000e+00
7.449999999999999956e-01,3.017609913433043356e-02,9.698238973370305605e-01,9.999999964713609524e-01,3.528639047623016722e-09,8.351286703844884585e-08,8.192900000000000000e+04,0.000000000000000000e+00
7.500000000000000000e-01,4.010692632574724970e-02,9.598931007028683737e-01,1.000000027028615568e+00,2.702861556791447128e-08,7.930826648183675331e-08,8.192900000000000000e+04,0.000000000000000000e+00
7.550000000000000044e-01,5.199849266062544356e-02,9.480015588988753850e-01,1.000000051559500891e+00,5.155950089097416367e-08,7.479061442383638791e-08,8.192900000000000000e+04,0.000000000000000000e+00
7.600000000000000089e-01,6.541367926596473870e-02,9.345863913669276712e-01,1.000000070632892424e+00,7.063289242381642907e-08,7.014153252660193516e-08,8.192900000000000000e+04,0.000000000000000000e+00
7.650000000000000133e-01,7.989303017265533824e-02,9.201070547428282786e-01,1.000000084915483534e+00,8.491548353362077250e-08,6.553689432808873505e-08,8.192900000000000000e+04,0.000000000000000000e+00
7.700000000000000178e-01,9.497479131762201487e-02,9.050253038168527553e-01,1.000000095134474742e+00,9.513447474240877000e-08,6.114157863335023535e-08,8.192900000000000000e+04,0.000000000000000000e+00
7.750000000000000222e-01,1.102144963306199849e-01,8.897856057021173992e-01,1.000000102032737370e+00,1.020327373701945817e-07,5.710140382753081667e-08,8.192900000000000000e+04,0.000000000000000000e+00
7.800000000000000266e-01,1.252026531477358484e-01,8.747974531863014214e-01,1.000000106334037353e+00,1.063340373530508032e-07,5.353357857007523535e-08,8.192900000000000000e+04,0.000000000000000000e+00
7.849999999999999201e-01,1.395788205802364901e-01,8.604212881356488873e-01,1.000000108715885405e+00,1.087158854051750723e-07,5.051726073568296727e-08,8.192900000000000000e+04,0.000000000000000000e+00
7.900000000000000355e-01,1.530407943063334109e-01,8.469593154918767519e-01,1.000000109798210080e+00,1.097982100795036331e-07,4.808637166231477522e-08,8.192900000000000000e+04,0.000000000000000000e+00
7.949999999999999289e-01,1.653484983874896896e-01,8.346516117568953952e-01,1.000000110144385168e+00,1.101443851680983244e-07,4.622636573525795711e-08,8.192900000000000000e+04,0.000000000000000000e+00
8.000000000000000444e-01,1.763230968918697850e-01,8.236770133819246720e-01,1.000000110273794540e+00,1.102737945402054720e-07,4.487698521127292395e-08,8.192900000000000000e+04,0.000000000000000000e+00
