wavelength_um,R_skfem_fast,T_skfem_fast,R_plus_T_skfem,energy_error,symmetry_error,cutoff_flag,point_work_time_s,linear_solve_time_s,R_comsol,T_comsol,abs_dR_skfem_comsol,abs_dT_skfem_comsol,R_fdtd,T_fdtd,abs_dR_skfem_fdtd,abs_dT_skfem_fdtd
2.999999999999999889e-01,2.143669594279593860e-01,7.856706644978657117e-01,1.000037623925825070e+00,3.762392582506990379e-05,4.200061055320558623e-05,0.000000000000000000e+00,1.506005599999980404e+00,1.041813400000137335e+00,2.145124899610398594e-01,7.854875100389625553e-01,1.455305330804734787e-04,1.831544589031564030e-04,2.405413972423044444e-01,7.881601447150345940e-01,2.617443781434505845e-02,2.489480217168882348e-03
3.049999999999999933e-01,8.418892644320333241e-02,9.158847119595583397e-01,1.000073638402761755e+00,7.363840276175537269e-05,2.142751152023336658e-05,0.000000000000000000e+00,1.480253600000196457e+00,1.156031199999915771e+00,8.419114988005008127e-02,9.158088501199495024e-01,2.223436846748860773e-06,7.586183960883730037e-05,7.707526641050289895e-02,9.220420583269363091e-01,7.113660032700433455e-03,6.157346367377969365e-03
3.099999999999999978e-01,1.614566053258948697e-01,8.386806827829464961e-01,1.000137288108841283e+00,1.372881088412825079e-04,1.649542921491886638e-05,0.000000000000000000e+00,1.459126400000059220e+00,1.110757899999953224e+00,1.617167994124737440e-01,8.382832005875167081e-01,2.601940865788743285e-04,3.974821954297880211e-04,1.724305245224210803e-01,8.280792922344881735e-01,1.097391919652621062e-02,1.060139054845832263e-02
3.150000000000000022e-01,3.264039528858870831e-01,6.737289384316035301e-01,1.000132891317490724e+00,1.328913174907242478e-04,3.429702108209697897e-05,0.000000000000000000e+00,1.406890800000155650e+00,1.052786599999990358e+00,3.266059445587142784e-01,6.733940554412882751e-01,2.019916728271953232e-04,3.348829903152550358e-04,3.158181706445052916e-01,6.770193531815832388e-01,1.058578224138179147e-02,3.290414749979708731e-03
3.200000000000000067e-01,2.233757478890469328e-01,7.769495466105653669e-01,1.000325294499612383e+00,3.252944996123829924e-04,3.406042201925529866e-05,0.000000000000000000e+00,1.188706099999990329e+00,1.064350500000045940e+00,2.227598115908622500e-01,7.772401884091437729e-01,6.159362981846827623e-04,2.906417985784059965e-04,2.190181182266029425e-01,7.856861783113158193e-01,4.357629662443990304e-03,8.736631700750452367e-03
3.250000000000000111e-01,2.498426479218673890e-01,7.503916073372375317e-01,1.000234255259104810e+00,2.342552591048097099e-04,2.306556304660506429e-05,0.000000000000000000e+00,1.255945399999973233e+00,1.135320399999955043e+00,2.498302166802810198e-01,7.501697833197157328e-01,1.243124158636921273e-05,2.218240175217989218e-04,2.439356873889844401e-01,7.495877134548800669e-01,5.906960532882948867e-03,8.038938823574648396e-04
3.299999999999999600e-01,1.739897183478217868e-01,8.263302856102121563e-01,1.000320003958033999e+00,3.200039580339986145e-04,1.956926138302339524e-05,0.000000000000000000e+00,1.243703800000048432e+00,1.123710399999936271e+00,1.739883676164814263e-01,8.260116323835212659e-01,1.350731340360455945e-06,3.186532266908903566e-04,1.744924919800861507e-01,8.323249478818460778e-01,5.027736322643638900e-04,5.994662271633921513e-03
3.349999999999999645e-01,1.685654241386940200e-01,8.306742932415240865e-01,9.992397173802181065e-01,7.602826197818934872e-04,6.456486329228360715e-06,0.000000000000000000e+00,1.307573299999830851e+00,1.186780900000030670e+00,1.732340028756632622e-01,8.267659971243418449e-01,4.668578736969242193e-03,3.908296117182241680e-03,1.693108895464232044e-01,8.241170076008236256e-01,7.454654077291844594e-04,6.557285640700460938e-03
3.399999999999999689e-01,1.637875518240562989e-01,8.363503004767757210e-01,1.000137852300831964e+00,1.378523008319643139e-04,2.797438607161917279e-05,0.000000000000000000e+00,1.276425799999969968e+00,1.171314199999869743e+00,1.639910237312382502e-01,8.360089762687654691e-01,2.034719071819512948e-04,3.413242080102518727e-04,1.686706519865556475e-01,8.327415327914272636e-01,4.883100162499348640e-03,3.608767685348457377e-03
3.449999999999999734e-01,2.756802001885796383e-01,7.244958274818327215e-01,1.000176027670412360e+00,1.760276704123597824e-04,2.341965502224152562e-05,0.000000000000000000e+00,1.317299399999910747e+00,1.216072100000019418e+00,2.754190939340697142e-01,7.245809060659370582e-01,2.611062545099240850e-04,8.507858410433666307e-05,2.816266547265003362e-01,7.162348039825338075e-01,5.946454537920697891e-03,8.261023499298913997e-03
3.499999999999999778e-01,4.048729891297269678e-01,5.952277043645488597e-01,1.000100693494275772e+00,1.006934942757720108e-04,9.721992790853728472e-06,0.000000000000000000e+00,1.319590199999993274e+00,1.206795300000067073e+00,4.046136632855131254e-01,5.953863367144847096e-01,2.593258442138424158e-04,1.586323499358499589e-04,3.984570004570364699e-01,6.024565063170626011e-01,6.415988672690497996e-03,7.228801952513741469e-03
3.549999999999999822e-01,1.112542626963165804e-01,8.888969551754586362e-01,1.000151217871775300e+00,1.512178717752998836e-04,1.374001717256712052e-05,0.000000000000000000e+00,1.300300600000127815e+00,1.175163999999995212e+00,1.111248460617517003e-01,8.888751539382478972e-01,1.294166345648800620e-04,2.180123721073901066e-05,1.105934952804604882e-01,8.868045228607907005e-01,6.607674158560922217e-04,2.092432314667935778e-03
3.599999999999999867e-01,2.550345873721837631e-01,7.451498619563161618e-01,1.000184449328499925e+00,1.844493284999249028e-04,2.900247714138215471e-05,0.000000000000000000e+00,1.240467300000091200e+00,1.125694600000088030e+00,2.556650514976360200e-01,7.443349485023430523e-01,6.304641254522569405e-04,8.149134539731095472e-04,2.384145726945142707e-01,7.546638529022546837e-01,1.662001467766949236e-02,9.513990945938521904e-03
3.649999999999999911e-01,2.092845723941823000e-01,7.908645798860094445e-01,1.000149152280191744e+00,1.491522801917444241e-04,9.943649670711429689e-06,0.000000000000000000e+00,1.296496400000023641e+00,1.169997800000146526e+00,2.089828609704313112e-01,7.910171390295634986e-01,3.017114237509888053e-04,1.525591435540540886e-04,2.208893251700705940e-01,7.790702953041680479e-01,1.160475277588829401e-02,1.179428458184139661e-02
3.699999999999999956e-01,2.077110950734396833e-01,7.924796531619192619e-01,1.000190748235358917e+00,1.907482353589173840e-04,2.075019131714261889e-05,0.000000000000000000e+00,1.281474900000148409e+00,1.158226300000023912e+00,2.089203469188631868e-01,7.910796530811258220e-01,1.209251845423503502e-03,1.400000080793439849e-03,2.159400699221712683e-01,7.828635764228574212e-01,8.228974848731585023e-03,9.616076739061840684e-03
3.750000000000000000e-01,2.799172241958204910e-01,7.201612333161386825e-01,1.000078457511959229e+00,7.845751195922900934e-05,1.674782191735113557e-05,0.000000000000000000e+00,1.325431999999864274e+00,1.205921299999999974e+00,2.795010752988005831e-01,7.204989247011917008e-01,4.161488970199078707e-04,3.376913850530183225e-04,2.704366213207441416e-01,7.270261264138506707e-01,9.480602875076349356e-03,6.864893097711988190e-03
3.800000000000000044e-01,1.741304804469889222e-01,8.259289803067570990e-01,1.000059460753746077e+00,5.946075374607673325e-05,1.196353750754219902e-05,0.000000000000000000e+00,1.280986200000143072e+00,1.161831399999982750e+00,1.736044478562060733e-01,8.263955521437954532e-01,5.260325907828489189e-04,4.665718370383542535e-04,1.748707900200298093e-01,8.270684388082955030e-01,7.403095730408870701e-04,1.139458501538404001e-03
3.850000000000000089e-01,1.306352105236447403e-01,8.694365800263905708e-01,1.000071790550035367e+00,7.179055003536660706e-05,8.038761312320619190e-06,0.000000000000000000e+00,1.303719100000080289e+00,1.183962999999948806e+00,1.303235452544238560e-01,8.696764547455735350e-01,3.116652692208843334e-04,2.398747191829642134e-04,1.308863906842624714e-01,8.665419428337562957e-01,2.511801606177310742e-04,2.894637192634275102e-03
3.900000000000000133e-01,1.218459306155998123e-01,8.782421748192230648e-01,1.000088105434822960e+00,8.810543482296040452e-05,6.835007512362434312e-06,0.000000000000000000e+00,1.254489799999873867e+00,1.140056700000059209e+00,1.217283821315943287e-01,8.782716178684092379e-01,1.175484840054835667e-04,2.944304918617302036e-05,1.207168714379843050e-01,8.804270075379868610e-01,1.129059177615507337e-03,2.184832718763796144e-03
3.950000000000000178e-01,1.315030416776374889e-01,8.685970613663358542e-01,1.000100103043973343e+00,1.001030439733430200e-04,4.276652017132231975e-06,0.000000000000000000e+00,1.287479099999927712e+00,1.182651600000099279e+00,1.315499394745588968e-01,8.684500605254479311e-01,4.689779692140794154e-05,1.470008408879230899e-04,1.318673734687703103e-01,8.659207320345145842e-01,3.643317911328214365e-04,2.676329331821269975e-03
4.000000000000000222e-01,2.547754687165932341e-01,7.453186574584609314e-01,1.000094126175054221e+00,9.412617505422105069e-05,7.384271424895616498e-06,0.000000000000000000e+00,1.210391000000072381e+00,1.104693099999849437e+00,2.563982756097058502e-01,7.436017243902967033e-01,1.622806893112616056e-03,1.716933068164228082e-03,2.916644032100062511e-01,7.094969320357421561e-01,3.688893449341301700e-02,3.582172542271877536e-02
4.049999999999999711e-01,2.870874369683714122e-01,7.129717528501984258e-01,1.000059189818569783e+00,5.918981856978255962e-05,4.056369632902956379e-06,0.000000000000000000e+00,1.223071899999922607e+00,1.111927199999854565e+00,2.865950291666219951e-01,7.134049708333820572e-01,4.924078017494171178e-04,4.332179831836313610e-04,2.826462007414394240e-01,7.151759637954658855e-01,4.441236226931988273e-03,2.204210945267459643e-03
4.099999999999999756e-01,1.962525042100994321e-01,8.038019290755042956e-01,1.000054433285603839e+00,5.443328560383875470e-05,4.987388969993067356e-06,0.000000000000000000e+00,1.216854199999943376e+00,1.093992899999875590e+00,1.961898178783987035e-01,8.038101821216090404e-01,6.268633170072868133e-05,8.253046104744754530e-06,1.930795934441916495e-01,7.987865652818746387e-01,3.172910765907782649e-03,5.015363793629656897e-03
4.149999999999999800e-01,2.626047510185384737e-01,7.374564692553192691e-01,1.000061220273857687e+00,6.122027385768724628e-05,1.260961400723070724e-05,0.000000000000000000e+00,1.156554099999993923e+00,1.045158700000001772e+00,2.587399575821475728e-01,7.412600424178573677e-01,3.864793436390900894e-03,3.803573162538098629e-03,2.627271623095864261e-01,6.840848305110754923e-01,1.224112910479524530e-04,5.337163874424377674e-02
4.199999999999999845e-01,1.217702890842483898e-01,8.782635933860818422e-01,1.000033882470330315e+00,3.388247033031532851e-05,2.463259364635095316e-06,0.000000000000000000e+00,1.281811699999934717e+00,1.164210299999922427e+00,1.215597089830494082e-01,8.784402910169590850e-01,2.105801011989816285e-04,1.766976308772427728e-04,1.215226540288502355e-01,8.834936674840031534e-01,2.476350553981543356e-04,5.230074097921311171e-03
4.249999999999999889e-01,9.110870820532611380e-02,9.089148523121575174e-01,1.000023560517483645e+00,2.356051748364507148e-05,2.418702979942177755e-06,0.000000000000000000e+00,1.281573700000080862e+00,1.147834400000192545e+00,9.098859895207206394e-02,9.090114010479337647e-01,1.201092532540498636e-04,9.654873577624734082e-05,9.043004064584750368e-02,9.121136486456439263e-01,6.786675594786101273e-04,3.198796333486408905e-03
4.299999999999999933e-01,8.121569545353521380e-02,9.188029256325793703e-01,1.000018621086114612e+00,1.862108611461188445e-05,2.541876868628056840e-06,0.000000000000000000e+00,1.313714600000139399e+00,1.167828200000030847e+00,8.115382292327132097e-02,9.188461770767193393e-01,6.187253026389283317e-05,4.325144413996895310e-05,8.182045455543696111e-02,9.142313397729702196e-01,6.047591019017473091e-04,4.571585859609150759e-03
4.349999999999999978e-01,8.483314411963549517e-02,9.151858782540261972e-01,1.000019022373661581e+00,1.902237366158132659e-05,3.492246600192427941e-06,0.000000000000000000e+00,1.387358299999959854e+00,1.257511999999906038e+00,8.481826602169190155e-02,9.151817339783047123e-01,1.487809794359362670e-05,4.144275721484902419e-06,8.616319000016757490e-02,9.129176257013538187e-01,1.330045880532079727e-03,2.268252552672378464e-03
4.400000000000000022e-01,9.993895576172405482e-02,9.000827704828190390e-01,1.000021726244542997e+00,2.172624454299665331e-05,5.809657075681040617e-06,0.000000000000000000e+00,1.343430800000078307e+00,1.223636100000021543e+00,9.997063089708485562e-02,9.000293691029419563e-01,3.167513536080079906e-05,5.340137987708271083e-05,1.034575829188656149e-01,8.976258609171491321e-01,3.518627157141560047e-03,2.456909565669906925e-03
4.449999999999999512e-01,1.359409059825507360e-01,8.640788742657584676e-01,1.000019780248309287e+00,1.978024830928681865e-05,6.989950147667789437e-06,0.000000000000000000e+00,1.362829799999872193e+00,1.226853399999981775e+00,1.360306012150900301e-01,8.639693987849247359e-01,8.969523253929412299e-05,1.094754808337317087e-04,1.412474306511001809e-01,8.581437334663531979e-01,5.306524668549444934e-03,5.935140799405269618e-03
4.499999999999999556e-01,1.873150523683936031e-01,8.126951491963002594e-01,1.000010201564693890e+00,1.020156469389021936e-05,4.691739088985569239e-06,0.000000000000000000e+00,1.351967199999990044e+00,1.234223599999950238e+00,1.874330287345322144e-01,8.125669712654651766e-01,1.179763661386112883e-04,1.281779308350827762e-04,1.894724336585579261e-01,8.080321353294626086e-01,2.157381290164323007e-03,4.663013866837650845e-03
4.549999999999999600e-01,2.254029975269818131e-01,7.745961328754211728e-01,9.999991304024029581e-01,8.695975970418601264e-07,2.308656065569403282e-06,0.000000000000000000e+00,1.310615599999891856e+00,1.170461700000032579e+00,2.255064947077959070e-01,7.744935052922118368e-01,1.034971808140938698e-04,1.026275832093359597e-04,2.242901896472085099e-01,7.747197330834713069e-01,1.112807879773303199e-03,1.236002080501341638e-04
4.599999999999999645e-01,2.385734168751802720e-01,7.614172284650148059e-01,9.999906453401951056e-01,9.354659804894360775e-06,1.203151545198233308e-06,0.000000000000000000e+00,1.183412800000041898e+00,1.070273199999974167e+00,2.386534723487431231e-01,7.613465276512568769e-01,8.005547356285114269e-05,7.070081375792902634e-05,2.382718604564831033e-01,7.664244265466331196e-01,3.015564186971686489e-04,5.007198081618313701e-03
4.649999999999999689e-01,2.359366810670220915e-01,7.640471944288568240e-01,9.999838754958789711e-01,1.612450412102894859e-05,1.535100660587929156e-06,0.000000000000000000e+00,1.309532899999794608e+00,1.188951099999940197e+00,2.360192426471220961e-01,7.639807573528761830e-01,8.256158010000458347e-05,6.643707598064096942e-05,2.354063157102718462e-01,7.614238511926640918e-01,5.303653567502453203e-04,2.623343236192732242e-03
4.699999999999999734e-01,1.070096467650697991e-01,8.929676775041536230e-01,9.999773242692233666e-01,2.267573077663342929e-05,1.465341094660302379e-06,0.000000000000000000e+00,1.243389700000079756e+00,1.141111499999851731e+00,1.033565578093513515e-01,8.966434421906177565e-01,3.653088955718447606e-03,3.675764686464133568e-03,2.064428145318618624e-01,7.305423040232236209e-01,9.943316776679206326e-02,1.624253734809300020e-01
4.749999999999999778e-01,9.718147240211764959e-02,9.028131063829812897e-01,9.999945787850988976e-01,5.421214901102366923e-06,1.397140411113495517e-06,0.000000000000000000e+00,1.224670600000081322e+00,1.113735099999985323e+00,9.722592136893376535e-02,9.027740786310847199e-01,4.444896681611576472e-05,3.902775189656981780e-05,8.897307674609050698e-02,9.052767092990402498e-01,8.208395656027142606e-03,2.463602916058960091e-03
4.799999999999999822e-01,7.891693834689500475e-02,9.210744719337400355e-01,9.999914102806350957e-01,8.589719364904269128e-06,1.504061708679227394e-06,0.000000000000000000e+00,1.110854799999970055e+00,1.014688299999988885e+00,7.888638495248355420e-02,9.211136150474991124e-01,3.055339441145055179e-05,3.914311375907697510e-05,7.152400759098806460e-02,9.217192978736923337e-01,7.392930755906940155e-03,6.448259399522981994e-04
4.849999999999999867e-01,5.587384244659700239e-02,9.441188864685456927e-01,9.999927289151426812e-01,7.271084857318754757e-06,1.635583988593425353e-06,0.000000000000000000e+00,1.168463900000006106e+00,1.039809699999977965e+00,5.583654012454206811e-02,9.441634598754626850e-01,3.730232205493427822e-05,4.457340691699229751e-05,5.075971853938723161e-02,9.520538552095380025e-01,5.114123907209770781e-03,7.934968740992309755e-03
4.899999999999999911e-01,4.546270171647076586e-02,9.545255813437114600e-01,9.999882830601822814e-01,1.171693981771859683e-05,1.685462981258767368e-06,0.000000000000000000e+00,1.073591699999951743e+00,9.589661999998497777e-01,4.545045084819550330e-02,9.545495491518045661e-01,1.225086827526256084e-05,2.396780809310605775e-05,4.956998456320146906e-02,9.530698379037176871e-01,4.107282846730703207e-03,1.455743439993772981e-03
4.949999999999999956e-01,5.135258378954479092e-02,9.487043232080287769e-01,1.000056906997573547e+00,5.690699757354700239e-05,1.542398569184810775e-06,0.000000000000000000e+00,1.130875199999991310e+00,1.027872099999967759e+00,5.136211010038004704e-02,9.486378898996122855e-01,9.526310835256124321e-06,6.643330841649142116e-05,5.579508481739305775e-02,9.429237059420366718e-01,4.442501027848266837e-03,5.780617265992105125e-03
5.000000000000000000e-01,3.493403714855486397e-02,9.269371313635570431e-01,9.618711685121119626e-01,3.812883148788803744e-02,9.009628103018307854e-06,1.000000000000000000e+00,1.115183699999988676e+00,1.008790800000042509e+00,3.246784928416614202e-02,9.675321507158318735e-01,2.466187864388721951e-03,4.059501935227483038e-02,8.429812882410558927e-02,9.129746188749822133e-01,4.936409167555072530e-02,1.396251248857482974e-02
5.050000000000000044e-01,3.596251287485405790e-01,6.356819686488504040e-01,9.953070973973909830e-01,4.692902602609017038e-03,4.656991816939792805e-06,0.000000000000000000e+00,1.134536500000194792e+00,1.021039799999925890e+00,2.831018407929746794e-01,7.168981592070249320e-01,7.652328795556589958e-02,8.121619055817452804e-02,3.415275035103132462e-01,6.545491662407897371e-01,1.809762523822733282e-02,1.886719759193933310e-02
5.100000000000000089e-01,3.808928076097924387e-01,6.192396352335360898e-01,1.000132442843328473e+00,1.324428433284730033e-04,2.971908504525999639e-06,0.000000000000000000e+00,1.151409800000010364e+00,1.050216600000112521e+00,3.902793312026007211e-01,6.097206687973777406e-01,9.386523592808282412e-03,9.518966436158349254e-03,3.790032518656289984e-01,6.166627244133972008e-01,1.889555744163440298e-03,2.576910820138889058e-03
5.150000000000000133e-01,3.666995702721490558e-01,6.332963233145065818e-01,9.999958935866556375e-01,4.106413344362458417e-06,1.732168810587852992e-06,0.000000000000000000e+00,1.181571199999780220e+00,1.065443299999969895e+00,3.683679567407467936e-01,6.316320432592515965e-01,1.668386468597737871e-03,1.664280055254985236e-03,3.713046523415095002e-01,6.273134712761111453e-01,4.605082069360444397e-03,5.982852038395436445e-03
5.200000000000000178e-01,3.778889603384408824e-01,6.220785646072677366e-01,9.999675249457086190e-01,3.247505429138097810e-05,1.667381944292500862e-06,0.000000000000000000e+00,1.073277700000062396e+00,9.646539000000302622e-01,3.777149129949682327e-01,6.222850870050331551e-01,1.740473434726497182e-04,2.065223977654184750e-04,3.851078018903891786e-01,6.179967956528409356e-01,7.218841551948296242e-03,4.081768954426800988e-03
5.250000000000000222e-01,3.932589967530632502e-01,6.067169911926735271e-01,9.999759879457368328e-01,2.401205426316721514e-05,1.902315500873497101e-06,0.000000000000000000e+00,1.147088799999892217e+00,1.048704900000075213e+00,3.926579420086868111e-01,6.073420579913149098e-01,6.010547443764391318e-04,6.250667986413827037e-04,3.971622185935848592e-01,6.049500188642416010e-01,3.903221840521609032e-03,1.766972328431926087e-03
5.300000000000000266e-01,4.072377722072321182e-01,5.927407236205010088e-01,9.999784958277331270e-01,2.150417226687295624e-05,1.544763958888362154e-06,0.000000000000000000e+00,1.098685200000090845e+00,9.790482999999312597e-01,4.065553100076040871e-01,5.934446899923925267e-01,6.824621996280311187e-04,7.039663718915178947e-04,4.056694657255676684e-01,5.917895918961397772e-01,1.568306481664449858e-03,9.511317243612316119e-04
5.350000000000000311e-01,4.188095341382557790e-01,5.811687252420683070e-01,9.999782593803241415e-01,2.174061967585849686e-05,1.066558393998662257e-06,0.000000000000000000e+00,1.189850200000137193e+00,1.094798099999934493e+00,4.181550647010875421e-01,5.818449352989119028e-01,6.544694371682369116e-04,6.762100568435958081e-04,4.169356341057994797e-01,5.800823180038221505e-01,1.873900032456299325e-03,1.086407238246156481e-03
5.400000000000000355e-01,4.276163853751122068e-01,5.723613242692208170e-01,9.999777096443329683e-01,2.229035566703174709e-05,7.879044524178313580e-07,0.000000000000000000e+00,1.131020399999897563e+00,1.037937600000077509e+00,4.271118170341722808e-01,5.728881829658293290e-01,5.045683409399259745e-04,5.268586966085120338e-04,4.299970820122731574e-01,5.716649481258062604e-01,2.380696637160950591e-03,6.963761434145565588e-04
5.449999999999999289e-01,4.278591270573121608e-01,5.721176553689386601e-01,9.999767824262508764e-01,2.321757374912358785e-05,3.562393859901646920e-07,0.000000000000000000e+00,1.160552600000073653e+00,1.041831199999933233e+00,4.279000798559774998e-01,5.720999201440245541e-01,4.095279866533907409e-05,1.773522491410606250e-05,4.278398542812029137e-01,5.759170940854393406e-01,1.927277610924704732e-05,3.799438716500680435e-03
5.500000000000000444e-01,3.869231199356433226e-01,6.130512266893584084e-01,9.999743466250017310e-01,2.565337499826902956e-05,4.828855010227672828e-07,0.000000000000000000e+00,1.123108400000091933e+00,1.030091599999877872e+00,3.885704868986403770e-01,6.114295131013642859e-01,1.647366962997054429e-03,1.621713587994122463e-03,3.685578591174565322e-01,6.316900937015522688e-01,1.836526081818679046e-02,1.863886701219386044e-02
5.549999999999999378e-01,2.423210742939455042e-01,7.576497749607514764e-01,9.999708492546970362e-01,2.915074530296379862e-05,5.085615384509134529e-07,0.000000000000000000e+00,1.129334700000072189e+00,1.018097699999998440e+00,2.452289299184382543e-01,7.547710700815617457e-01,2.907855624492750035e-03,2.878704879189730725e-03,2.229159924931147785e-01,7.737896097870180512e-01,1.940508180083072576e-02,1.613983482626657473e-02
5.600000000000000533e-01,9.219549813517986803e-02,9.077756988064544785e-01,9.999711969416343882e-01,2.880305836561181110e-05,5.161554529620193676e-07,0.000000000000000000e+00,1.143465900000137481e+00,1.035025800000084928e+00,9.324725756322105319e-02,9.067527424367751721e-01,1.051759428041185163e-03,1.022956369679306476e-03,8.925394688579078861e-02,9.086632074461101771e-01,2.941551249389079414e-03,8.875086396556985946e-04
5.649999999999999467e-01,3.816513546964342418e-02,9.618090328215256335e-01,9.999741682911690299e-01,2.583170883097007930e-05,9.268466794054575075e-07,0.000000000000000000e+00,1.147249600000122882e+00,1.025393099999973856e+00,3.822205157841607887e-02,9.617779484215819297e-01,5.691610877265468327e-05,3.108439994370382209e-05,3.632474530245852207e-02,9.655760815414866638e-01,1.840390167184902115e-03,3.767048719961030301e-03
5.700000000000000622e-01,2.179939950930953260e-02,9.781775342038392385e-01,9.999769337131487745e-01,2.306628685122547040e-05,1.088535577897786766e-06,0.000000000000000000e+00,1.142130599999973128e+00,1.034046199999920645e+00,2.173888393452849330e-02,9.782611160654715032e-01,6.051557478103930521e-05,8.358186163226477561e-05,1.941945157628210961e-02,9.839277839014576310e-01,2.379947933027422996e-03,5.750249697618392553e-03
5.749999999999999556e-01,1.111140898959075453e-02,9.888678702862070402e-01,9.999792792757977722e-01,2.072072420222781375e-05,1.080203787529043780e-06,0.000000000000000000e+00,1.177870200000143086e+00,1.064423900000065260e+00,1.109767875314235895e-02,9.889023212468578405e-01,1.373023644839557744e-05,3.445096065080033298e-05,8.466147854606845616e-03,9.923205740548924902e-01,2.645261134983908913e-03,3.452703768685450036e-03
5.800000000000000711e-01,1.697590667011199218e-03,9.982839440170543366e-01,9.999815346840655872e-01,1.846531593441280705e-05,6.294094473946465484e-07,0.000000000000000000e+00,1.116986400000087087e+00,1.010746699999799603e+00,1.716005080213314337e-03,9.982839949197883644e-01,1.841441320211511905e-05,5.090273402785783219e-08,1.678444960468427520e-03,9.960569981633409231e-01,1.914570654277169756e-05,2.226945853713413470e-03
5.849999999999999645e-01,9.717719254767241688e-03,9.902663110034044536e-01,9.999840302581717300e-01,1.596974182827004540e-05,4.448126386114026332e-07,0.000000000000000000e+00,1.163892799999985073e+00,1.050187499999992724e+00,9.529276281068079987e-03,9.904707237189250835e-01,1.884429736991617005e-04,2.044127155206298951e-04,2.517678237491023999e-02,9.712486963727177125e-01,1.545906312014299830e-02,1.901761463068674107e-02
5.899999999999999689e-01,1.570476573721474867e-01,8.429374812168346498e-01,9.999851385889821920e-01,1.486141101780802387e-05,3.451357151948442059e-07,0.000000000000000000e+00,1.171187300000156029e+00,1.061816200000066601e+00,1.560421366320571268e-01,8.439578633679434283e-01,1.005520740090359855e-03,1.020382151108778501e-03,1.505676209640494645e-01,8.457827252168644838e-01,6.480036408098022171e-03,2.845244000029834019e-03
5.949999999999999734e-01,2.552333904325530534e-01,7.447489816388981332e-01,9.999823720714511310e-01,1.762792854886896521e-05,9.158772338868637064e-07,0.000000000000000000e+00,1.169756100000086008e+00,1.062906199999815726e+00,2.554109163715461706e-01,7.445890836284513314e-01,1.775259389931171938e-04,1.598980104468017416e-04,2.504777234251400753e-01,7.471042960538736288e-01,4.755667007412978098e-03,2.355314414975495652e-03
5.999999999999999778e-01,1.844236238968215980e-01,8.155598138696011912e-01,9.999834377664227336e-01,1.656223357726638312e-05,6.920090267481526780e-07,0.000000000000000000e+00,1.131224700000075245e+00,1.028478499999891937e+00,1.843492287621957271e-01,8.156507712378633368e-01,7.439513462587088455e-05,9.095736826214562143e-05,1.830900061276274915e-01,8.125729206476351996e-01,1.333617769194106462e-03,2.986893221965991607e-03
6.049999999999999822e-01,1.498752540850314119e-01,8.501097570666826808e-01,9.999850111517141205e-01,1.498884828587954132e-05,5.845777992230516418e-07,0.000000000000000000e+00,1.192267300000139585e+00,1.072762300000022151e+00,1.497328209160759538e-01,8.502671790839231303e-01,1.424331689554581004e-04,1.574220172404494633e-04,1.481616245671433796e-01,8.458183566477934789e-01,1.713629517888032305e-03,4.291400418889201873e-03
6.099999999999999867e-01,1.358888203450230869e-01,8.640976068221364326e-01,9.999864271671594640e-01,1.357283284053600880e-05,5.019425601757165900e-07,0.000000000000000000e+00,1.146785099999988233e+00,1.045629200000121273e+00,1.357524346246922198e-01,8.642475653753065590e-01,1.363857203308671551e-04,1.499585531701264074e-04,1.367721893411186496e-01,8.585489737074826211e-01,8.833689960955626308e-04,5.548633114653811482e-03
6.149999999999999911e-01,1.312278472196920232e-01,8.687598322869222178e-01,9.999876795066142687e-01,1.232049338573126818e-05,4.275941512324465954e-07,0.000000000000000000e+00,1.098883000000114407e+00,9.964571000000432832e-01,1.311146139989990411e-01,8.688853860010020691e-01,1.132332206929820284e-04,1.255537140798512752e-04,1.342326675031659811e-01,8.650506590553364017e-01,3.004820283473957909e-03,3.709173231585816133e-03
6.199999999999999956e-01,1.313715612602066596e-01,8.686172302573440529e-01,9.999887915175507125e-01,1.120848244928751569e-05,3.563975345260983474e-07,0.000000000000000000e+00,1.202001599999903192e+00,1.089362100000016653e+00,1.312845958193951112e-01,8.687154041806059990e-01,8.696544081154833350e-05,9.817392326194607222e-05,1.339602302450412508e-01,8.696333784537869649e-01,2.588668984834591180e-03,1.016148196442911988e-03
6.250000000000000000e-01,1.342228059330949907e-01,8.657669747525080783e-01,9.999897806856030691e-01,1.021931439693091193e-05,2.888192154743007833e-07,0.000000000000000000e+00,1.252876799999967261e+00,1.128587599999946178e+00,1.341601620967933506e-01,8.658398379032050673e-01,6.264383630164016559e-05,7.286315069698900970e-05,1.350564566550159495e-01,8.707585616452186983e-01,8.336507219209587927e-04,4.991586892710619949e-03
6.300000000000000044e-01,1.385256290169392113e-01,8.614650333120219550e-01,9.999906623289611662e-01,9.337671038833761372e-06,2.272895082283676871e-07,0.000000000000000000e+00,1.278688200000033248e+00,1.165835400000105437e+00,1.384826152229435836e-01,8.615173847770654092e-01,4.301379399562765826e-05,5.235146504345422613e-05,1.388215516961973928e-01,8.657702004360648962e-01,2.959226792581814980e-04,4.305167124042941218e-03
6.350000000000000089e-01,1.432890335191339681e-01,8.567024193873540305e-01,9.999914529064879432e-01,8.547093512056846976e-06,1.742703589421856769e-07,0.000000000000000000e+00,1.317307000000027983e+00,1.204511600000159888e+00,1.432594957812053371e-01,8.567405042187914432e-01,2.953773792863101377e-05,3.808483143741270283e-05,1.442577948948013666e-01,8.562872943352073385e-01,9.687613756673985055e-04,4.151250521466920418e-04
6.400000000000000133e-01,1.476127122504364841e-01,8.523794586769845028e-01,9.999921709274209869e-01,7.829072579013107713e-06,1.312710310244491474e-07,0.000000000000000000e+00,1.311708800000133124e+00,1.195431600000119943e+00,1.475902024374343702e-01,8.524097975625639645e-01,2.250981300211396530e-05,3.033888557946173847e-05,1.487304685815390437e-01,8.469343936656551497e-01,1.117756331102559564e-03,5.445065011329353055e-03
6.450000000000000178e-01,1.506871096874332905e-01,8.493057268070598465e-01,9.999928364944931092e-01,7.163505506890821550e-06,9.851350633340028029e-08,0.000000000000000000e+00,1.240968000000066240e+00,1.125829399999929592e+00,1.506658873906397134e-01,8.493341126093651994e-01,2.122229679357712229e-05,2.838580230535292515e-05,1.504660508672371610e-01,8.423451239549064606e-01,2.210588201961294352e-04,6.960602852153385811e-03
6.500000000000000222e-01,1.518622304166970249e-01,8.481312401387598454e-01,9.999934705554568426e-01,6.529444543157403302e-06,7.502564832936875483e-08,0.000000000000000000e+00,1.219496599999956743e+00,1.108808100000032937e+00,1.518380591798467460e-01,8.481619408201521715e-01,2.417123685027888769e-05,3.070068139232606796e-05,1.494488324746225671e-01,8.447272850859658400e-01,2.413397942074457792e-03,3.403955052794005454e-03
6.550000000000000266e-01,1.507678827970333757e-01,8.492262113782431676e-01,9.999940941752765156e-01,5.905824723484442984e-06,5.892378431709976994e-08,0.000000000000000000e+00,1.250406599999905666e+00,1.135635800000045492e+00,1.507390234125042250e-01,8.492609765874910011e-01,2.885938452915071117e-05,3.476520924783343958e-05,1.466707986103077399e-01,8.533908640047789262e-01,4.097084186725635790e-03,4.164652626535758628e-03
6.599999999999999201e-01,1.476600022292895720e-01,8.523347225466262334e-01,9.999947247759157776e-01,5.275224084222429610e-06,7.866825696423163095e-08,0.000000000000000000e+00,1.109102000000120825e+00,1.006735499999876993e+00,1.476301800741263992e-01,8.523698199258773478e-01,2.982215516317276993e-05,3.509737925111444667e-05,1.433331952293883105e-01,8.652227093523500168e-01,4.326806999901261497e-03,1.288798680572378341e-02
6.650000000000000355e-01,1.451233633920080424e-01,8.548719790399120777e-01,9.999953424319201201e-01,4.657568079879936818e-06,2.584570562014221196e-07,0.000000000000000000e+00,1.161676499999884982e+00,1.067685499999925014e+00,1.451151695183408585e-01,8.548848304816571986e-01,8.193873667183826370e-06,1.285144174512087289e-05,1.410232923121807203e-01,8.721143456243348746e-01,4.100071079827322107e-03,1.724236658442279690e-02
6.699999999999999289e-01,1.588524337260804054e-01,8.411431469836649910e-01,9.999955807097453686e-01,4.419290254631391690e-06,1.197506923511504340e-06,0.000000000000000000e+00,1.167686100000082661e+00,1.058574299999918367e+00,1.589713235973647665e-01,8.410286764026186912e-01,1.188898712843611261e-04,1.144705810462998130e-04,1.622739828579021493e-01,8.465905189612660253e-01,3.421549131821743917e-03,5.447371977601034310e-03
6.750000000000000444e-01,2.364613870503450566e-01,7.635321109064467926e-01,9.999934979567918214e-01,6.502043208178598377e-06,4.069224684183359031e-06,0.000000000000000000e+00,1.149547099999836064e+00,1.040716599999996106e+00,2.367188074313942292e-01,7.632811925686096011e-01,2.574203810491726419e-04,2.509183378371915296e-04,1.922512140776961587e-01,8.047534279170112104e-01,4.421017297264889789e-02,4.122131701056441777e-02
6.799999999999999378e-01,2.356814112755609703e-01,7.643115414708322453e-01,9.999929527463932155e-01,7.047253606784487090e-06,2.927601604502116928e-06,0.000000000000000000e+00,1.178873300000077506e+00,1.086000000000012733e+00,2.356541045263179091e-01,7.643458954736831457e-01,2.730674924306120133e-05,3.435400285090040029e-05,1.963523871198016857e-01,7.808705616154947293e-01,3.932902415575928456e-02,1.655902014466248406e-02
6.850000000000000533e-01,2.012235318777642890e-01,7.987704568781718306e-01,9.999939887559361473e-01,6.011244063852672070e-06,2.289099677831030188e-06,0.000000000000000000e+00,1.164090900000019246e+00,1.054035500000054526e+00,2.005667210456620886e-01,7.994332789543271423e-01,6.568108321022003704e-04,6.628220761553116347e-04,1.301254672487698050e-01,8.184279187402440092e-01,7.109806462899448398e-02,1.965746186207217860e-02
6.899999999999999467e-01,7.716547492117802054e-02,9.228301964269185476e-01,9.999956713480965265e-01,4.328651903473534901e-06,6.709791237902162919e-07,0.000000000000000000e+00,1.169913599999972575e+00,1.055492400000048292e+00,7.738275432389640773e-02,9.226172456760659557e-01,2.172794027183871934e-04,2.129507508525918524e-04,9.136915286435230710e-02,8.905539063300200731e-01,1.420367794317428656e-02,3.227629009689847450e-02
6.950000000000000622e-01,7.643017730113127461e-02,9.235661766124848571e-01,9.999963539136160762e-01,3.646086383923829999e-06,2.897558028236435490e-07,0.000000000000000000e+00,1.130307499999844367e+00,1.034319499999810432e+00,7.651607607510778342e-02,9.234839239248984200e-01,8.589877397650880209e-05,8.225268758643711209e-05,7.410520665476402757e-02,9.219918730038073607e-01,2.324970646367247040e-03,1.574303608677496413e-03
6.999999999999999556e-01,6.384937919108256421e-02,9.361475824134043444e-01,9.999969616044869225e-01,3.038395513077496446e-06,1.966697267818950934e-07,0.000000000000000000e+00,1.184418800000003102e+00,1.071191900000030728e+00,6.388775694244758219e-02,9.361122430575532505e-01,3.837775136501797579e-05,3.533935585109393429e-05,6.645643300266571019e-02,9.343548093259002041e-01,2.607053811583145975e-03,1.792773087504140328e-03
7.050000000000000711e-01,5.040607858533610597e-02,9.495914303038196502e-01,9.999975088891557284e-01,2.491110844271560154e-06,1.520151876599484808e-07,0.000000000000000000e+00,1.203561899999840534e+00,1.094581600000083199e+00,5.042151435995036873e-02,9.495784856400451002e-01,1.543577461426276498e-05,1.294466377455005812e-05,5.633129436962543840e-02,9.506105360412941963e-01,5.925215784289332432e-03,1.019105737474546025e-03
7.099999999999999645e-01,3.828686129312483533e-02,9.617111467397756464e-01,9.999980080329005094e-01,1.991967099490565829e-06,1.209813429436934484e-07,0.000000000000000000e+00,1.179426700000021810e+00,1.064995500000122775e+00,3.829002890909055656e-02,9.617099710909103871e-01,3.167615965721237714e-06,1.175648865259226739e-06,4.344879117810251240e-02,9.636648869006443352e-01,5.161929884977677074e-03,1.953740160868688847e-03
7.150000000000000799e-01,2.836814133276167535e-02,9.716303233820845486e-01,9.999984647148462136e-01,1.535285153786425383e-06,9.555143620776362923e-08,0.000000000000000000e+00,1.143122100000027785e+00,1.033728500000052009e+00,2.836519871501492346e-02,9.716348012849832516e-01,2.942617746751891028e-06,4.477902898702978973e-06,3.091550999585134657e-02,9.735229012201451759e-01,2.547368663089671220e-03,1.892577838060627293e-03
7.199999999999999734e-01,2.114459851571993954e-02,9.788542822141446109e-01,9.999988807298645366e-01,1.119270135463423799e-06,7.356120168555690952e-08,0.000000000000000000e+00,1.094133600000077422e+00,9.798167000001285487e-01,2.113977722547091820e-02,9.788602227745285544e-01,4.821290249021337182e-06,5.940560383943527256e-06,1.944459877165294337e-02,9.803269153975645578e-01,1.699999744066996166e-03,1.472633183419946867e-03
7.249999999999999778e-01,1.690291036792255369e-02,9.830963457160264429e-01,9.999992560839490174e-01,7.439160509825626377e-07,5.450094256453930086e-08,0.000000000000000000e+00,1.210007399999994959e+00,1.085914700000103039e+00,1.689944297298530754e-02,9.831005570270164862e-01,3.467394937246154329e-06,4.211310990043237723e-06,1.341983346442784247e-02,9.832405655789085985e-01,3.483076903494711218e-03,1.442198628821556028e-04
7.299999999999999822e-01,1.576548718991621634e-02,9.842341030777792543e-01,9.999995902676954707e-01,4.097323045293421728e-07,5.208612107072962960e-08,0.000000000000000000e+00,1.173098199999913049e+00,1.053936600000042745e+00,1.576598514308641050e-02,9.842340148569093117e-01,4.979531701941597444e-07,8.822086994264566329e-08,1.173460905026088574e-02,9.846427654870471002e-01,4.030878139655330594e-03,4.086624092678459164e-04
7.349999999999999867e-01,1.771104151996543211e-02,9.822888414860673212e-01,9.999998830060327082e-01,1.169939672918118845e-07,5.023038991865125258e-08,0.000000000000000000e+00,1.217940300000009302e+00,1.109371799999962604e+00,1.771764280235259281e-02,9.822823571976111445e-01,6.601282387160706255e-06,6.484288456176656723e-06,1.335377667016231576e-02,9.847294707323174245e-01,4.357264849803116347e-03,2.440629246250103357e-03
7.399999999999999911e-01,2.259372530164026338e-02,9.774064093763541461e-01,1.000000134677994312e+00,1.346779943123266321e-07,4.646652919382265878e-08,0.000000000000000000e+00,1.169281499999897278e+00,1.066416800000069998e+00,2.260812465053382847e-02,9.773918753494644784e-01,1.439934889356508929e-05,1.453402688966765055e-05,1.982423259930641418e-02,9.821294408699781098e-01,2.769492702333849199e-03,4.723031493623963684e-03
7.449999999999999956e-01,3.016383377014129202e-02,9.698365127456534118e-01,1.000000346515794725e+00,3.465157947246666481e-07,4.106012865302821613e-08,0.000000000000000000e+00,1.141461000000163040e+00,1.038428300000077797e+00,3.018724837169905334e-02,9.698127516282983862e-01,2.341460155776131646e-05,2.376111735502561828e-05,3.097133686296995453e-02,9.751749156152905718e-01,8.075030928286625054e-04,5.338402869637159931e-03
7.500000000000000000e-01,4.008896818275572982e-02,9.599115524647172659e-01,1.000000520647472912e+00,5.206474729124721534e-07,3.436121979137618521e-08,0.000000000000000000e+00,1.153897299999925963e+00,1.032345699999950739e+00,4.012207675265954537e-02,9.598779232473377832e-01,3.310856990381555454e-05,3.362921737948276757e-05,4.560032104937502412e-02,9.649417348725299881e-01,5.511352866619294300e-03,5.030182407812722190e-03
7.550000000000000044e-01,5.197460413556283243e-02,9.480260558909470170e-01,1.000000660026509891e+00,6.600265098910540473e-07,2.678462467271824909e-08,0.000000000000000000e+00,1.151290799999969749e+00,1.055250000000114596e+00,5.201749471294830202e-02,9.479825052870509694e-01,4.289057738546958598e-05,4.355060389604759052e-05,6.908415140705508051e-02,9.459179449670785944e-01,1.710954727149224808e-02,2.108110923868422582e-03
7.600000000000000089e-01,6.538402265457125828e-02,9.346167456246787797e-01,1.000000768279249996e+00,7.682792499963397859e-07,1.877811358144687581e-08,0.000000000000000000e+00,1.085105999999996129e+00,9.788928999998915970e-01,6.543618001882162138e-02,9.345638199811788782e-01,5.215736425036310298e-05,5.292564349990147576e-05,9.342940274494407338e-02,9.249615277722369466e-01,2.804538009037281510e-02,9.655217852441833060e-03
7.650000000000000133e-01,7.985814433977186932e-02,9.201427051577037997e-01,1.000000849497475697e+00,8.494974756967366147e-07,1.078493608482056221e-08,0.000000000000000000e+00,1.144282299999986208e+00,1.033560600000100749e+00,7.991849624017775822e-02,9.200815037598215618e-01,6.035190040588889193e-05,6.120139788223788457e-05,1.187283701680643261e-01,9.018654160784276286e-01,3.887022582829245676e-02,1.827728907927617108e-02
7.700000000000000178e-01,9.493552743300064101e-02,9.050653805703439136e-01,1.000000908003344513e+00,9.080033445130197833e-07,1.170648553094899569e-08,0.000000000000000000e+00,1.207120600000052946e+00,1.097167899999931251e+00,9.500255116090587648e-02,9.049974488390936100e-01,6.702372790523547508e-05,6.793173125030360637e-05,1.319843307570730817e-01,8.856991227973098901e-01,3.704880332407244070e-02,1.936625777303402351e-02
7.750000000000000222e-01,1.101719230735732080e-01,8.898290250425169301e-01,1.000000948116090083e+00,9.481160900826068882e-07,1.387496348370653720e-08,0.000000000000000000e+00,1.144883600000184742e+00,1.026533199999903445e+00,1.102437962522374026e-01,8.897562037477623198e-01,7.187317866419462575e-05,7.282129475461029955e-05,1.393712717064747031e-01,8.738363545558573975e-01,2.919934863290149507e-02,1.599267048665953261e-02
7.800000000000000266e-01,1.251579490507839232e-01,8.748430248975079815e-01,1.000000973948291794e+00,9.739482917936470585e-07,1.587335149433322101e-08,0.000000000000000000e+00,1.129680099999859522e+00,1.013581899999962843e+00,1.252327174049836234e-01,8.747672825950154607e-01,7.476835419970018215e-05,7.574230249252078551e-05,1.311294110829090420e-01,8.747957003360600226e-01,5.971462032125118835e-03,4.732456144795893493e-05
7.849999999999999201e-01,1.395331721649197554e-01,8.604678170878783394e-01,1.000000989252798123e+00,9.892527981225640588e-07,1.752966755086404760e-08,0.000000000000000000e+00,1.131112000000030093e+00,1.017549899999949048e+00,1.396089057418647694e-01,8.603910942581310950e-01,7.573357694501403614e-05,7.672282974724442539e-05,1.234761469135290113e-01,8.791690647875654019e-01,1.605702525139074410e-02,1.870124769968706246e-02
7.900000000000000355e-01,1.529953141604932232e-01,8.470056831700685240e-01,1.000000997330561692e+00,9.973305616917116367e-07,1.858562775902683484e-08,0.000000000000000000e+00,1.122882699999991019e+00,1.007871399999885398e+00,1.530702306817475766e-01,8.469297693182518127e-01,7.491652125435344090e-05,7.591385181671128635e-05,1.164089089081411649e-01,8.869415395318961393e-01,3.658640525235205831e-02,3.993585636182761522e-02
7.949999999999999289e-01,1.653041701279494013e-01,8.346968308722216845e-01,1.000001001000171197e+00,1.001000171196864130e-06,1.991220847236130354e-08,0.000000000000000000e+00,1.119204200000012861e+00,1.005377100000032442e+00,1.653767154480631774e-01,8.346232845519296895e-01,7.254532011377601286e-05,7.354632029199503762e-05,1.333017897918195582e-01,8.827564506021942092e-01,3.200238033612984312e-02,4.805961972997252474e-02
8.000000000000000444e-01,1.762807470530696474e-01,8.237202555655325220e-01,1.000001002618602142e+00,1.002618602141680526e-06,2.110407303339972840e-08,0.000000000000000000e+00,1.045275200000105542e+00,9.365526999999929103e-01,1.763496333946089345e-01,8.236503666053880401e-01,6.888634153928707704e-05,6.988896014448187088e-05,1.573551659756778631e-01,8.749978368963450270e-01,1.892558107739178430e-02,5.127758133081250502e-02
