wavelength_um,R_reference,R_fast,dR,abs_dR,T_reference,T_fast,dT,abs_dT,R_plus_T_fast,runtime_s
2.999999999999999889e-01,2.146869071746672075e-01,2.143669594279688229e-01,-3.199477466983846607e-04,3.199477466983846607e-04,7.853185402728777298e-01,7.856706644978460607e-01,3.521242249683309566e-04,3.521242249683309566e-04,1.000037623925814856e+00,2.421577599999864105e+00
3.049999999999999933e-01,8.404312815316346275e-02,8.418892644320526142e-02,1.457982900417986727e-04,1.457982900417986727e-04,9.159680707982569281e-01,9.158847119595451280e-01,-8.335883871180005400e-05,8.335883871180005400e-05,1.000073638402750431e+00,2.183801200000061726e+00
3.099999999999999978e-01,1.610573811359893026e-01,1.614566053258891520e-01,3.992241898998494243e-04,3.992241898998494243e-04,8.389655015651075187e-01,8.386806827829436095e-01,-2.848187821639092121e-04,2.848187821639092121e-04,1.000137288108832845e+00,2.244075100000145540e+00
3.150000000000000022e-01,3.260464834751269914e-01,3.264039528858771466e-01,3.574694107501552587e-04,3.574694107501552587e-04,6.739769086176247148e-01,6.737289384315957586e-01,-2.479701860289562632e-04,2.479701860289562632e-04,1.000132891317472961e+00,2.190063000000009197e+00
3.200000000000000067e-01,2.237584448934982484e-01,2.233757478890370241e-01,-3.826970044612243438e-04,3.826970044612243438e-04,7.762992360889918730e-01,7.769495466105635906e-01,6.503105215717175369e-04,6.503105215717175369e-04,1.000325294499600615e+00,2.168347499999981665e+00
3.250000000000000111e-01,2.503065271157848826e-01,2.498426479218702478e-01,-4.638791939146347243e-04,4.638791939146347243e-04,7.497354679790692034e-01,7.503916073372332018e-01,6.561393581639984873e-04,6.561393581639984873e-04,1.000234255259103477e+00,2.130016800000021249e+00
3.299999999999999600e-01,1.740319723277374830e-01,1.739897183478375797e-01,-4.225397989990331560e-05,4.225397989990331560e-05,8.260213912829275085e-01,8.263302856102174854e-01,3.088943272899768999e-04,3.088943272899768999e-04,1.000320003958055093e+00,2.123635100000001330e+00
3.349999999999999645e-01,1.684598325902507132e-01,1.685654241387163355e-01,1.055915484656222425e-04,1.055915484656222425e-04,8.306972986875007514e-01,8.306742932415194236e-01,-2.300544598132781005e-05,2.300544598132781005e-05,9.992397173802357591e-01,2.111916700000165292e+00
3.399999999999999689e-01,1.636280483815739928e-01,1.637875518240572981e-01,1.595034424833052800e-04,1.595034424833052800e-04,8.363898899727617575e-01,8.363503004767669502e-01,-3.958949599480732218e-05,3.958949599480732218e-05,1.000137852300824193e+00,2.142207100000177888e+00
3.449999999999999734e-01,2.754879857741528992e-01,2.756802001885843567e-01,1.922144144314574810e-04,1.922144144314574810e-04,7.245392906781966680e-01,7.244958274818271704e-01,-4.346319636949758092e-05,4.346319636949758092e-05,1.000176027670411472e+00,2.123371899999938250e+00
3.499999999999999778e-01,4.050949212219596141e-01,4.048729891297307981e-01,-2.219320922288159359e-04,2.219320922288159359e-04,5.949202835148522661e-01,5.952277043645421983e-01,3.074208496899322185e-04,3.074208496899322185e-04,1.000100693494272885e+00,2.135307700000112163e+00
3.549999999999999822e-01,1.113297615900454146e-01,1.112542626963119174e-01,-7.549889373349716326e-05,7.549889373349716326e-05,8.886919656645002608e-01,8.888969551754699605e-01,2.049895109696997508e-04,2.049895109696997508e-04,1.000151217871781961e+00,2.100936900000078822e+00
3.599999999999999867e-01,2.546816535556004069e-01,2.550345873721872603e-01,3.529338165868534105e-04,3.529338165868534105e-04,7.453467979891987838e-01,7.451498619563144965e-01,-1.969360328842872931e-04,1.969360328842872931e-04,1.000184449328501701e+00,2.127523099999962142e+00
3.649999999999999911e-01,2.096449688107073772e-01,2.092845723941582081e-01,-3.603964165491690963e-04,3.603964165491690963e-04,7.903779090595237644e-01,7.908645798859692544e-01,4.866708264454899791e-04,4.866708264454899791e-04,1.000149152280127574e+00,2.124648799999931725e+00
3.699999999999999956e-01,2.081729544296713752e-01,2.077110950734466499e-01,-4.618593562247252926e-04,4.618593562247252926e-04,7.918566588614228685e-01,7.924796531619060502e-01,6.229943004831817177e-04,6.229943004831817177e-04,1.000190748235352700e+00,2.093477899999925285e+00
3.750000000000000000e-01,2.799000092809362239e-01,2.799172241957931240e-01,1.721491485690007650e-05,1.721491485690007650e-05,7.201117681036324214e-01,7.201612333161236945e-01,4.946521249127311393e-05,4.946521249127311393e-05,1.000078457511916818e+00,2.091298899999856076e+00
3.800000000000000044e-01,1.739384246916997612e-01,1.741304804469811784e-01,1.920557552814172730e-04,1.920557552814172730e-04,8.260698599715056156e-01,8.259289803067377811e-01,-1.408796647678345337e-04,1.408796647678345337e-04,1.000059460753718987e+00,2.111874299999954019e+00
3.850000000000000089e-01,1.304662488778553509e-01,1.306352105236447958e-01,1.689616457894449475e-04,1.689616457894449475e-04,8.695438441275932240e-01,8.694365800263974542e-01,-1.072641011957697899e-04,1.072641011957697899e-04,1.000071790550042250e+00,2.110611000000062631e+00
3.900000000000000133e-01,1.217519248349610422e-01,1.218459306155954269e-01,9.400578063438469467e-05,9.400578063438469467e-05,8.782608968682028561e-01,8.782421748192404953e-01,-1.872204896236073779e-05,1.872204896236073779e-05,1.000088105434835839e+00,2.117374199999858320e+00
3.950000000000000178e-01,1.314925293422139208e-01,1.315030416776358235e-01,1.051233542190277426e-05,1.051233542190277426e-05,8.685224269537757946e-01,8.685970613663510642e-01,7.463441257526959305e-05,7.463441257526959305e-05,1.000100103043986888e+00,2.129909499999939726e+00
4.000000000000000222e-01,2.548441502376226353e-01,2.547754687165870169e-01,-6.868152103561842026e-05,6.868152103561842026e-05,7.451699336978069299e-01,7.453186574584508284e-01,1.487237606438984727e-04,1.487237606438984727e-04,1.000094126175037790e+00,2.117400999999972555e+00
4.049999999999999711e-01,2.870901664757237182e-01,2.870874369683788507e-01,-2.729507344867432295e-06,2.729507344867432295e-06,7.129186787029884176e-01,7.129717528501791080e-01,5.307414719069036835e-05,5.307414719069036835e-05,1.000059189818558014e+00,2.133481900000106180e+00
4.099999999999999756e-01,1.963690404279021806e-01,1.962525042100903006e-01,-1.165362178118800607e-04,1.165362178118800607e-04,8.036389801887149353e-01,8.038019290754712110e-01,1.629488867562756127e-04,1.629488867562756127e-04,1.000054433285561428e+00,2.115980599999829792e+00
4.149999999999999800e-01,2.615864439590749879e-01,2.626047510185588463e-01,1.018307059483858357e-03,1.018307059483858357e-03,7.384233154163764024e-01,7.374564692552924017e-01,-9.668461610840006770e-04,9.668461610840006770e-04,1.000061220273851248e+00,2.104284900000038760e+00
4.199999999999999845e-01,1.217244646223456239e-01,1.217702890842476543e-01,4.582446190203037784e-05,4.582446190203037784e-05,8.782804070741661029e-01,8.782635933860664101e-01,-1.681368809969274736e-05,1.681368809969274736e-05,1.000033882470314106e+00,2.157849899999973786e+00
4.249999999999999889e-01,9.106757507240043070e-02,9.110870820532659953e-02,4.113313292616882499e-05,4.113313292616882499e-05,9.089355514305010875e-01,9.089148523121775014e-01,-2.069911832358606318e-05,2.069911832358606318e-05,1.000023560517504073e+00,2.143829200000027413e+00
4.299999999999999933e-01,8.117565455071114322e-02,8.121569545353238273e-02,4.004090282123951017e-05,4.004090282123951017e-05,9.188266624806442628e-01,9.188029256325850325e-01,-2.373684805923037544e-05,2.373684805923037544e-05,1.000018621086117498e+00,2.101145800000040254e+00
4.349999999999999978e-01,8.480292805248962340e-02,8.483314411963180368e-02,3.021606714218028067e-05,3.021606714218028067e-05,9.151994842293400545e-01,9.151858782540138737e-01,-1.360597532618079697e-05,1.360597532618079697e-05,1.000019022373645594e+00,2.118821700000125929e+00
4.400000000000000022e-01,9.991564981759394615e-02,9.993895576171819839e-02,2.330594412425224249e-05,2.330594412425224249e-05,9.000872378710129684e-01,9.000827704827896181e-01,-4.467388223350354792e-06,4.467388223350354792e-06,1.000021726244507914e+00,2.078611700000010387e+00
4.449999999999999512e-01,1.359230564649508144e-01,1.359409059825493205e-01,1.784951759850605946e-05,1.784951759850605946e-05,8.640795195137697116e-01,8.640788742657610211e-01,-6.452480086904799350e-07,6.452480086904799350e-07,1.000019780248310397e+00,2.057961299999988114e+00
4.499999999999999556e-01,1.873212519904384199e-01,1.873150523683829172e-01,-6.199622055502729268e-06,6.199622055502729268e-06,8.126797377093908370e-01,8.126951491962955965e-01,1.541148690475946381e-05,1.541148690475946381e-05,1.000010201564678569e+00,2.081670899999835456e+00
4.549999999999999600e-01,2.254392076517063026e-01,2.254029975269750408e-01,-3.621012473126183906e-05,3.621012473126183906e-05,7.745599600754331515e-01,7.745961328754150665e-01,3.617279998191502699e-05,3.617279998191502699e-05,9.999991304023900796e-01,2.160501800000020012e+00
4.599999999999999645e-01,2.386263273842715860e-01,2.385734168751959816e-01,-5.291050907560435057e-05,5.291050907560435057e-05,7.613714716236715807e-01,7.614172284650332356e-01,4.575684136165492077e-05,4.575684136165492077e-05,9.999906453402291895e-01,2.142957100000103310e+00
4.649999999999999689e-01,2.359924722115275264e-01,2.359366810670059100e-01,-5.579114452161637594e-05,5.579114452161637594e-05,7.640042874401758999e-01,7.640471944288171890e-01,4.290698864128916767e-05,4.290698864128916767e-05,9.999838754958231268e-01,2.179592100000036226e+00
4.699999999999999734e-01,1.075169094287354438e-01,1.070096467651770744e-01,-5.072626635583693533e-04,5.072626635583693533e-04,8.924783807065227448e-01,8.929676775040205072e-01,4.892967974977624479e-04,4.892967974977624479e-04,9.999773242691976094e-01,2.126623999999992520e+00
4.749999999999999778e-01,9.721107824852215362e-02,9.718147240211712223e-02,-2.960584640503138854e-05,2.960584640503138854e-05,9.027875085106693565e-01,9.028131063829486491e-01,2.559787227929266606e-05,2.559787227929266606e-05,9.999945787850658130e-01,2.127806300000202100e+00
4.799999999999999822e-01,7.893044637431143040e-02,7.891693834688860709e-02,-1.350802742282330993e-05,1.350802742282330993e-05,9.210677933020214869e-01,9.210744719337489173e-01,6.678631727430328624e-06,6.678631727430328624e-06,9.999914102806375382e-01,2.113799799999924289e+00
4.849999999999999867e-01,5.587302771691653180e-02,5.587384244658855081e-02,8.147296720190100316e-07,8.147296720190100316e-07,9.441254159013882097e-01,9.441188864685506887e-01,-6.529432837520943167e-06,6.529432837520943167e-06,9.999927289151392396e-01,2.085604599999896891e+00
4.899999999999999911e-01,4.545611765807996973e-02,4.546270171647841252e-02,6.584058398442782511e-06,6.584058398442782511e-06,9.545333051434092830e-01,9.545255813437334425e-01,-7.723799675840581358e-06,7.723799675840581358e-06,9.999882830602118133e-01,2.140324500000133412e+00
4.949999999999999956e-01,5.135206736403136879e-02,5.135258378955372821e-02,5.164255223594205191e-07,5.164255223594205191e-07,9.486926187033090097e-01,9.487043232080654143e-01,1.170450475640461008e-05,1.170450475640461008e-05,1.000056906997619066e+00,2.128208099999937986e+00
5.000000000000000000e-01,3.497605016879567347e-02,3.493403714854276254e-02,-4.201302025291092646e-05,4.201302025291092646e-05,9.267579246227706236e-01,9.269371313635093035e-01,1.792067407386799260e-04,1.792067407386799260e-04,9.618711685120520105e-01,2.106575799999973242e+00
5.050000000000000044e-01,3.600407095113860034e-01,3.596251287485631165e-01,-4.155807628228869177e-04,4.155807628228869177e-04,6.352880031538671313e-01,6.356819686488439647e-01,3.939654949768334191e-04,3.939654949768334191e-04,9.953070973974070812e-01,2.105778899999904752e+00
5.100000000000000089e-01,3.809674556135380086e-01,3.808928076097458093e-01,-7.464800379219926896e-05,7.464800379219926896e-05,6.191860493895462447e-01,6.192396352335358678e-01,5.358584398962307205e-05,5.358584398962307205e-05,1.000132442843281622e+00,2.091468900000108988e+00
5.150000000000000133e-01,3.667918601591217409e-01,3.666995702722379846e-01,-9.228988688375627802e-05,9.228988688375627802e-05,6.332248647789718854e-01,6.332963233144988102e-01,7.145853552692482680e-05,7.145853552692482680e-05,9.999958935867367948e-01,2.060593899999958012e+00
5.200000000000000178e-01,3.779854573430385112e-01,3.778889603384333329e-01,-9.649700460517829370e-05,9.649700460517829370e-05,6.220016727938509904e-01,6.220785646072660713e-01,7.689181341508088963e-05,7.689181341508088963e-05,9.999675249456994042e-01,2.087858200000027864e+00
5.250000000000000222e-01,3.933574274056199638e-01,3.932589967530588648e-01,-9.843065256109895245e-05,9.843065256109895245e-05,6.066376503374206752e-01,6.067169911926751924e-01,7.934085525451717302e-05,7.934085525451717302e-05,9.999759879457340572e-01,2.076010300000007192e+00
5.300000000000000266e-01,4.073377052298191026e-01,4.072377722072392237e-01,-9.993302257987890513e-05,9.993302257987890513e-05,5.926595887547729813e-01,5.927407236205054497e-01,8.113486573246841971e-05,8.113486573246841971e-05,9.999784958277446734e-01,2.091259799999988900e+00
5.350000000000000311e-01,4.189088274294243686e-01,4.188095341382540582e-01,-9.929329117031038265e-05,9.929329117031038265e-05,5.810880445342707645e-01,5.811687252420558725e-01,8.068070778510794128e-05,8.068070778510794128e-05,9.999782593803099306e-01,2.112754999999879146e+00
5.400000000000000355e-01,4.277043814649738596e-01,4.276163853750585830e-01,-8.799608991527652080e-05,8.799608991527652080e-05,5.722919761773045400e-01,5.723613242692340286e-01,6.934809192948865331e-05,6.934809192948865331e-05,9.999777096442925561e-01,2.125995799999827796e+00
5.449999999999999289e-01,4.278916992439978362e-01,4.278591270573259830e-01,-3.257218667185313166e-05,3.257218667185313166e-05,5.721043753934215159e-01,5.721176553689260036e-01,1.327997550448767328e-05,1.327997550448767328e-05,9.999767824262519866e-01,2.104013899999927162e+00
5.500000000000000444e-01,3.867640044440603386e-01,3.869231199356416018e-01,1.591154915812631465e-04,1.591154915812631465e-04,6.132317025799702837e-01,6.130512266894039275e-01,-1.804758905663561563e-04,1.804758905663561563e-04,9.999743466250454738e-01,2.144639000000097440e+00
5.549999999999999378e-01,2.419447952817628256e-01,2.423210742939549134e-01,3.762790121920878139e-04,3.762790121920878139e-04,7.580503484824967497e-01,7.576497749607262744e-01,-4.005735217704753381e-04,4.005735217704753381e-04,9.999708492546811600e-01,2.127863999999817679e+00
5.600000000000000533e-01,9.199681842974043178e-02,9.219549813516438042e-02,1.986797054239486382e-04,1.986797054239486382e-04,9.079983196532045442e-01,9.077756988064896726e-01,-2.226208467148715897e-04,2.226208467148715897e-04,9.999711969416540391e-01,2.066908699999885357e+00
5.649999999999999467e-01,3.811944287533408637e-02,3.816513546963987841e-02,4.569259430579203363e-05,4.569259430579203363e-05,9.618761543077969378e-01,9.618090328215662677e-01,-6.712148623067015762e-05,6.712148623067015762e-05,9.999741682912061114e-01,2.098298099999965416e+00
5.700000000000000622e-01,2.179704744732282803e-02,2.179939950930449150e-02,2.352061981663461365e-06,2.352061981663461365e-06,9.781990054580145255e-01,9.781775342038990795e-01,-2.147125411544603679e-05,2.147125411544603679e-05,9.999769337132036195e-01,2.054857799999808776e+00
5.749999999999999556e-01,1.111771207859782451e-02,1.111140898958325358e-02,-6.303089014570925630e-06,6.303089014570925630e-06,9.888787329997749120e-01,9.888678702862889747e-01,-1.086271348593736974e-05,1.086271348593736974e-05,9.999792792758722682e-01,2.080022599999892918e+00
5.800000000000000711e-01,1.699072970251006747e-03,1.697590667012829641e-03,-1.482303238177105562e-06,1.482303238177105562e-06,9.982977465133803241e-01,9.982839440170465650e-01,-1.380249633375907337e-05,1.380249633375907337e-05,9.999815346840593699e-01,2.084655999999995402e+00
5.849999999999999645e-01,9.704421909195300178e-03,9.717719254771328696e-03,1.329734557602851863e-05,1.329734557602851863e-05,9.902928063025833172e-01,9.902663110034608529e-01,-2.649529912246428864e-05,2.649529912246428864e-05,9.999840302582321261e-01,2.078037799999947310e+00
5.899999999999999689e-01,1.572206658965560055e-01,1.570476573720954450e-01,-1.730085244605605865e-04,1.730085244605605865e-04,8.427767470786811099e-01,8.429374812168732856e-01,1.607341381921756351e-04,1.607341381921756351e-04,9.999851385889687583e-01,2.094282400000111011e+00
5.949999999999999734e-01,2.551439308138972462e-01,2.552333904325418956e-01,8.945961864464946345e-05,8.945961864464946345e-05,7.448530565090484279e-01,7.447489816389653017e-01,-1.040748700831262141e-04,1.040748700831262141e-04,9.999823720715071973e-01,2.091337300000077448e+00
5.999999999999999778e-01,1.842511784816122655e-01,1.844236238968368080e-01,1.724454152245424865e-04,1.724454152245424865e-04,8.157459920489610328e-01,8.155598138695777655e-01,-1.861781793832673060e-04,1.861781793832673060e-04,9.999834377664145180e-01,2.055349699999851509e+00
6.049999999999999822e-01,1.497383831481383654e-01,1.498752540850324944e-01,1.368709368941289917e-04,1.368709368941289917e-04,8.502590496055620894e-01,8.501097570666440451e-01,-1.492925389180443929e-04,1.492925389180443929e-04,9.999850111516765949e-01,2.094304899999997360e+00
6.099999999999999867e-01,1.357833158635398108e-01,1.358888203450218379e-01,1.055044814820271792e-04,1.055044814820271792e-04,8.642143540101689947e-01,8.640976068221128958e-01,-1.167471880560988495e-04,1.167471880560988495e-04,9.999864271671347060e-01,2.084180000000060318e+00
6.149999999999999911e-01,1.311473435909056851e-01,1.312278472197016543e-01,8.050362879596928423e-05,8.050362879596928423e-05,8.688505374264618997e-01,8.687598322869457546e-01,-9.070513951614511683e-05,9.070513951614511683e-05,9.999876795066473534e-01,2.100903300000027230e+00
6.199999999999999956e-01,1.313119211485108129e-01,1.313715612602078808e-01,5.964011169706795457e-05,5.964011169706795457e-05,8.686861485313978060e-01,8.686172302573632598e-01,-6.891827403454620082e-05,6.891827403454620082e-05,9.999887915175711406e-01,2.080104500000061307e+00
6.250000000000000000e-01,1.341804422049583112e-01,1.342228059331040391e-01,4.236372814572786361e-05,4.236372814572786361e-05,8.658177961230446584e-01,8.657669747526037796e-01,-5.082137044087886579e-05,5.082137044087886579e-05,9.999897806857078741e-01,2.103419300000041403e+00
6.300000000000000044e-01,1.384966679360254138e-01,1.385256290169467885e-01,2.896108092137472667e-05,2.896108092137472667e-05,8.615017211362090421e-01,8.614650333121016690e-01,-3.668782410737314592e-05,3.668782410737314592e-05,9.999906623290484298e-01,2.112591900000097667e+00
6.350000000000000089e-01,1.432693004343282284e-01,1.432890335191347175e-01,1.973308480648916508e-05,1.973308480648916508e-05,8.567292238200738819e-01,8.567024193873853388e-01,-2.680443268854304506e-05,2.680443268854304506e-05,9.999914529065200286e-01,2.117905699999937497e+00
6.400000000000000133e-01,1.475981233374926149e-01,1.476127122504359290e-01,1.458891294331410293e-05,1.458891294331410293e-05,8.524005232938447474e-01,8.523794586770248038e-01,-2.106461681994353796e-05,2.106461681994353796e-05,9.999921709274607329e-01,2.089832900000146765e+00
6.450000000000000178e-01,1.506741449309976222e-01,1.506871096874286553e-01,1.296475643103311981e-05,1.296475643103311981e-05,8.493246143966121098e-01,8.493057268070920429e-01,-1.888758952006686087e-05,1.888758952006686087e-05,9.999928364945207537e-01,2.069487600000002203e+00
6.500000000000000222e-01,1.518483891746703895e-01,1.518622304166882264e-01,1.384124201783687447e-05,1.384124201783687447e-05,8.481504765357730236e-01,8.481312401387705036e-01,-1.923639700252000040e-05,1.923639700252000040e-05,9.999934705554587300e-01,2.106110400000034133e+00
6.550000000000000266e-01,1.507524178827397143e-01,1.507678827970302948e-01,1.546491429058050038e-05,1.546491429058050038e-05,8.492465513477922556e-01,8.492262113782309552e-01,-2.033996956130046385e-05,2.033996956130046385e-05,9.999940941752611945e-01,2.100080100000013772e+00
6.599999999999999201e-01,1.476463759283164479e-01,1.476600022292815506e-01,1.362630096510275557e-05,1.362630096510275557e-05,8.523526967269514643e-01,8.523347225465544019e-01,-1.797418039706233372e-05,1.797418039706233372e-05,9.999947247758359525e-01,2.115771199999926466e+00
6.650000000000000355e-01,1.451306175770844531e-01,1.451233633920136767e-01,-7.254185070776353328e-06,7.254185070776353328e-06,8.548685543092636729e-01,8.548719790399412766e-01,3.424730677603626816e-06,3.424730677603626816e-06,9.999953424319549811e-01,2.083469800000102623e+00
6.699999999999999289e-01,1.589708831036499570e-01,1.588524337261063013e-01,-1.184493775436556984e-04,1.184493775436556984e-04,8.410283184113498400e-01,8.411431469837404862e-01,1.148285723906461442e-04,1.148285723906461442e-04,9.999955807098468430e-01,2.067409300000008443e+00
6.750000000000000444e-01,2.366906868454723700e-01,2.364613870503814441e-01,-2.292997950909259064e-04,2.292997950909259064e-04,7.633081437606368258e-01,7.635321109064580059e-01,2.239671458211800470e-04,2.239671458211800470e-04,9.999934979568394500e-01,2.085264399999914531e+00
6.799999999999999378e-01,2.356627335564303038e-01,2.356814112755825086e-01,1.867771915220473034e-05,1.867771915220473034e-05,7.643360097486995297e-01,7.643115414708592237e-01,-2.446827784030602970e-05,2.446827784030602970e-05,9.999929527464417323e-01,2.081680600000026971e+00
6.850000000000000533e-01,2.007432000210149226e-01,2.012235318777437221e-01,4.803318567287995222e-04,4.803318567287995222e-04,7.992557087990628251e-01,7.987704568781646142e-01,-4.852519208982108978e-04,4.852519208982108978e-04,9.999939887559083918e-01,2.108066400000097929e+00
6.899999999999999467e-01,7.731978077285495132e-02,7.716547492116936080e-02,-1.543058516855905227e-04,1.543058516855905227e-04,9.226794248199282622e-01,9.228301964269217672e-01,1.507716069935050029e-04,1.507716069935050029e-04,9.999956713480910864e-01,2.073595099999920421e+00
6.950000000000000622e-01,7.649394784508113665e-02,7.643017730113013664e-02,-6.377054395100001383e-05,6.377054395100001383e-05,9.235053729067150829e-01,9.235661766124844130e-01,6.080370576933002980e-05,6.080370576933002980e-05,9.999963539136145219e-01,2.065116200000147728e+00
6.999999999999999556e-01,6.388124338978704020e-02,6.384937919109305582e-02,-3.186419869398438021e-05,3.186419869398438021e-05,9.361181785126576615e-01,9.361475824133935753e-01,2.940390073591370168e-05,2.940390073591370168e-05,9.999969616044865894e-01,2.086817199999813965e+00
7.050000000000000711e-01,5.042210460181568293e-02,5.040607858534272567e-02,-1.602601647295726073e-05,1.602601647295726073e-05,9.495774084347279320e-01,9.495914303038510695e-01,1.402186912313752032e-05,1.402186912313752032e-05,9.999975088891938091e-01,2.126680500000020402e+00
7.099999999999999645e-01,3.829382045023183023e-02,3.828686129312836028e-02,-6.959157103469948424e-06,6.959157103469948424e-06,9.617057760496627861e-01,9.617111467397849722e-01,5.370690122186161375e-06,5.370690122186161375e-06,9.999980080329133880e-01,2.075981199999887394e+00
7.150000000000000799e-01,2.836990559306314108e-02,2.836814133275837937e-02,-1.764260304761705589e-06,1.764260304761705589e-06,9.716297677212711870e-01,9.716303233821199647e-01,5.556608487777836558e-07,5.556608487777836558e-07,9.999984647148782990e-01,2.087810800000170275e+00
7.199999999999999734e-01,2.114385609631284565e-02,2.114459851572243407e-02,7.424194095884129041e-07,7.424194095884129041e-07,9.788558876604308567e-01,9.788542822139957300e-01,-1.605446435126722804e-06,1.605446435126722804e-06,9.999988807297182092e-01,2.078726299999971161e+00
7.249999999999999778e-01,1.690176765814864826e-02,1.690291036792629722e-02,1.142709777648964753e-06,1.142709777648964753e-06,9.830980400984085099e-01,9.830963457160346586e-01,-1.694382373851333057e-06,1.694382373851333057e-06,9.999992560839610078e-01,2.050414000000046144e+00
7.299999999999999822e-01,1.576570597456187703e-02,1.576548718991098788e-02,-2.187846508891477804e-07,2.187846508891477804e-07,9.842341591533505518e-01,9.842341030776943223e-01,-5.607565622955945628e-08,5.607565622955945628e-08,9.999995902676053205e-01,2.072994099999959872e+00
7.349999999999999867e-01,1.771412345552310363e-02,1.771104151996631682e-02,-3.081935556786818964e-06,3.081935556786818964e-06,9.822857922547177933e-01,9.822888414860865280e-01,3.049231368734695025e-06,3.049231368734695025e-06,9.999998830060528032e-01,2.092955300000085117e+00
7.399999999999999911e-01,2.260091881728396035e-02,2.259372530164287587e-02,-7.193515641084474721e-06,7.193515641084474721e-06,9.773990406391814822e-01,9.774064093764871508e-01,7.368737305668560111e-06,7.368737305668560111e-06,1.000000134678129982e+00,2.048248300000068411e+00
7.449999999999999956e-01,3.017609913433237645e-02,3.016383377014357492e-02,-1.226536418880153079e-05,1.226536418880153079e-05,9.698238973371310356e-01,9.698365127457801993e-01,1.261540864916366189e-05,1.261540864916366189e-05,1.000000346515923733e+00,2.119962400000076741e+00
7.500000000000000000e-01,4.010692632575393879e-02,4.008896818275100443e-02,-1.795814300293435695e-05,1.795814300293435695e-05,9.598931007029766205e-01,9.599115524647396924e-01,1.845176176307194993e-05,1.845176176307194993e-05,1.000000520647490676e+00,2.092412199999898803e+00
7.550000000000000044e-01,5.199849266063964748e-02,5.197460413557624531e-02,-2.388852506340216619e-05,2.388852506340216619e-05,9.480015588990644559e-01,9.480260558910594826e-01,2.449699199502664015e-05,2.449699199502664015e-05,1.000000660026635790e+00,2.104669100000137405e+00
7.600000000000000089e-01,6.541367926598201654e-02,6.538402265457426976e-02,-2.965661140774678017e-05,2.965661140774678017e-05,9.345863913670051648e-01,9.346167456246882166e-01,3.035425768305177741e-05,3.035425768305177741e-05,1.000000768279262431e+00,2.103452500000003056e+00
7.650000000000000133e-01,7.989303017267752882e-02,7.985814433977551918e-02,-3.488583290200963916e-05,3.488583290200963916e-05,9.201070547430099111e-01,9.201427051578311422e-01,3.565041482123110228e-05,3.565041482123110228e-05,1.000000849497606703e+00,2.104012999999895328e+00
7.700000000000000178e-01,9.497479131764591243e-02,9.493552743300975871e-02,-3.926388463615371194e-05,3.926388463615371194e-05,9.050253038169366882e-01,9.050653805704240717e-01,4.007675348738359844e-05,4.007675348738359844e-05,1.000000908003433775e+00,2.112368100000139748e+00
7.750000000000000222e-01,1.102144963306401493e-01,1.101719230735777044e-01,-4.257325706244485808e-05,4.257325706244485808e-05,8.897856057022115461e-01,8.898290250425970882e-01,4.341934038554207120e-05,4.341934038554207120e-05,1.000000948116174904e+00,2.118958099999872502e+00
7.800000000000000266e-01,1.252026531477415661e-01,1.251579490507797321e-01,-4.470409696183397230e-05,4.470409696183397230e-05,8.747974531864951553e-01,8.748430248975005430e-01,4.557171100538770503e-05,4.557171100538770503e-05,1.000000973948280247e+00,2.102827800000113712e+00
7.849999999999999201e-01,1.395788205802426241e-01,1.395331721649215873e-01,-4.564841532103680599e-05,4.564841532103680599e-05,8.604212881357583553e-01,8.604678170878475862e-01,4.652895208923091275e-05,4.652895208923091275e-05,1.000000989252769257e+00,2.134259800000108953e+00
7.900000000000000355e-01,1.530407943063508969e-01,1.529953141605019384e-01,-4.548014584895843093e-05,4.548014584895843093e-05,8.469593154920079803e-01,8.470056831700635280e-01,4.636767805554775634e-05,4.636767805554775634e-05,1.000000997330565466e+00,2.072841700000026322e+00
7.949999999999999289e-01,1.653484983875112835e-01,1.653041701279373277e-01,-4.432825957395580829e-05,4.432825957395580829e-05,8.346516117570184079e-01,8.346968308721971486e-01,4.521911517874066533e-05,4.521911517874066533e-05,1.000001001000134560e+00,2.050509799999872484e+00
8.000000000000000444e-01,1.763230968918551578e-01,1.762807470530702858e-01,-4.234983878487197373e-05,4.234983878487197373e-05,8.236770133821342821e-01,8.237202555655660507e-01,4.324218343176866597e-05,4.324218343176866597e-05,1.000001002618636337e+00,2.096234800000047471e+00
