wavelength_um,R_fast,T_fast,R_plus_T,energy_error,symmetry_error,runtime_s,dofs
2.999999999999999889e-01,2.143669594279688229e-01,7.856706644978460607e-01,1.000037623925814856e+00,3.762392581485585197e-05,4.200061055267823029e-05,2.421577599999864105e+00,3.239700000000000000e+04
3.049999999999999933e-01,8.418892644320526142e-02,9.158847119595451280e-01,1.000073638402750431e+00,7.363840275043109784e-05,2.142751152524324798e-05,2.183801200000061726e+00,3.239700000000000000e+04
3.099999999999999978e-01,1.614566053258891520e-01,8.386806827829436095e-01,1.000137288108832845e+00,1.372881088328448129e-04,1.649542922084468177e-05,2.244075100000145540e+00,3.239700000000000000e+04
3.150000000000000022e-01,3.264039528858771466e-01,6.737289384315957586e-01,1.000132891317472961e+00,1.328913174729606794e-04,3.429702107618504137e-05,2.190063000000009197e+00,3.239700000000000000e+04
3.200000000000000067e-01,2.233757478890370241e-01,7.769495466105635906e-01,1.000325294499600615e+00,3.252944996006146283e-04,3.406042202808157171e-05,2.168347499999981665e+00,3.239700000000000000e+04
3.250000000000000111e-01,2.498426479218702478e-01,7.503916073372332018e-01,1.000234255259103477e+00,2.342552591034774423e-04,2.306556304765977616e-05,2.130016800000021249e+00,3.239700000000000000e+04
3.299999999999999600e-01,1.739897183478375797e-01,8.263302856102174854e-01,1.000320003958055093e+00,3.200039580550928520e-04,1.956926137725023551e-05,2.123635100000001330e+00,3.239700000000000000e+04
3.349999999999999645e-01,1.685654241387163355e-01,8.306742932415194236e-01,9.992397173802357591e-01,7.602826197642409412e-04,6.456486329929189000e-06,2.111916700000165292e+00,3.239700000000000000e+04
3.399999999999999689e-01,1.637875518240572981e-01,8.363503004767669502e-01,1.000137852300824193e+00,1.378523008241927528e-04,2.797438607193836191e-05,2.142207100000177888e+00,3.239700000000000000e+04
3.449999999999999734e-01,2.756802001885843567e-01,7.244958274818271704e-01,1.000176027670411472e+00,1.760276704114716040e-04,2.341965502690446232e-05,2.123371899999938250e+00,3.239700000000000000e+04
3.499999999999999778e-01,4.048729891297307981e-01,5.952277043645421983e-01,1.000100693494272885e+00,1.006934942728854310e-04,9.721992793466222027e-06,2.135307700000112163e+00,3.239700000000000000e+04
3.549999999999999822e-01,1.112542626963119174e-01,8.888969551754699605e-01,1.000151217871781961e+00,1.512178717819612217e-04,1.374001717285855406e-05,2.100936900000078822e+00,3.239700000000000000e+04
3.599999999999999867e-01,2.550345873721872603e-01,7.451498619563144965e-01,1.000184449328501701e+00,1.844493285017012596e-04,2.900247714182624392e-05,2.127523099999962142e+00,3.239700000000000000e+04
3.649999999999999911e-01,2.092845723941582081e-01,7.908645798859692544e-01,1.000149152280127574e+00,1.491522801275735333e-04,9.943649672015941743e-06,2.124648799999931725e+00,3.239700000000000000e+04
3.699999999999999956e-01,2.077110950734466499e-01,7.924796531619060502e-01,1.000190748235352700e+00,1.907482353527001351e-04,2.075019131649036286e-05,2.093477899999925285e+00,3.239700000000000000e+04
3.750000000000000000e-01,2.799172241957931240e-01,7.201612333161236945e-01,1.000078457511916818e+00,7.845751191681848979e-05,1.674782191581070112e-05,2.091298899999856076e+00,3.239700000000000000e+04
3.800000000000000044e-01,1.741304804469811784e-01,8.259289803067377811e-01,1.000059460753718987e+00,5.946075371898729145e-05,1.196353751183043546e-05,2.111874299999954019e+00,3.239700000000000000e+04
3.850000000000000089e-01,1.306352105236447958e-01,8.694365800263974542e-01,1.000071790550042250e+00,7.179055004224998981e-05,8.038761311418562983e-06,2.110611000000062631e+00,3.239700000000000000e+04
3.900000000000000133e-01,1.218459306155954269e-01,8.782421748192404953e-01,1.000088105434835839e+00,8.810543483583899160e-05,6.835007515193503025e-06,2.117374199999858320e+00,3.239700000000000000e+04
3.950000000000000178e-01,1.315030416776358235e-01,8.685970613663510642e-01,1.000100103043986888e+00,1.001030439868877409e-04,4.276652024043370304e-06,2.129909499999939726e+00,3.239700000000000000e+04
4.000000000000000222e-01,2.547754687165870169e-01,7.453186574584508284e-01,1.000094126175037790e+00,9.412617503778974992e-05,7.384271428698130357e-06,2.117400999999972555e+00,3.239700000000000000e+04
4.049999999999999711e-01,2.870874369683788507e-01,7.129717528501791080e-01,1.000059189818558014e+00,5.918981855801419556e-05,4.056369634262979584e-06,2.133481900000106180e+00,3.239700000000000000e+04
4.099999999999999756e-01,1.962525042100903006e-01,8.038019290754712110e-01,1.000054433285561428e+00,5.443328556142823516e-05,4.987388969493466995e-06,2.115980599999829792e+00,3.239700000000000000e+04
4.149999999999999800e-01,2.626047510185588463e-01,7.374564692552924017e-01,1.000061220273851248e+00,6.122027385124795273e-05,1.260961400981197578e-05,2.104284900000038760e+00,3.239700000000000000e+04
4.199999999999999845e-01,1.217702890842476543e-01,8.782635933860664101e-01,1.000033882470314106e+00,3.388247031410607235e-05,2.463259365870218431e-06,2.157849899999973786e+00,3.239700000000000000e+04
4.249999999999999889e-01,9.110870820532659953e-02,9.089148523121775014e-01,1.000023560517504073e+00,2.356051750407317513e-05,2.418702977874387372e-06,2.143829200000027413e+00,3.239700000000000000e+04
4.299999999999999933e-01,8.121569545353238273e-02,9.188029256325850325e-01,1.000018621086117498e+00,1.862108611749846432e-05,2.541876860204239641e-06,2.101145800000040254e+00,3.239700000000000000e+04
4.349999999999999978e-01,8.483314411963180368e-02,9.151858782540138737e-01,1.000019022373645594e+00,1.902237364559411503e-05,3.492246602676551959e-06,2.118821700000125929e+00,3.239700000000000000e+04
4.400000000000000022e-01,9.993895576171819839e-02,9.000827704827896181e-01,1.000021726244507914e+00,2.172624450791360573e-05,5.809657073738150324e-06,2.078611700000010387e+00,3.239700000000000000e+04
4.449999999999999512e-01,1.359409059825493205e-01,8.640788742657610211e-01,1.000019780248310397e+00,1.978024831039704168e-05,6.989950145391832237e-06,2.057961299999988114e+00,3.239700000000000000e+04
4.499999999999999556e-01,1.873150523683829172e-01,8.126951491962955965e-01,1.000010201564678569e+00,1.020156467856914162e-05,4.691739089068835966e-06,2.081670899999835456e+00,3.239700000000000000e+04
4.549999999999999600e-01,2.254029975269750408e-01,7.745961328754150665e-01,9.999991304023900796e-01,8.695976099204472121e-07,2.308656063459979535e-06,2.160501800000020012e+00,3.239700000000000000e+04
4.599999999999999645e-01,2.385734168751959816e-01,7.614172284650332356e-01,9.999906453402291895e-01,9.354659770810513919e-06,1.203151544559855068e-06,2.142957100000103310e+00,3.239700000000000000e+04
4.649999999999999689e-01,2.359366810670059100e-01,7.640471944288171890e-01,9.999838754958231268e-01,1.612450417687316673e-05,1.535100663890842654e-06,2.179592100000036226e+00,3.239700000000000000e+04
4.699999999999999734e-01,1.070096467651770744e-01,8.929676775040205072e-01,9.999773242691976094e-01,2.267573080239060346e-05,1.465341094816427492e-06,2.126623999999992520e+00,3.239700000000000000e+04
4.749999999999999778e-01,9.718147240211712223e-02,9.028131063829486491e-01,9.999945787850658130e-01,5.421214934187013057e-06,1.397140411182884456e-06,2.127806300000202100e+00,3.239700000000000000e+04
4.799999999999999822e-01,7.891693834688860709e-02,9.210744719337489173e-01,9.999914102806375382e-01,8.589719362461778474e-06,1.504061708512693940e-06,2.113799799999924289e+00,3.239700000000000000e+04
4.849999999999999867e-01,5.587384244658855081e-02,9.441188864685506887e-01,9.999927289151392396e-01,7.271084860760446134e-06,1.635583989377520364e-06,2.085604599999896891e+00,3.239700000000000000e+04
4.899999999999999911e-01,4.546270171647841252e-02,9.545255813437334425e-01,9.999882830602118133e-01,1.171693978818666437e-05,1.685462976741547436e-06,2.140324500000133412e+00,3.239700000000000000e+04
4.949999999999999956e-01,5.135258378955372821e-02,9.487043232080654143e-01,1.000056906997619066e+00,5.690699761906614640e-05,1.542398570739123009e-06,2.128208099999937986e+00,3.239700000000000000e+04
5.000000000000000000e-01,3.493403714854276254e-02,9.269371313635093035e-01,9.618711685120520105e-01,3.812883148794798949e-02,9.009628113121337378e-06,2.106575799999973242e+00,3.239700000000000000e+04
5.050000000000000044e-01,3.596251287485631165e-01,6.356819686488439647e-01,9.953070973974070812e-01,4.692902602592918804e-03,4.656991810805810594e-06,2.105778899999904752e+00,3.239700000000000000e+04
5.100000000000000089e-01,3.808928076097458093e-01,6.192396352335358678e-01,1.000132442843281622e+00,1.324428432816215917e-04,2.971908510292220473e-06,2.091468900000108988e+00,3.239700000000000000e+04
5.150000000000000133e-01,3.666995702722379846e-01,6.332963233144988102e-01,9.999958935867367948e-01,4.106413263205155317e-06,1.732168807160039403e-06,2.060593899999958012e+00,3.239700000000000000e+04
5.200000000000000178e-01,3.778889603384333329e-01,6.220785646072660713e-01,9.999675249456994042e-01,3.247505430059582920e-05,1.667381953784907722e-06,2.087858200000027864e+00,3.239700000000000000e+04
5.250000000000000222e-01,3.932589967530588648e-01,6.067169911926751924e-01,9.999759879457340572e-01,2.401205426594277270e-05,1.902315500068585408e-06,2.076010300000007192e+00,3.239700000000000000e+04
5.300000000000000266e-01,4.072377722072392237e-01,5.927407236205054497e-01,9.999784958277446734e-01,2.150417225532663679e-05,1.544763958888362154e-06,2.091259799999988900e+00,3.239700000000000000e+04
5.350000000000000311e-01,4.188095341382540582e-01,5.811687252420558725e-01,9.999782593803099306e-01,2.174061969006935158e-05,1.066558390425131897e-06,2.112754999999879146e+00,3.239700000000000000e+04
5.400000000000000355e-01,4.276163853750585830e-01,5.723613242692340286e-01,9.999777096442925561e-01,2.229035570744386519e-05,7.879044493369624647e-07,2.125995799999827796e+00,3.239700000000000000e+04
5.449999999999999289e-01,4.278591270573259830e-01,5.721176553689260036e-01,9.999767824262519866e-01,2.321757374801336482e-05,3.562393866632374007e-07,2.104013899999927162e+00,3.239700000000000000e+04
5.500000000000000444e-01,3.869231199356416018e-01,6.130512266894039275e-01,9.999743466250454738e-01,2.565337495452624239e-05,4.828854975255647553e-07,2.144639000000097440e+00,3.239700000000000000e+04
5.549999999999999378e-01,2.423210742939549134e-01,7.576497749607262744e-01,9.999708492546811600e-01,2.915074531883998787e-05,5.085615474159643767e-07,2.127863999999817679e+00,3.239700000000000000e+04
5.600000000000000533e-01,9.219549813516438042e-02,9.077756988064896726e-01,9.999711969416540391e-01,2.880305834596086356e-05,5.161554504362619866e-07,2.066908699999885357e+00,3.239700000000000000e+04
5.649999999999999467e-01,3.816513546963987841e-02,9.618090328215662677e-01,9.999741682912061114e-01,2.583170879388863028e-05,9.268466850675949331e-07,2.098298099999965416e+00,3.239700000000000000e+04
5.700000000000000622e-01,2.179939950930449150e-02,9.781775342038990795e-01,9.999769337132036195e-01,2.306628679638045298e-05,1.088535624027553439e-06,2.054857799999808776e+00,3.239700000000000000e+04
5.749999999999999556e-01,1.111140898958325358e-02,9.888678702862889747e-01,9.999792792758722682e-01,2.072072412773184880e-05,1.080203778924815339e-06,2.080022599999892918e+00,3.239700000000000000e+04
5.800000000000000711e-01,1.697590667012829641e-03,9.982839440170465650e-01,9.999815346840593699e-01,1.846531594063005599e-05,6.294094428427321475e-07,2.084655999999995402e+00,3.239700000000000000e+04
5.849999999999999645e-01,9.717719254771328696e-03,9.902663110034608529e-01,9.999840302582321261e-01,1.596974176787391286e-05,4.448126283418396554e-07,2.078037799999947310e+00,3.239700000000000000e+04
5.899999999999999689e-01,1.570476573720954450e-01,8.429374812168732856e-01,9.999851385889687583e-01,1.486141103124172247e-05,3.451357168740565307e-07,2.094282400000111011e+00,3.239700000000000000e+04
5.949999999999999734e-01,2.552333904325418956e-01,7.447489816389653017e-01,9.999823720715071973e-01,1.762792849280270246e-05,9.158772432821260523e-07,2.091337300000077448e+00,3.239700000000000000e+04
5.999999999999999778e-01,1.844236238968368080e-01,8.155598138695777655e-01,9.999834377664145180e-01,1.656223358548203350e-05,6.920090267481526780e-07,2.055349699999851509e+00,3.239700000000000000e+04
6.049999999999999822e-01,1.498752540850324944e-01,8.501097570666440451e-01,9.999850111516765949e-01,1.498884832340507955e-05,5.845778000904133798e-07,2.094304899999997360e+00,3.239700000000000000e+04
6.099999999999999867e-01,1.358888203450218379e-01,8.640976068221128958e-01,9.999864271671347060e-01,1.357283286529398225e-05,5.019425671215493878e-07,2.084180000000060318e+00,3.239700000000000000e+04
6.149999999999999911e-01,1.312278472197016543e-01,8.687598322869457546e-01,9.999876795066473534e-01,1.232049335264662204e-05,4.275941527104309969e-07,2.100903300000027230e+00,3.239700000000000000e+04
6.199999999999999956e-01,1.313715612602078808e-01,8.686172302573632598e-01,9.999887915175711406e-01,1.120848242885941204e-05,3.563975331175028849e-07,2.080104500000061307e+00,3.239700000000000000e+04
6.250000000000000000e-01,1.342228059331040391e-01,8.657669747526037796e-01,9.999897806857078741e-01,1.021931429212585840e-05,2.888192173790271600e-07,2.103419300000041403e+00,3.239700000000000000e+04
6.300000000000000044e-01,1.385256290169467885e-01,8.614650333121016690e-01,9.999906623290484298e-01,9.337670951570231637e-06,2.272895110629058468e-07,2.112591900000097667e+00,3.239700000000000000e+04
6.350000000000000089e-01,1.432890335191347175e-01,8.567024193873853388e-01,9.999914529065200286e-01,8.547093479971401564e-06,1.742703616969265568e-07,2.117905699999937497e+00,3.239700000000000000e+04
6.400000000000000133e-01,1.476127122504359290e-01,8.523794586770248038e-01,9.999921709274607329e-01,7.829072539267123432e-06,1.312710311111853212e-07,2.089832900000146765e+00,3.239700000000000000e+04
6.450000000000000178e-01,1.506871096874286553e-01,8.493057268070920429e-01,9.999928364945207537e-01,7.163505479246268237e-06,9.851350750086917962e-08,2.069487600000002203e+00,3.239700000000000000e+04
6.500000000000000222e-01,1.518622304166882264e-01,8.481312401387705036e-01,9.999934705554587300e-01,6.529444541270024160e-06,7.502564851151471981e-08,2.106110400000034133e+00,3.239700000000000000e+04
6.550000000000000266e-01,1.507678827970302948e-01,8.492262113782309552e-01,9.999940941752611945e-01,5.905824738805520724e-06,5.892378473690285112e-08,2.100080100000013772e+00,3.239700000000000000e+04
6.599999999999999201e-01,1.476600022292815506e-01,8.523347225465544019e-01,9.999947247758359525e-01,5.275224164047465081e-06,7.866823847901827094e-08,2.115771199999926466e+00,3.239700000000000000e+04
6.650000000000000355e-01,1.451233633920136767e-01,8.548719790399412766e-01,9.999953424319549811e-01,4.657568045018933844e-06,2.584570591990242860e-07,2.083469800000102623e+00,3.239700000000000000e+04
6.699999999999999289e-01,1.588524337261063013e-01,8.411431469837404862e-01,9.999955807098468430e-01,4.419290153157007239e-06,1.197506892980371163e-06,2.067409300000008443e+00,3.239700000000000000e+04
6.750000000000000444e-01,2.364613870503814441e-01,7.635321109064580059e-01,9.999934979568394500e-01,6.502043160550030620e-06,4.069224724845277308e-06,2.085264399999914531e+00,3.239700000000000000e+04
6.799999999999999378e-01,2.356814112755825086e-01,7.643115414708592237e-01,9.999929527464417323e-01,7.047253558267740914e-06,2.927601580687833049e-06,2.081680600000026971e+00,3.239700000000000000e+04
6.850000000000000533e-01,2.012235318777437221e-01,7.987704568781646142e-01,9.999939887559083918e-01,6.011244091608247686e-06,2.289099665809396500e-06,2.108066400000097929e+00,3.239700000000000000e+04
6.899999999999999467e-01,7.716547492116936080e-02,9.228301964269217672e-01,9.999956713480910864e-01,4.328651908913627722e-06,6.709791237902162919e-07,2.073595099999920421e+00,3.239700000000000000e+04
6.950000000000000622e-01,7.643017730113013664e-02,9.235661766124844130e-01,9.999963539136145219e-01,3.646086385478142233e-06,2.897557955516827377e-07,2.065116200000147728e+00,3.239700000000000000e+04
6.999999999999999556e-01,6.384937919109305582e-02,9.361475824133935753e-01,9.999969616044865894e-01,3.038395513410563353e-06,1.966697160682429057e-07,2.086817199999813965e+00,3.239700000000000000e+04
7.050000000000000711e-01,5.040607858534272567e-02,9.495914303038510695e-01,9.999975088891938091e-01,2.491110806190910409e-06,1.520151924616630623e-07,2.126680500000020402e+00,3.239700000000000000e+04
7.099999999999999645e-01,3.828686129312836028e-02,9.617111467397849722e-01,9.999980080329133880e-01,1.991967086611978743e-06,1.209813543234794508e-07,2.075981199999887394e+00,3.239700000000000000e+04
7.150000000000000799e-01,2.836814133275837937e-02,9.716303233821199647e-01,9.999984647148782990e-01,1.535285121700979971e-06,9.555143581918557061e-08,2.087810800000170275e+00,3.239700000000000000e+04
7.199999999999999734e-01,2.114459851572243407e-02,9.788542822139957300e-01,9.999988807297182092e-01,1.119270281790818444e-06,7.356119938184413343e-08,2.078726299999971161e+00,3.239700000000000000e+04
7.249999999999999778e-01,1.690291036792629722e-02,9.830963457160346586e-01,9.999992560839610078e-01,7.439160389921539718e-07,5.450092033232323274e-08,2.050414000000046144e+00,3.239700000000000000e+04
7.299999999999999822e-01,1.576548718991098788e-02,9.842341030776943223e-01,9.999995902676053205e-01,4.097323946794517724e-07,5.208612010101920653e-08,2.072994099999959872e+00,3.239700000000000000e+04
7.349999999999999867e-01,1.771104151996631682e-02,9.822888414860865280e-01,9.999998830060528032e-01,1.169939471967751388e-07,5.023038959512532431e-08,2.092955300000085117e+00,3.239700000000000000e+04
7.399999999999999911e-01,2.259372530164287587e-02,9.774064093764871508e-01,1.000000134678129982e+00,1.346781299815802413e-07,4.646653014098167667e-08,2.048248300000068411e+00,3.239700000000000000e+04
7.449999999999999956e-01,3.016383377014357492e-02,9.698365127457801993e-01,1.000000346515923733e+00,3.465159237325821096e-07,4.106012889762422624e-08,2.119962400000076741e+00,3.239700000000000000e+04
7.500000000000000000e-01,4.008896818275100443e-02,9.599115524647396924e-01,1.000000520647490676e+00,5.206474906760405474e-07,3.436122209682368478e-08,2.092412199999898803e+00,3.239700000000000000e+04
7.550000000000000044e-01,5.197460413557624531e-02,9.480260558910594826e-01,1.000000660026635790e+00,6.600266357903450398e-07,2.678462633111389213e-08,2.104669100000137405e+00,3.239700000000000000e+04
7.600000000000000089e-01,6.538402265457426976e-02,9.346167456246882166e-01,1.000000768279262431e+00,7.682792624308376617e-07,1.877811324491052147e-08,2.103452500000003056e+00,3.239700000000000000e+04
7.650000000000000133e-01,7.985814433977551918e-02,9.201427051578311422e-01,1.000000849497606703e+00,8.494976067030535205e-07,1.078493773280786439e-08,2.104012999999895328e+00,3.239700000000000000e+04
7.700000000000000178e-01,9.493552743300975871e-02,9.050653805704240717e-01,1.000000908003433775e+00,9.080034337749509632e-07,1.170650509862980471e-08,2.112368100000139748e+00,3.239700000000000000e+04
7.750000000000000222e-01,1.101719230735777044e-01,8.898290250425970882e-01,1.000000948116174904e+00,9.481161749036459696e-07,1.387499060090391367e-08,2.118958099999872502e+00,3.239700000000000000e+04
7.800000000000000266e-01,1.251579490507797321e-01,8.748430248975005430e-01,1.000000973948280247e+00,9.739482802473276024e-07,1.587334791386396660e-08,2.102827800000113712e+00,3.239700000000000000e+04
7.849999999999999201e-01,1.395331721649215873e-01,8.604678170878475862e-01,1.000000989252769257e+00,9.892527692567654185e-07,1.752963649237493371e-08,2.134259800000108953e+00,3.239700000000000000e+04
7.900000000000000355e-01,1.529953141605019384e-01,8.470056831700635280e-01,1.000000997330565466e+00,9.973305654664699205e-07,1.858562656553708337e-08,2.072841700000026322e+00,3.239700000000000000e+04
7.949999999999999289e-01,1.653041701279373277e-01,8.346968308721971486e-01,1.000001001000134560e+00,1.001000134559504318e-06,1.991221082204425175e-08,2.050509799999872484e+00,3.239700000000000000e+04
8.000000000000000444e-01,1.762807470530702858e-01,8.237202555655660507e-01,1.000001002618636337e+00,1.002618636336549685e-06,2.110407265869945759e-08,2.096234800000047471e+00,3.239700000000000000e+04
