order,ppw_in_slab,dofs_1d,hmax_um,rel_L2,R,T,R_plus_T,bottom_incoming_ratio
1,6,28,0.05555555555555558,0.23824802452539806,0.20336079098673157,0.7966976351440063,1.000058426130738,0.007643698760326078
1,8,34,0.045454545454545636,0.16590428123596873,0.1981844185285729,0.8018437557253943,1.0000281742539672,0.0053079425361603864
1,12,52,0.02941176470588247,0.0729323222944213,0.1880005213613137,0.8120040474066927,1.0000045687680064,0.002137467662218246
1,16,67,0.02272727272727293,0.04419030455459146,0.1840049632572107,0.8159966480016811,1.0000016112588919,0.001269353729828064
1,24,100,0.01515151515151536,0.019881420259151246,0.18034325317320513,0.8196570595275898,1.000000312700795,0.0005591965603721982
1,32,130,0.011627906976744207,0.011756986415316655,0.17905638025760853,0.8209437322470202,1.0000001125046287,0.00033541710108756645
1,48,196,0.007692307692307887,0.005162113132295551,0.17800054252038028,0.8219994790524454,1.0000000215728257,0.00014687683819713363
2,6,55,0.05555555555555558,0.0041174717371485915,0.1782585564648591,0.8217414443767831,1.0000000008416423,2.901105103268475e-05
2,8,67,0.045454545454545636,0.0020024838163506128,0.1776722505887665,0.8223277502146145,1.000000000803381,2.8343920833277308e-05
2,12,103,0.02941176470588247,0.00044217615106839636,0.17725183140968856,0.8227481685958313,1.0000000000055198,2.348769664122802e-06
2,16,133,0.02272727272727293,0.00018779352748699368,0.1771941296552229,0.8228058703495514,1.0000000000047744,2.184149591038287e-06
2,24,199,0.01515151515151536,5.127259398312634e-05,0.17716856205702752,0.8228314379430038,1.0000000000000313,1.8340305357896756e-07
2,32,259,0.011627906976744207,2.2480880504768545e-05,0.17716446345492554,0.8228355365450819,1.0000000000000075,6.878727106817066e-08
2,48,391,0.007692307692307887,6.341141033187456e-06,0.1771627457427398,0.8228372542572674,1.000000000000007,2.999588525120948e-08
