wavelength_um,R_skfem,T_skfem,R_comsol,T_comsol,R_fdtd,T_fdtd
2.999999999999999889e-01,2.146869071746954072e-01,7.853185402728569686e-01,2.145124899610398594e-01,7.854875100389625553e-01,2.405413972423044444e-01,7.881601447150345940e-01
3.049999999999999933e-01,8.404312815315699570e-02,9.159680707982271741e-01,8.419114988005008127e-02,9.158088501199495024e-01,7.707526641050289895e-02,9.220420583269363091e-01
3.099999999999999978e-01,1.610573811359771457e-01,8.389655015651238390e-01,1.617167994124737440e-01,8.382832005875167081e-01,1.724305245224210803e-01,8.280792922344881735e-01
3.150000000000000022e-01,3.260464834751153340e-01,6.739769086176181645e-01,3.266059445587142784e-01,6.733940554412882751e-01,3.158181706445052916e-01,6.770193531815832388e-01
3.200000000000000067e-01,2.237584448934767378e-01,7.762992360889776622e-01,2.227598115908622500e-01,7.772401884091437729e-01,2.190181182266029425e-01,7.856861783113158193e-01
3.250000000000000111e-01,2.503065271157849936e-01,7.497354679790708687e-01,2.498302166802810198e-01,7.501697833197157328e-01,2.439356873889844401e-01,7.495877134548800669e-01
3.299999999999999600e-01,1.740319723277380382e-01,8.260213912829326155e-01,1.739883676164814263e-01,8.260116323835212659e-01,1.744924919800861507e-01,8.323249478818460778e-01
3.349999999999999645e-01,1.684598325902352256e-01,8.306972986875088560e-01,1.732340028756632622e-01,8.267659971243418449e-01,1.693108895464232044e-01,8.241170076008236256e-01
3.399999999999999689e-01,1.636280483815600317e-01,8.363898899727481018e-01,1.639910237312382502e-01,8.360089762687654691e-01,1.686706519865556475e-01,8.327415327914272636e-01
3.449999999999999734e-01,2.754879857741490690e-01,7.245392906781500386e-01,2.754190939340697142e-01,7.245809060659370582e-01,2.816266547265003362e-01,7.162348039825338075e-01
3.499999999999999778e-01,4.050949212219331907e-01,5.949202835148661439e-01,4.046136632855131254e-01,5.953863367144847096e-01,3.984570004570364699e-01,6.024565063170626011e-01
3.549999999999999822e-01,1.113297615900484538e-01,8.886919656644547416e-01,1.111248460617517003e-01,8.888751539382478972e-01,1.105934952804604882e-01,8.868045228607907005e-01
3.599999999999999867e-01,2.546816535555708749e-01,7.453467979891897910e-01,2.556650514976360200e-01,7.443349485023430523e-01,2.384145726945142707e-01,7.546638529022546837e-01
3.649999999999999911e-01,2.096449688107210330e-01,7.903779090595011159e-01,2.089828609704313112e-01,7.910171390295634986e-01,2.208893251700705940e-01,7.790702953041680479e-01
3.699999999999999956e-01,2.081729544296438972e-01,7.918566588614294188e-01,2.089203469188631868e-01,7.910796530811258220e-01,2.159400699221712683e-01,7.828635764228574212e-01
3.750000000000000000e-01,2.799000092809547646e-01,7.201117681036183216e-01,2.795010752988005831e-01,7.204989247011917008e-01,2.704366213207441416e-01,7.270261264138506707e-01
3.800000000000000044e-01,1.739384246917350940e-01,8.260698599714766388e-01,1.736044478562060733e-01,8.263955521437954532e-01,1.748707900200298093e-01,8.270684388082955030e-01
3.850000000000000089e-01,1.304662488778385032e-01,8.695438441275658015e-01,1.303235452544238560e-01,8.696764547455735350e-01,1.308863906842624714e-01,8.665419428337562957e-01
3.900000000000000133e-01,1.217519248349556577e-01,8.782608968681854256e-01,1.217283821315943287e-01,8.782716178684092379e-01,1.207168714379843050e-01,8.804270075379868610e-01
3.950000000000000178e-01,1.314925293422118391e-01,8.685224269537431541e-01,1.315499394745588968e-01,8.684500605254479311e-01,1.318673734687703103e-01,8.659207320345145842e-01
4.000000000000000222e-01,2.548441502375817791e-01,7.451699336978103716e-01,2.563982756097058502e-01,7.436017243902967033e-01,2.916644032100062511e-01,7.094969320357421561e-01
4.049999999999999711e-01,2.870901664757202210e-01,7.129186787029490047e-01,2.865950291666219951e-01,7.134049708333820572e-01,2.826462007414394240e-01,7.151759637954658855e-01
4.099999999999999756e-01,1.963690404278922164e-01,8.036389801886780759e-01,1.961898178783987035e-01,8.038101821216090404e-01,1.930795934441916495e-01,7.987865652818746387e-01
4.149999999999999800e-01,2.615864439591408797e-01,7.384233154162916923e-01,2.587399575821475728e-01,7.412600424178573677e-01,2.627271623095864261e-01,6.840848305110754923e-01
4.199999999999999845e-01,1.217244646223480109e-01,8.782804070741334623e-01,1.215597089830494082e-01,8.784402910169590850e-01,1.215226540288502355e-01,8.834936674840031534e-01
4.249999999999999889e-01,9.106757507239485183e-02,9.089355514304620076e-01,9.098859895207206394e-02,9.090114010479337647e-01,9.043004064584750368e-02,9.121136486456439263e-01
4.299999999999999933e-01,8.117565455070913094e-02,9.188266624806034066e-01,8.115382292327132097e-02,9.188461770767193393e-01,8.182045455543696111e-02,9.142313397729702196e-01
4.349999999999999978e-01,8.480292805248441923e-02,9.151994842293047494e-01,8.481826602169190155e-02,9.151817339783047123e-01,8.616319000016757490e-02,9.129176257013538187e-01
4.400000000000000022e-01,9.991564981758838115e-02,9.000872378709833255e-01,9.997063089708485562e-02,9.000293691029419563e-01,1.034575829188656149e-01,8.976258609171491321e-01
4.449999999999999512e-01,1.359230564649462070e-01,8.640795195137104256e-01,1.360306012150900301e-01,8.639693987849247359e-01,1.412474306511001809e-01,8.581437334663531979e-01
4.499999999999999556e-01,1.873212519904248752e-01,8.126797377093677444e-01,1.874330287345322144e-01,8.125669712654651766e-01,1.894724336585579261e-01,8.080321353294626086e-01
4.549999999999999600e-01,2.254392076516990029e-01,7.745599600753978464e-01,2.255064947077959070e-01,7.744935052922118368e-01,2.242901896472085099e-01,7.747197330834713069e-01
4.599999999999999645e-01,2.386263273842370025e-01,7.613714716236332780e-01,2.386534723487431231e-01,7.613465276512568769e-01,2.382718604564831033e-01,7.664244265466331196e-01
4.649999999999999689e-01,2.359924722114956908e-01,7.640042874401141715e-01,2.360192426471220961e-01,7.639807573528761830e-01,2.354063157102718462e-01,7.614238511926640918e-01
4.699999999999999734e-01,1.075169094290093497e-01,8.924783807061920093e-01,1.033565578093513515e-01,8.966434421906177565e-01,2.064428145318618624e-01,7.305423040232236209e-01
4.749999999999999778e-01,9.721107824852308343e-02,9.027875085106259467e-01,9.722592136893376535e-02,9.027740786310847199e-01,8.897307674609050698e-02,9.052767092990402498e-01
4.799999999999999822e-01,7.893044637430134125e-02,9.210677933020090524e-01,7.888638495248355420e-02,9.211136150474991124e-01,7.152400759098806460e-02,9.217192978736923337e-01
4.849999999999999867e-01,5.587302771691300685e-02,9.441254159013484637e-01,5.583654012454206811e-02,9.441634598754626850e-01,5.075971853938723161e-02,9.520538552095380025e-01
4.899999999999999911e-01,4.545611765806888138e-02,9.545333051433807503e-01,4.545045084819550330e-02,9.545495491518045661e-01,4.956998456320146906e-02,9.530698379037176871e-01
4.949999999999999956e-01,5.135206736402316008e-02,9.486926187032381774e-01,5.136211010038004704e-02,9.486378898996122855e-01,5.579508481739305775e-02,9.429237059420366718e-01
5.000000000000000000e-01,3.497605016877892992e-02,9.267579246227182210e-01,3.246784928416614202e-02,9.675321507158318735e-01,8.429812882410558927e-02,9.129746188749822133e-01
5.050000000000000044e-01,3.600407095112571620e-01,6.352880031539270833e-01,2.831018407929746794e-01,7.168981592070249320e-01,3.415275035103132462e-01,6.545491662407897371e-01
5.100000000000000089e-01,3.809674556134801104e-01,6.191860493895434692e-01,3.902793312026007211e-01,6.097206687973777406e-01,3.790032518656289984e-01,6.166627244133972008e-01
5.150000000000000133e-01,3.667918601590612337e-01,6.332248647789673335e-01,3.683679567407467936e-01,6.316320432592515965e-01,3.713046523415095002e-01,6.273134712761111453e-01
5.200000000000000178e-01,3.779854573430165288e-01,6.220016727938352252e-01,3.777149129949682327e-01,6.222850870050331551e-01,3.851078018903891786e-01,6.179967956528409356e-01
5.250000000000000222e-01,3.933574274055826048e-01,6.066376503374102391e-01,3.926579420086868111e-01,6.073420579913149098e-01,3.971622185935848592e-01,6.049500188642416010e-01
5.300000000000000266e-01,4.073377052297587619e-01,5.926595887547753128e-01,4.065553100076040871e-01,5.934446899923925267e-01,4.056694657255676684e-01,5.917895918961397772e-01
5.350000000000000311e-01,4.189088274293976677e-01,5.810880445342438971e-01,4.181550647010875421e-01,5.818449352989119028e-01,4.169356341057994797e-01,5.800823180038221505e-01
5.400000000000000355e-01,4.277043814649736930e-01,5.722919761772898850e-01,4.271118170341722808e-01,5.728881829658293290e-01,4.299970820122731574e-01,5.716649481258062604e-01
5.449999999999999289e-01,4.278916992439629197e-01,5.721043753934238474e-01,4.279000798559774998e-01,5.720999201440245541e-01,4.278398542812029137e-01,5.759170940854393406e-01
5.500000000000000444e-01,3.867640044440157632e-01,6.132317025799435273e-01,3.885704868986403770e-01,6.114295131013642859e-01,3.685578591174565322e-01,6.316900937015522688e-01
5.549999999999999378e-01,2.419447952817693204e-01,7.580503484824577809e-01,2.452289299184382543e-01,7.547710700815617457e-01,2.229159924931147785e-01,7.737896097870180512e-01
5.600000000000000533e-01,9.199681842973082835e-02,9.079983196531197231e-01,9.324725756322105319e-02,9.067527424367751721e-01,8.925394688579078861e-02,9.086632074461101771e-01
5.649999999999999467e-01,3.811944287534358572e-02,9.618761543077085641e-01,3.822205157841607887e-02,9.617779484215819297e-01,3.632474530245852207e-02,9.655760815414866638e-01
5.700000000000000622e-01,2.179704744732263721e-02,9.781990054579062788e-01,2.173888393452849330e-02,9.782611160654715032e-01,1.941945157628210961e-02,9.839277839014576310e-01
5.749999999999999556e-01,1.111771207860257418e-02,9.888787329997021924e-01,1.109767875314235895e-02,9.889023212468578405e-01,8.466147854606845616e-03,9.923205740548924902e-01
5.800000000000000711e-01,1.699072970253463983e-03,9.982977465133539008e-01,1.716005080213314337e-03,9.982839949197883644e-01,1.678444960468427520e-03,9.960569981633409231e-01
5.849999999999999645e-01,9.704421909162198184e-03,9.902928063025550065e-01,9.529276281068079987e-03,9.904707237189250835e-01,2.517678237491023999e-02,9.712486963727177125e-01
5.899999999999999689e-01,1.572206658962326531e-01,8.427767470788414261e-01,1.560421366320571268e-01,8.439578633679434283e-01,1.505676209640494645e-01,8.457827252168644838e-01
5.949999999999999734e-01,2.551439308138894191e-01,7.448530565090111244e-01,2.554109163715461706e-01,7.445890836284513314e-01,2.504777234251400753e-01,7.471042960538736288e-01
5.999999999999999778e-01,1.842511784816105447e-01,8.157459920489193994e-01,1.843492287621957271e-01,8.156507712378633368e-01,1.830900061276274915e-01,8.125729206476351996e-01
6.049999999999999822e-01,1.497383831481064465e-01,8.502590496055510982e-01,1.497328209160759538e-01,8.502671790839231303e-01,1.481616245671433796e-01,8.458183566477934789e-01
6.099999999999999867e-01,1.357833158635301518e-01,8.642143540101356880e-01,1.357524346246922198e-01,8.642475653753065590e-01,1.367721893411186496e-01,8.585489737074826211e-01
6.149999999999999911e-01,1.311473435909081275e-01,8.688505374264152703e-01,1.311146139989990411e-01,8.688853860010020691e-01,1.342326675031659811e-01,8.650506590553364017e-01
6.199999999999999956e-01,1.313119211485110627e-01,8.686861485313114306e-01,1.312845958193951112e-01,8.687154041806059990e-01,1.339602302450412508e-01,8.696333784537869649e-01
6.250000000000000000e-01,1.341804422049617251e-01,8.658177961229711617e-01,1.341601620967933506e-01,8.658398379032050673e-01,1.350564566550159495e-01,8.707585616452186983e-01
6.300000000000000044e-01,1.384966679360172537e-01,8.615017211362260285e-01,1.384826152229435836e-01,8.615173847770654092e-01,1.388215516961973928e-01,8.657702004360648962e-01
6.350000000000000089e-01,1.432693004343246201e-01,8.567292238199759602e-01,1.432594957812053371e-01,8.567405042187914432e-01,1.442577948948013666e-01,8.562872943352073385e-01
6.400000000000000133e-01,1.475981233374818458e-01,8.524005232937299503e-01,1.475902024374343702e-01,8.524097975625639645e-01,1.487304685815390437e-01,8.469343936656551497e-01
6.450000000000000178e-01,1.506741449309782488e-01,8.493246143965105244e-01,1.506658873906397134e-01,8.493341126093651994e-01,1.504660508672371610e-01,8.423451239549064606e-01
6.500000000000000222e-01,1.518483891746530423e-01,8.481504765357099629e-01,1.518380591798467460e-01,8.481619408201521715e-01,1.494488324746225671e-01,8.447272850859658400e-01
6.550000000000000266e-01,1.507524178827307493e-01,8.492465513476716854e-01,1.507390234125042250e-01,8.492609765874910011e-01,1.466707986103077399e-01,8.533908640047789262e-01
6.599999999999999201e-01,1.476463759283147825e-01,8.523526967268493237e-01,1.476301800741263992e-01,8.523698199258773478e-01,1.433331952293883105e-01,8.652227093523500168e-01
6.650000000000000355e-01,1.451306175770587514e-01,8.548685543091790739e-01,1.451151695183408585e-01,8.548848304816571986e-01,1.410232923121807203e-01,8.721143456243348746e-01
6.699999999999999289e-01,1.589708831035847592e-01,8.410283184113206412e-01,1.589713235973647665e-01,8.410286764026186912e-01,1.622739828579021493e-01,8.465905189612660253e-01
6.750000000000000444e-01,2.366906868453545476e-01,7.633081437605788722e-01,2.367188074313942292e-01,7.632811925686096011e-01,1.922512140776961587e-01,8.047534279170112104e-01
6.799999999999999378e-01,2.356627335563616366e-01,7.643360097487035265e-01,2.356541045263179091e-01,7.643458954736831457e-01,1.963523871198016857e-01,7.808705616154947293e-01
6.850000000000000533e-01,2.007432000211618606e-01,7.992557087988068076e-01,2.005667210456620886e-01,7.994332789543271423e-01,1.301254672487698050e-01,8.184279187402440092e-01
6.899999999999999467e-01,7.731978077281904949e-02,9.226794248199051696e-01,7.738275432389640773e-02,9.226172456760659557e-01,9.136915286435230710e-02,8.905539063300200731e-01
6.950000000000000622e-01,7.649394784508412037e-02,9.235053729066331485e-01,7.651607607510778342e-02,9.234839239248984200e-01,7.410520665476402757e-02,9.219918730038073607e-01
6.999999999999999556e-01,6.388124338978028172e-02,9.361181785124967902e-01,6.388775694244758219e-02,9.361122430575532505e-01,6.645643300266571019e-02,9.343548093259002041e-01
7.050000000000000711e-01,5.042210460181002080e-02,9.495774084346273458e-01,5.042151435995036873e-02,9.495784856400451002e-01,5.633129436962543840e-02,9.506105360412941963e-01
7.099999999999999645e-01,3.829382045023323883e-02,9.617057760495010266e-01,3.829002890909055656e-02,9.617099710909103871e-01,4.344879117810251240e-02,9.636648869006443352e-01
7.150000000000000799e-01,2.836990559306078186e-02,9.716297677211260808e-01,2.836519871501492346e-02,9.716348012849832516e-01,3.091550999585134657e-02,9.735229012201451759e-01
7.199999999999999734e-01,2.114385609630285018e-02,9.788558876602901915e-01,2.113977722547091820e-02,9.788602227745285544e-01,1.944459877165294337e-02,9.803269153975645578e-01
7.249999999999999778e-01,1.690176765814451268e-02,9.830980400983255763e-01,1.689944297298530754e-02,9.831005570270164862e-01,1.341983346442784247e-02,9.832405655789085985e-01
7.299999999999999822e-01,1.576570597455955250e-02,9.842341591531723610e-01,1.576598514308641050e-02,9.842340148569093117e-01,1.173460905026088574e-02,9.846427654870471002e-01
7.349999999999999867e-01,1.771412345551514472e-02,9.822857922546208709e-01,1.771764280235259281e-02,9.822823571976111445e-01,1.335377667016231576e-02,9.847294707323174245e-01
7.399999999999999911e-01,2.260091881727353119e-02,9.773990406389945207e-01,2.260812465053382847e-02,9.773918753494644784e-01,1.982423259930641418e-02,9.821294408699781098e-01
7.449999999999999956e-01,3.017609913433043356e-02,9.698238973370305605e-01,3.018724837169905334e-02,9.698127516282983862e-01,3.097133686296995453e-02,9.751749156152905718e-01
7.500000000000000000e-01,4.010692632574724970e-02,9.598931007028683737e-01,4.012207675265954537e-02,9.598779232473377832e-01,4.560032104937502412e-02,9.649417348725299881e-01
7.550000000000000044e-01,5.199849266062544356e-02,9.480015588988753850e-01,5.201749471294830202e-02,9.479825052870509694e-01,6.908415140705508051e-02,9.459179449670785944e-01
7.600000000000000089e-01,6.541367926596473870e-02,9.345863913669276712e-01,6.543618001882162138e-02,9.345638199811788782e-01,9.342940274494407338e-02,9.249615277722369466e-01
7.650000000000000133e-01,7.989303017265533824e-02,9.201070547428282786e-01,7.991849624017775822e-02,9.200815037598215618e-01,1.187283701680643261e-01,9.018654160784276286e-01
7.700000000000000178e-01,9.497479131762201487e-02,9.050253038168527553e-01,9.500255116090587648e-02,9.049974488390936100e-01,1.319843307570730817e-01,8.856991227973098901e-01
7.750000000000000222e-01,1.102144963306199849e-01,8.897856057021173992e-01,1.102437962522374026e-01,8.897562037477623198e-01,1.393712717064747031e-01,8.738363545558573975e-01
7.800000000000000266e-01,1.252026531477358484e-01,8.747974531863014214e-01,1.252327174049836234e-01,8.747672825950154607e-01,1.311294110829090420e-01,8.747957003360600226e-01
7.849999999999999201e-01,1.395788205802364901e-01,8.604212881356488873e-01,1.396089057418647694e-01,8.603910942581310950e-01,1.234761469135290113e-01,8.791690647875654019e-01
7.900000000000000355e-01,1.530407943063334109e-01,8.469593154918767519e-01,1.530702306817475766e-01,8.469297693182518127e-01,1.164089089081411649e-01,8.869415395318961393e-01
7.949999999999999289e-01,1.653484983874896896e-01,8.346516117568953952e-01,1.653767154480631774e-01,8.346232845519296895e-01,1.333017897918195582e-01,8.827564506021942092e-01
8.000000000000000444e-01,1.763230968918697850e-01,8.236770133819246720e-01,1.763496333946089345e-01,8.236503666053880401e-01,1.573551659756778631e-01,8.749978368963450270e-01
