wavelength_um,R_ref,T_ref,R_25_12,T_25_12,dR_25_12,dT_25_12,R_30_15,T_30_15,dR_30_15,dT_30_15,time_ref,time_25_12,time_30_15
2.999999999999999889e-01,2.146869071746672075e-01,7.853185402728777298e-01,2.145154385500465388e-01,7.856804778608120765e-01,1.714686246206686970e-04,3.619375879343467162e-04,2.142581537757031473e-01,7.858830338164851659e-01,4.287533989640601728e-04,5.644935436074360879e-04,9.980268800000089868e+00,3.304816500000015367e+00,1.864693899999906535e+00
3.400000000000000244e-01,1.636280483815713560e-01,8.363898899727668645e-01,1.637114563726728977e-01,8.364247039742369605e-01,8.340799110154173412e-05,3.481400147009594548e-05,1.638187293642588138e-01,8.363696196368299862e-01,1.906809826874578118e-04,2.027033593687832536e-05,9.106143399999950816e+00,2.923585900000034599e+00,1.748604500000055850e+00
4.000000000000000222e-01,2.548441502376226353e-01,7.451699336978069299e-01,2.547259358762103409e-01,7.452857519574205281e-01,1.182143614122943553e-04,1.158182596135981512e-04,2.548147752309777858e-01,7.453095900367643356e-01,2.937500664484948842e-05,1.396563389574057013e-04,9.063381500000105007e+00,2.908501499999943007e+00,1.726898900000037429e+00
4.799999999999999822e-01,7.893044637431143040e-02,9.210677933020214869e-01,7.892505571135582931e-02,9.210766077971492827e-01,5.390662955601088768e-06,8.814495127795751728e-06,7.891161792238719774e-02,9.210858553179228636e-01,1.882845192423265868e-05,1.806201590137668234e-05,8.918007499999930587e+00,2.921118599999999788e+00,1.746490699999981189e+00
5.200000000000000178e-01,3.779854573430385112e-01,6.220016727938509904e-01,3.779246724901303423e-01,6.220708821500121610e-01,6.078485290816892928e-05,6.920935616117063205e-05,3.778639697275119613e-01,6.220955335084245030e-01,1.214876155265498525e-04,9.386071457351263803e-05,9.148165900000094553e+00,2.958176800000046569e+00,1.777781000000004497e+00
5.999999999999999778e-01,1.842511784816122655e-01,8.157459920489610328e-01,1.843670189129482662e-01,8.156514947648958458e-01,1.158404313360006377e-04,9.449728406518698165e-05,1.844600293030463911e-01,8.155216993528497937e-01,2.088508214341255886e-04,2.242926961112390316e-04,8.946406400000000758e+00,2.904921199999989767e+00,1.717729899999994814e+00
6.800000000000000488e-01,2.356627335564308034e-01,7.643360097487084115e-01,2.356773246850891179e-01,7.643394103488259095e-01,1.459112865831446726e-05,3.400600117497987185e-06,2.356858317304184047e-01,7.643069127028980780e-01,2.309817398760127816e-05,2.909704581033345505e-05,9.048773600000004080e+00,2.936616800000024341e+00,1.694227899999987130e+00
7.199999999999999734e-01,2.114385609631284565e-02,9.788558876604308567e-01,2.114451979022691913e-02,9.788635849965762192e-01,6.636939140734765541e-07,7.697336145362498883e-06,2.114461116421843118e-02,9.788549944837476868e-01,7.550679055855213928e-07,8.931766831699050613e-07,8.943088299999999435e+00,2.931373499999949672e+00,1.711578199999962635e+00
8.000000000000000444e-01,1.763230968918551578e-01,8.236770133821342821e-01,1.762948295884473326e-01,8.237077384639995836e-01,2.826730340782512840e-05,3.072508186530154006e-05,1.762702118190353495e-01,8.237302993268150741e-01,5.288507281980825425e-05,5.328594468079206337e-05,8.923574200000075507e+00,2.882841500000040469e+00,1.667285300000003190e+00
