wavelength_um,R_all,T_all,RplusT_all,energy_all,R_pm5,T_pm5,RplusT_pm5,energy_pm5,n_propagating_orders,pm5_omits_propagating_order,cutoff_flag,R_fdtd,T_fdtd,abs_dR_all_fdtd,abs_dT_all_fdtd,abs_R_all_minus_pm5,abs_T_all_minus_pm5,point_time_s
1.000000000000000000e+00,8.359377814207417101e-01,1.614107435224505227e-01,9.973485249431922606e-01,2.651475056807739428e-03,8.185104239622202904e-01,1.518154158744918769e-01,9.703258398367121673e-01,2.967416016328783268e-02,1.300000000000000000e+01,1.000000000000000000e+00,1.000000000000000000e+00,9.045872178156403320e-01,6.803285921747172227e-02,6.864943639489862193e-02,9.337788430497880043e-02,1.742735745852141971e-02,9.595327647958645789e-03,4.727045200000247860e+00
1.006097560975609762e+00,7.140053139062128018e-01,2.857745855715198013e-01,9.997798994777326032e-01,2.201005222673968476e-04,6.938916849460549097e-01,2.359752901426285243e-01,9.298669750886834340e-01,7.013302491131656602e-02,1.300000000000000000e+01,1.000000000000000000e+00,0.000000000000000000e+00,8.198350961144449389e-01,1.714146469662504169e-01,1.058297822082321371e-01,1.143599386052693845e-01,2.011362896015789214e-02,4.979929542889127703e-02,4.699941900000339956e+00
1.012269938650306678e+00,6.458982730413014295e-01,3.539958194198246089e-01,9.998940924611260384e-01,1.059075388739616486e-04,5.609598752906247432e-01,3.466505808398974153e-01,9.076104561305221585e-01,9.238954386947784148e-02,1.300000000000000000e+01,1.000000000000000000e+00,0.000000000000000000e+00,7.486615685896214067e-01,2.604808824730621142e-01,1.027632955483199773e-01,9.351493694676249469e-02,8.493839775067668629e-02,7.345238579927193534e-03,4.662313400000130059e+00
1.018518518518518379e+00,6.266330810000192431e-01,3.732675366682556839e-01,9.999006176682749825e-01,9.938233172501753643e-05,5.877502842592290389e-01,3.599796343028126566e-01,9.477299185620416955e-01,5.227008143795830453e-02,1.300000000000000000e+01,1.000000000000000000e+00,0.000000000000000000e+00,6.738680140785301420e-01,3.210248542162896235e-01,4.723493307851089895e-02,5.224268245196606042e-02,3.888279674079020420e-02,1.328790236544302727e-02,4.610123299999941082e+00
1.024844720496894235e+00,4.562378363034177431e-01,5.436694973373809026e-01,9.999073336407986456e-01,9.266635920135435356e-05,4.388862199043592205e-01,5.331437888889696275e-01,9.720300087933289035e-01,2.796999120667109651e-02,1.300000000000000000e+01,1.000000000000000000e+00,0.000000000000000000e+00,5.881477092180303901e-01,4.086043817027453229e-01,1.319098729146126470e-01,1.350651156346355797e-01,1.735161639905852260e-02,1.052570844841127506e-02,4.054513199999746575e+00
1.031250000000000000e+00,7.618722391157607410e-01,2.380597172042229759e-01,9.999319563199837724e-01,6.804368001622762563e-05,6.659807097594283576e-01,1.952961970157472971e-01,8.612769067751756547e-01,1.387230932248243453e-01,1.300000000000000000e+01,1.000000000000000000e+00,0.000000000000000000e+00,6.524565842597706000e-01,3.560526775288032630e-01,1.094156548559901410e-01,1.179929603245802872e-01,9.589152935633238339e-02,4.276352018847567882e-02,4.196656900000562018e+00
1.037735849056603765e+00,8.103426166210584425e-01,1.896151590394615782e-01,9.999577756605200207e-01,4.222433947997927817e-05,6.255442012560998855e-01,1.546579448110875221e-01,7.802021460671874076e-01,2.197978539328125924e-01,1.300000000000000000e+01,1.000000000000000000e+00,0.000000000000000000e+00,7.865116005991492631e-01,2.129743825503812582e-01,2.383101602190917934e-02,2.335922351091967997e-02,1.847984153649585570e-01,3.495721422837405612e-02,4.205804799999896204e+00
1.044303797468354444e+00,6.889223698424649101e-01,3.109575347893294150e-01,9.998799046317943251e-01,1.200953682056749017e-04,6.609033720861797745e-01,2.527542544508282196e-01,9.136576265370079941e-01,8.634237346299200588e-02,1.300000000000000000e+01,1.000000000000000000e+00,0.000000000000000000e+00,7.624492532466768946e-01,2.387270293172089330e-01,7.352688340421198454e-02,7.223050547212048200e-02,2.801899775628513556e-02,5.820328033850119542e-02,4.132761300000311167e+00
1.050955414012738620e+00,7.067617624101745211e-01,2.930015883569433988e-01,9.997633507671179753e-01,2.366492328820246627e-04,6.792521228814196732e-01,2.813825550881577375e-01,9.606346779695773552e-01,3.936532203042264477e-02,1.300000000000000000e+01,1.000000000000000000e+00,0.000000000000000000e+00,7.057505397709846751e-01,2.914540839317850685e-01,1.011222639189846007e-03,1.547504425158330310e-03,2.750963952875484786e-02,1.161903326878566123e-02,3.836759999999230786e+00
1.057692307692307487e+00,8.076523358943119568e-01,1.923370027509773150e-01,9.999893386452892718e-01,1.066135471072815477e-05,7.488771908750134765e-01,1.836002111417899818e-01,9.324774020168034028e-01,6.752259798319659723e-02,1.300000000000000000e+01,1.000000000000000000e+00,0.000000000000000000e+00,6.950435459893901102e-01,3.016095525321138560e-01,1.126087899049218466e-01,1.092725497811365409e-01,5.877514501929848034e-02,8.736791609187333219e-03,4.076193200000489014e+00
1.064516129032258007e+00,5.009188354402899224e-01,4.990573965713629434e-01,9.999762320116528658e-01,2.376798834713422792e-05,4.663090949690766318e-01,4.611075972140861179e-01,9.274166921831628052e-01,7.258330781683719479e-02,1.300000000000000000e+01,1.000000000000000000e+00,0.000000000000000000e+00,8.728733340828629395e-01,1.283865487494702529e-01,3.719544986425730171e-01,3.706708478218926905e-01,3.460974047121329056e-02,3.794979935727682552e-02,3.866555200000220793e+00
1.071428571428571397e+00,5.815762779316377973e-01,4.183961178847109830e-01,9.999723958163487803e-01,2.760418365121974915e-05,5.486920382402146190e-01,3.890340725808903444e-01,9.377261108211050189e-01,6.227388917889498110e-02,1.300000000000000000e+01,1.000000000000000000e+00,0.000000000000000000e+00,6.065435169520572156e-01,3.926602700678985536e-01,2.496723902041941834e-02,2.573584781681242939e-02,3.288423969142317826e-02,2.936204530382063860e-02,4.012074999999640568e+00
1.078431372549019551e+00,5.422411077292985659e-01,4.577460973517888387e-01,9.999872050810874047e-01,1.279491891259532110e-05,5.069848888840857715e-01,4.422199615668924721e-01,9.492048504509782436e-01,5.079514954902175639e-02,1.300000000000000000e+01,1.000000000000000000e+00,0.000000000000000000e+00,5.454429344739577523e-01,4.563478941256167709e-01,3.201826744659186375e-03,1.398203226172067826e-03,3.525621884521279448e-02,1.552613578489636659e-02,3.773468499999580672e+00
1.085526315789473673e+00,6.248090056554305161e-01,3.750156121255414643e-01,9.998246177809719804e-01,1.753822190280196480e-04,5.548575405364009061e-01,3.560056168578565883e-01,9.108631573942574944e-01,8.913684260574250562e-02,1.300000000000000000e+01,1.000000000000000000e+00,0.000000000000000000e+00,5.083870257102386381e-01,4.921432051085910531e-01,1.164219799451918780e-01,1.171275929830495888e-01,6.995146511902960995e-02,1.900999526768487602e-02,3.734083400000599795e+00
1.092715231788079278e+00,6.153062954596053569e-01,3.846110504138878783e-01,9.999173458734932352e-01,8.265412650676484674e-05,5.048396901525602498e-01,3.504587149272164193e-01,8.552984050797767246e-01,1.447015949202232754e-01,1.300000000000000000e+01,1.000000000000000000e+00,0.000000000000000000e+00,5.918592394470001405e-01,4.073787461429249634e-01,2.344705601260521632e-02,2.276769572903708516e-02,1.104666053070451071e-01,3.415233548667145902e-02,3.997853200000463403e+00
1.099999999999999867e+00,7.236795676531961874e-01,2.763150011607486412e-01,9.999945688139448841e-01,5.431186055115944100e-06,5.628394173201203277e-01,2.266039667829520821e-01,7.894433841030723542e-01,2.105566158969276458e-01,1.300000000000000000e+01,1.000000000000000000e+00,0.000000000000000000e+00,5.986951601172959547e-01,4.006555167248857519e-01,1.249844075359002327e-01,1.243405155641371107e-01,1.608401503330758597e-01,4.971103437779655909e-02,3.592098700000860845e+00
1.107382550335570315e+00,6.811444317552229899e-01,3.188132607689196374e-01,9.999576925241426828e-01,4.230747585731720051e-05,5.441547870621281646e-01,2.766858444824012997e-01,8.208406315445294643e-01,1.791593684554705357e-01,1.300000000000000000e+01,1.000000000000000000e+00,0.000000000000000000e+00,7.629815836905339266e-01,2.377316125479709552e-01,8.183715193531093668e-02,8.108164822094868218e-02,1.369896446930948253e-01,4.212741628651833770e-02,3.695548400000006950e+00
1.114864864864864913e+00,5.425894047682696675e-01,4.574242942639412113e-01,1.000013699032210823e+00,1.369903221082324762e-05,4.831822106457245858e-01,4.415231995216098992e-01,9.247054101673344295e-01,7.529458983266557048e-02,1.300000000000000000e+01,1.000000000000000000e+00,0.000000000000000000e+00,7.101772212639342330e-01,2.886130721356752749e-01,1.675878164956645655e-01,1.688112221282659364e-01,5.940719412254508169e-02,1.590109474233131204e-02,3.671241300000474439e+00
1.122448979591836871e+00,5.973340999876411983e-01,4.026013002992345768e-01,9.999354002868757751e-01,6.459971312422485568e-05,4.032941236206101787e-01,3.867910364255449651e-01,7.900851600461551438e-01,2.099148399538448562e-01,1.300000000000000000e+01,1.000000000000000000e+00,0.000000000000000000e+00,5.842041392923483789e-01,4.153642836863083998e-01,1.312996069529281939e-02,1.276298338707382296e-02,1.940399763670310196e-01,1.581026387368961172e-02,3.683029400000123132e+00
1.130136986301369717e+00,7.538185756429592876e-01,2.461425232203631741e-01,9.999610988633225173e-01,3.890113667748273940e-05,5.493132505404286769e-01,2.127060688913353370e-01,7.620193194317640417e-01,2.379806805682359583e-01,1.300000000000000000e+01,1.000000000000000000e+00,0.000000000000000000e+00,5.437504041988667769e-01,4.560116982433256583e-01,2.100681714440925107e-01,2.098691750229624842e-01,2.045053251025306107e-01,3.343645432902783710e-02,3.653324400000201422e+00
1.137931034482758452e+00,7.332025578512418873e-01,2.667524877086764334e-01,9.999550455599183207e-01,4.495444008167925887e-05,6.830770528744530834e-01,2.486343454542746245e-01,9.317113983287277357e-01,6.828860167127226433e-02,1.300000000000000000e+01,1.000000000000000000e+00,0.000000000000000000e+00,7.437060262462623639e-01,2.552308119135605624e-01,1.050346839502047658e-02,1.152167579511587103e-02,5.012550497678880390e-02,1.811814225440180892e-02,3.517587600000297243e+00
1.145833333333333259e+00,6.533951552972143695e-01,3.467065601653241402e-01,1.000101715462538454e+00,1.017154625384542044e-04,5.291089674930333775e-01,2.655907113657293150e-01,7.946996788587626925e-01,2.053003211412373075e-01,1.300000000000000000e+01,1.000000000000000000e+00,0.000000000000000000e+00,6.791249666843316435e-01,3.207917169418664227e-01,2.572981138711727400e-02,2.591484322345771751e-02,1.242861878041809920e-01,8.111584879959482519e-02,3.519549399999959860e+00
1.153846153846153744e+00,9.021656034267362401e-01,9.798352921289574247e-02,1.000149132639631899e+00,1.491326396318992664e-04,7.312737473560848578e-01,9.284628125247849917e-02,8.241200286085633708e-01,1.758799713914366292e-01,1.300000000000000000e+01,1.000000000000000000e+00,0.000000000000000000e+00,6.363879360362728610e-01,3.608483057328798482e-01,2.657776673904633791e-01,2.628647765199840780e-01,1.708918560706513823e-01,5.137247960417243298e-03,3.526042500000585278e+00
1.161971830985915499e+00,7.138888173044530827e-01,2.868856730869036031e-01,1.000774490391356686e+00,7.744903913566858478e-04,6.555696515393896195e-01,2.449498256525524109e-01,9.005194771919420305e-01,9.948052280805796954e-02,1.300000000000000000e+01,1.000000000000000000e+00,0.000000000000000000e+00,8.743832414748904380e-01,1.260407552254666497e-01,1.604944241704373553e-01,1.608449178614369535e-01,5.831916576506346317e-02,4.193584743435119222e-02,3.549860199999784527e+00
1.170212765957446832e+00,6.524996645667847650e-01,3.501800045670074302e-01,1.002679669133792251e+00,2.679669133792250690e-03,6.524996645667847650e-01,3.501800045670074302e-01,1.002679669133792251e+00,2.679669133792250690e-03,1.100000000000000000e+01,0.000000000000000000e+00,0.000000000000000000e+00,7.381567131654480640e-01,2.627522153942493666e-01,8.565704859866329901e-02,8.742778917275806361e-02,0.000000000000000000e+00,0.000000000000000000e+00,3.536375900000166439e+00
1.178571428571428603e+00,6.315799316934158636e-01,3.683625667030006046e-01,9.999424983964164682e-01,5.750160358353184620e-05,6.315799316934158636e-01,3.683625667030006046e-01,9.999424983964164682e-01,5.750160358353184620e-05,1.100000000000000000e+01,0.000000000000000000e+00,0.000000000000000000e+00,6.378612382926611701e-01,3.597840616165157157e-01,6.281306599245306543e-03,8.578505086484888853e-03,0.000000000000000000e+00,0.000000000000000000e+00,3.618415599999934784e+00
1.187050359712230163e+00,8.344047262678405685e-01,1.655760332007537305e-01,9.999807594685943268e-01,1.924053140567316689e-05,8.344047262678405685e-01,1.655760332007537305e-01,9.999807594685943268e-01,1.924053140567316689e-05,1.100000000000000000e+01,0.000000000000000000e+00,0.000000000000000000e+00,7.070536675216102518e-01,2.902898372736851806e-01,1.273510587462303167e-01,1.247138040729314501e-01,0.000000000000000000e+00,0.000000000000000000e+00,3.615298599999732687e+00
1.195652173913043459e+00,7.420808137740007027e-01,2.578561694472428778e-01,9.999369832212435805e-01,6.301677875641953364e-05,7.420808137740007027e-01,2.578561694472428778e-01,9.999369832212435805e-01,6.301677875641953364e-05,1.100000000000000000e+01,0.000000000000000000e+00,0.000000000000000000e+00,6.232310090091546240e-01,3.760994275612342674e-01,1.188498047648460787e-01,1.182432581139913896e-01,0.000000000000000000e+00,0.000000000000000000e+00,3.551322700000127952e+00
1.204379562043795593e+00,8.438301438543723831e-01,1.561431233167173138e-01,9.999732671710896970e-01,2.673282891030304143e-05,8.438301438543723831e-01,1.561431233167173138e-01,9.999732671710896970e-01,2.673282891030304143e-05,1.100000000000000000e+01,0.000000000000000000e+00,0.000000000000000000e+00,6.884352712233630101e-01,3.134932316588674439e-01,1.553948726310093731e-01,1.573501083421501301e-01,0.000000000000000000e+00,0.000000000000000000e+00,3.592311100000188162e+00
1.213235294117647189e+00,8.427742723289864957e-01,1.572325721680754296e-01,1.000006844497062009e+00,6.844497062008514376e-06,8.427742723289864957e-01,1.572325721680754296e-01,1.000006844497062009e+00,6.844497062008514376e-06,1.100000000000000000e+01,0.000000000000000000e+00,0.000000000000000000e+00,8.668267239550300207e-01,1.331876818484394043e-01,2.405245162604352505e-02,2.404489031963602530e-02,0.000000000000000000e+00,0.000000000000000000e+00,3.627583000000413449e+00
1.222222222222222099e+00,8.674971959507424835e-01,1.324958276117623457e-01,9.999930235625048569e-01,6.976437495143095191e-06,8.674971959507424835e-01,1.324958276117623457e-01,9.999930235625048569e-01,6.976437495143095191e-06,1.100000000000000000e+01,0.000000000000000000e+00,0.000000000000000000e+00,8.303700179794046843e-01,1.698075298231601638e-01,3.712717797133779918e-02,3.731170221139781806e-02,0.000000000000000000e+00,0.000000000000000000e+00,3.625961099999585713e+00
1.231343283582089443e+00,9.139542064469985405e-01,8.598682367218497824e-02,9.999410301191835604e-01,5.896988081643961266e-05,9.139542064469985405e-01,8.598682367218497824e-02,9.999410301191835604e-01,5.896988081643961266e-05,1.100000000000000000e+01,0.000000000000000000e+00,0.000000000000000000e+00,9.308941502339366236e-01,6.645610378679674135e-02,1.693994378693808311e-02,1.953071988538823689e-02,0.000000000000000000e+00,0.000000000000000000e+00,3.578229499999906693e+00
1.240601503759398261e+00,9.004551271090358577e-01,9.950993356680037927e-02,9.999650606758362370e-01,3.493932416376299699e-05,9.004551271090358577e-01,9.950993356680037927e-02,9.999650606758362370e-01,3.493932416376299699e-05,1.100000000000000000e+01,0.000000000000000000e+00,0.000000000000000000e+00,8.289756264538030717e-01,1.706336328601067154e-01,7.147950065523278607e-02,7.112369929330633611e-02,0.000000000000000000e+00,0.000000000000000000e+00,3.607682200000454031e+00
1.250000000000000000e+00,9.251007506557651361e-01,7.483959731412845318e-02,9.999403479698936170e-01,5.965203010638298053e-05,9.251007506557651361e-01,7.483959731412845318e-02,9.999403479698936170e-01,5.965203010638298053e-05,1.100000000000000000e+01,0.000000000000000000e+00,0.000000000000000000e+00,8.618383944952793252e-01,1.394084827407258420e-01,6.326235616048581090e-02,6.456888542659738883e-02,0.000000000000000000e+00,0.000000000000000000e+00,3.633441900000434543e+00
1.259541984732824416e+00,7.243035085598058531e-01,2.756779301370810842e-01,9.999814386968869373e-01,1.856130311306269931e-05,7.243035085598058531e-01,2.756779301370810842e-01,9.999814386968869373e-01,1.856130311306269931e-05,1.100000000000000000e+01,0.000000000000000000e+00,0.000000000000000000e+00,8.375530170682301545e-01,1.612877477540930748e-01,1.132495085084243014e-01,1.143901823829880093e-01,0.000000000000000000e+00,0.000000000000000000e+00,3.577454600000237406e+00
1.269230769230769384e+00,9.164293899335023141e-01,8.352244373713262060e-02,9.999518336706348931e-01,4.816632936510689689e-05,9.164293899335023141e-01,8.352244373713262060e-02,9.999518336706348931e-01,4.816632936510689689e-05,1.100000000000000000e+01,0.000000000000000000e+00,0.000000000000000000e+00,8.400160882000334839e-01,1.577432696667972201e-01,7.641330173346883026e-02,7.422082592966459946e-02,0.000000000000000000e+00,0.000000000000000000e+00,3.619567299999289389e+00
1.279069767441860295e+00,9.404822783008798259e-01,5.951276218110043009e-02,9.999950404819802907e-01,4.959518019709285852e-06,9.404822783008798259e-01,5.951276218110043009e-02,9.999950404819802907e-01,4.959518019709285852e-06,1.100000000000000000e+01,0.000000000000000000e+00,0.000000000000000000e+00,9.644711855853563831e-01,3.472569306875864653e-02,2.398890728447655718e-02,2.478706911234178356e-02,0.000000000000000000e+00,0.000000000000000000e+00,3.602702000000135740e+00
1.289062500000000000e+00,9.809783603777884053e-01,1.897506916483690520e-02,9.999534295426253383e-01,4.657045737466170010e-05,9.809783603777884053e-01,1.897506916483690520e-02,9.999534295426253383e-01,4.657045737466170010e-05,1.100000000000000000e+01,0.000000000000000000e+00,0.000000000000000000e+00,9.721951747283951173e-01,2.841917883536724393e-02,8.783185649393288053e-03,9.444109670530338729e-03,0.000000000000000000e+00,0.000000000000000000e+00,3.682264900000518537e+00
1.299212598425196763e+00,8.917786462626287047e-01,1.081856237436250312e-01,9.999642700062537637e-01,3.572999374623631041e-05,8.917786462626287047e-01,1.081856237436250312e-01,9.999642700062537637e-01,3.572999374623631041e-05,1.100000000000000000e+01,0.000000000000000000e+00,0.000000000000000000e+00,9.507490377288625449e-01,4.752302231863850951e-02,5.897039146623384021e-02,6.066260142498652169e-02,0.000000000000000000e+00,0.000000000000000000e+00,3.654794399999445886e+00
1.309523809523809534e+00,9.707132402237804714e-01,2.924851645296742617e-02,9.999617566767479149e-01,3.824332325208512628e-05,9.707132402237804714e-01,2.924851645296742617e-02,9.999617566767479149e-01,3.824332325208512628e-05,1.100000000000000000e+01,0.000000000000000000e+00,0.000000000000000000e+00,9.241252145191283240e-01,7.702959426417145539e-02,4.658802570465214732e-02,4.778107781120402575e-02,0.000000000000000000e+00,0.000000000000000000e+00,3.506378000000040629e+00
1.320000000000000062e+00,9.953385168581994069e-01,4.632431008907153883e-03,9.999709478671066076e-01,2.905213289339236837e-05,9.953385168581994069e-01,4.632431008907153883e-03,9.999709478671066076e-01,2.905213289339236837e-05,1.100000000000000000e+01,0.000000000000000000e+00,0.000000000000000000e+00,9.858566154803024562e-01,1.277853875481503934e-02,9.481901377896950756e-03,8.146107745907885458e-03,0.000000000000000000e+00,0.000000000000000000e+00,3.674613300000601157e+00
1.330645161290322731e+00,9.324486477190276901e-01,6.751142404487910087e-02,9.999600717639067771e-01,3.992823609322293521e-05,9.324486477190276901e-01,6.751142404487910087e-02,9.999600717639067771e-01,3.992823609322293521e-05,1.100000000000000000e+01,0.000000000000000000e+00,0.000000000000000000e+00,9.864358594421175352e-01,1.076301932844457056e-02,5.398721172308984517e-02,5.674840471643453205e-02,0.000000000000000000e+00,0.000000000000000000e+00,3.757887999999184103e+00
1.341463414634146201e+00,9.990810855529014267e-01,8.795131163136780429e-04,9.999605986692150505e-01,3.940133078494945096e-05,9.990810855529014267e-01,8.795131163136780429e-04,9.999605986692150505e-01,3.940133078494945096e-05,1.100000000000000000e+01,0.000000000000000000e+00,0.000000000000000000e+00,9.607690022494371762e-01,2.290322015090753838e-02,3.831208330346425051e-02,2.202370703459385903e-02,0.000000000000000000e+00,0.000000000000000000e+00,3.862396400000761787e+00
1.352459016393442459e+00,9.998656292742061913e-01,9.757383440102586217e-05,9.999632031086072015e-01,3.679689139279851418e-05,9.998656292742061913e-01,9.757383440102586217e-05,9.999632031086072015e-01,3.679689139279851418e-05,1.100000000000000000e+01,0.000000000000000000e+00,0.000000000000000000e+00,1.001879150263746077e+00,2.167354803369549079e-04,2.013520989539885342e-03,1.191616459359290457e-04,0.000000000000000000e+00,0.000000000000000000e+00,3.529868599999645085e+00
1.363636363636363535e+00,9.995753260396285089e-01,4.032167184356927423e-04,9.999785427580641928e-01,2.145724193580722527e-05,9.995753260396285089e-01,4.032167184356927423e-04,9.999785427580641928e-01,2.145724193580722527e-05,1.100000000000000000e+01,0.000000000000000000e+00,0.000000000000000000e+00,9.988966038842784778e-01,1.302449917821396316e-04,6.787221553500311089e-04,2.729717266535530837e-04,0.000000000000000000e+00,0.000000000000000000e+00,3.649835599999278202e+00
1.375000000000000000e+00,9.999706838686455157e-01,1.559642609391683436e-06,9.999722435112549102e-01,2.775648874508984676e-05,9.999706838686455157e-01,1.559642609391683436e-06,9.999722435112549102e-01,2.775648874508984676e-05,1.100000000000000000e+01,0.000000000000000000e+00,0.000000000000000000e+00,1.007459599349669332e+00,2.132192724858260842e-05,7.488915481023816767e-03,1.976228463919092499e-05,0.000000000000000000e+00,0.000000000000000000e+00,3.556963099999848055e+00
1.386554621848739455e+00,9.999723503765510779e-01,1.005386236112446439e-07,9.999724509151747265e-01,2.754908482527351765e-05,9.999723503765510779e-01,1.005386236112446439e-07,9.999724509151747265e-01,2.754908482527351765e-05,1.100000000000000000e+01,0.000000000000000000e+00,0.000000000000000000e+00,1.001153572297319938e+00,3.153954987961701389e-06,1.181221920768860123e-03,3.053416364350456838e-06,0.000000000000000000e+00,0.000000000000000000e+00,4.006596500000341621e+00
1.398305084745762761e+00,1.000256582423723062e+00,1.250144438810111272e-08,1.000256594925167386e+00,2.565949251673860232e-04,1.000256582423723062e+00,1.250144438810111272e-08,1.000256594925167386e+00,2.565949251673860232e-04,1.100000000000000000e+01,0.000000000000000000e+00,0.000000000000000000e+00,9.986461367071900463e-01,-5.209052395544945661e-07,1.610445716533015492e-03,5.334066839425956756e-07,0.000000000000000000e+00,0.000000000000000000e+00,3.853181099999346770e+00
1.410256410256410131e+00,9.999367098912451679e-01,3.668658767161175412e-09,9.999367135599039891e-01,6.328644009601092080e-05,9.999367098912451679e-01,3.668658767161175412e-09,9.999367135599039891e-01,6.328644009601092080e-05,9.000000000000000000e+00,0.000000000000000000e+00,0.000000000000000000e+00,9.989067035713126153e-01,3.905730968062861530e-07,1.030006319932552650e-03,3.869044380391249900e-07,0.000000000000000000e+00,0.000000000000000000e+00,3.609573400000044785e+00
1.422413793103448176e+00,9.999686769172433376e-01,2.644496393911155573e-09,9.999686795617397372e-01,3.132043826026276179e-05,9.999686769172433376e-01,2.644496393911155573e-09,9.999686795617397372e-01,3.132043826026276179e-05,9.000000000000000000e+00,0.000000000000000000e+00,0.000000000000000000e+00,1.000236855103176836e+00,8.059680641857811409e-08,2.681781859334986251e-04,7.795231002466695769e-08,0.000000000000000000e+00,0.000000000000000000e+00,3.507386400000541471e+00
1.434782608695652106e+00,9.999703159927328944e-01,2.546507656239165077e-09,9.999703185392405658e-01,2.968146075943423057e-05,9.999703159927328944e-01,2.546507656239165077e-09,9.999703185392405658e-01,2.968146075943423057e-05,9.000000000000000000e+00,0.000000000000000000e+00,0.000000000000000000e+00,1.000859860372943277e+00,1.897732218191912611e-07,8.895443802103830677e-04,1.872267141629521002e-07,0.000000000000000000e+00,0.000000000000000000e+00,3.716361799999504001e+00
1.447368421052631637e+00,9.999696841342839981e-01,2.507009710767049298e-09,9.999696866412937091e-01,3.031335870629092710e-05,9.999696841342839981e-01,2.507009710767049298e-09,9.999696866412937091e-01,3.031335870629092710e-05,9.000000000000000000e+00,0.000000000000000000e+00,0.000000000000000000e+00,1.000183025686816718e+00,7.595564970729320300e-08,2.133415525327198026e-04,7.344863999652614832e-08,0.000000000000000000e+00,0.000000000000000000e+00,3.916866800000207149e+00
1.460176991150442527e+00,9.999719979878152198e-01,2.416709461772300322e-09,9.999720004045247190e-01,2.799959547528096948e-05,9.999719979878152198e-01,2.416709461772300322e-09,9.999720004045247190e-01,2.799959547528096948e-05,9.000000000000000000e+00,0.000000000000000000e+00,0.000000000000000000e+00,9.992313812098767567e-01,1.127286211581432397e-07,7.406167779384631444e-04,1.103119116963709423e-07,0.000000000000000000e+00,0.000000000000000000e+00,3.771345200000723707e+00
1.473214285714285809e+00,9.999740107544946577e-01,2.284047065272154252e-09,9.999740130385417203e-01,2.598696145827972259e-05,9.999740107544946577e-01,2.284047065272154252e-09,9.999740130385417203e-01,2.598696145827972259e-05,9.000000000000000000e+00,0.000000000000000000e+00,0.000000000000000000e+00,9.993132348875154447e-01,9.665960883546320586e-08,6.607758669792129780e-04,9.437556177019105120e-08,0.000000000000000000e+00,0.000000000000000000e+00,3.574236999999811815e+00
1.486486486486486402e+00,9.999759206030205405e-01,2.128883838691222776e-09,9.999759227319043875e-01,2.407726809561250292e-05,9.999759206030205405e-01,2.128883838691222776e-09,9.999759227319043875e-01,2.407726809561250292e-05,9.000000000000000000e+00,0.000000000000000000e+00,0.000000000000000000e+00,1.000323352377595620e+00,6.582108081175622524e-08,3.474317745750798991e-04,6.369219697306499956e-08,0.000000000000000000e+00,0.000000000000000000e+00,3.718421999999918626e+00
1.499999999999999778e+00,9.999778566872320473e-01,1.965992760611755941e-09,9.999778586532248603e-01,2.214134677513968086e-05,9.999778566872320473e-01,1.965992760611755941e-09,9.999778586532248603e-01,2.214134677513968086e-05,9.000000000000000000e+00,0.000000000000000000e+00,0.000000000000000000e+00,1.000815336436025493e+00,7.842800337573079578e-08,8.374797487934459994e-04,7.646201061511904191e-08,0.000000000000000000e+00,0.000000000000000000e+00,3.783132999999907042e+00
1.513761467889908285e+00,9.999797776431751384e-01,1.804512622251528236e-09,9.999797794476877888e-01,2.022055231221120408e-05,9.999797776431751384e-01,1.804512622251528236e-09,9.999797794476877888e-01,2.022055231221120408e-05,9.000000000000000000e+00,0.000000000000000000e+00,0.000000000000000000e+00,9.999804209044775849e-01,8.506015282841559071e-08,6.432613024465183571e-07,8.325564020616406619e-08,0.000000000000000000e+00,0.000000000000000000e+00,3.484998300000370364e+00
1.527777777777777679e+00,9.999816328666537579e-01,1.649635603064951854e-09,9.999816345162894082e-01,1.836548371059176787e-05,9.999816328666537579e-01,1.649635603064951854e-09,9.999816345162894082e-01,1.836548371059176787e-05,9.000000000000000000e+00,0.000000000000000000e+00,0.000000000000000000e+00,9.989566768584259293e-01,7.927408339683432267e-08,1.024956008227828619e-03,7.762444779376937247e-08,0.000000000000000000e+00,0.000000000000000000e+00,3.910220300000219140e+00
1.542056074766355200e+00,9.999833875246156856e-01,1.504065132107788525e-09,9.999833890286807803e-01,1.661097131921973613e-05,9.999833875246156856e-01,1.504065132107788525e-09,9.999833890286807803e-01,1.661097131921973613e-05,9.000000000000000000e+00,0.000000000000000000e+00,0.000000000000000000e+00,9.993705414720932545e-01,7.126362937434010936e-08,6.128460525224310729e-04,6.975956424223231566e-08,0.000000000000000000e+00,0.000000000000000000e+00,4.133090700000138895e+00
1.556603773584905648e+00,9.999850160148080480e-01,1.368984852576759071e-09,9.999850173837928624e-01,1.498261620713758902e-05,9.999850160148080480e-01,1.368984852576759071e-09,9.999850173837928624e-01,1.498261620713758902e-05,9.000000000000000000e+00,0.000000000000000000e+00,0.000000000000000000e+00,1.000820033759113548e+00,7.917327961775322171e-08,8.350177443054995763e-04,7.780429476517645829e-08,0.000000000000000000e+00,0.000000000000000000e+00,3.634876799999801733e+00
1.571428571428571397e+00,9.999864989754656541e-01,1.244658363501444423e-09,9.999865002201240305e-01,1.349977987596950868e-05,9.999864989754656541e-01,1.244658363501444423e-09,9.999865002201240305e-01,1.349977987596950868e-05,9.000000000000000000e+00,0.000000000000000000e+00,0.000000000000000000e+00,1.001095136638253891e+00,1.203736014009164153e-07,1.108637662788236611e-03,1.191289430374149665e-07,0.000000000000000000e+00,0.000000000000000000e+00,3.457208800000444171e+00
1.586538461538461453e+00,9.999878239006387837e-01,1.130796663667991675e-09,9.999878250314354622e-01,1.217496856453781362e-05,9.999878239006387837e-01,1.130796663667991675e-09,9.999878250314354622e-01,1.217496856453781362e-05,9.000000000000000000e+00,0.000000000000000000e+00,0.000000000000000000e+00,9.994325624656369422e-01,1.267552114925694551e-07,5.552614350018414413e-04,1.256244148289014726e-07,0.000000000000000000e+00,0.000000000000000000e+00,3.743695899999693211e+00
1.601941747572815489e+00,9.999889866441840081e-01,1.026793746388159162e-09,9.999889876709777692e-01,1.101232902223081567e-05,9.999889866441840081e-01,1.026793746388159162e-09,9.999889876709777692e-01,1.101232902223081567e-05,9.000000000000000000e+00,0.000000000000000000e+00,0.000000000000000000e+00,9.981918177029246442e-01,8.512050866250789207e-08,1.797168941259363883e-03,8.409371491611972711e-08,0.000000000000000000e+00,0.000000000000000000e+00,3.717500000000654836e+00
1.617647058823529438e+00,9.999899934570783966e-01,9.319032261227186506e-10,9.999899943889816178e-01,1.000561101838215450e-05,9.999899934570783966e-01,9.319032261227186506e-10,9.999899943889816178e-01,1.000561101838215450e-05,9.000000000000000000e+00,0.000000000000000000e+00,0.000000000000000000e+00,9.997056364538678963e-01,1.671166962125927852e-07,2.843570032105002809e-04,1.661847929864700705e-07,0.000000000000000000e+00,0.000000000000000000e+00,3.645131599999331229e+00
1.633663366336633782e+00,9.999908656006606389e-01,8.454256630358423360e-10,9.999908664460862573e-01,9.133553913742709085e-06,9.999908656006606389e-01,8.454256630358423360e-10,9.999908664460862573e-01,9.133553913742709085e-06,9.000000000000000000e+00,0.000000000000000000e+00,0.000000000000000000e+00,1.002189884457014069e+00,3.348506005177926866e-07,2.199018856353429641e-03,3.340051748547568567e-07,0.000000000000000000e+00,0.000000000000000000e+00,3.468571999999767286e+00
1.649999999999999911e+00,9.999916518064040361e-01,7.670217223327126218e-10,9.999916525734257045e-01,8.347426574295546686e-06,9.999916518064040361e-01,7.670217223327126218e-10,9.999916525734257045e-01,8.347426574295546686e-06,9.000000000000000000e+00,0.000000000000000000e+00,0.000000000000000000e+00,1.001447408087989599e+00,2.299596822014533799e-07,1.455756281585562917e-03,2.291926604791206567e-07,0.000000000000000000e+00,0.000000000000000000e+00,3.873900100000355451e+00
1.666666666666666741e+00,9.999924432062675672e-01,6.974576543381484787e-10,9.999924439037252144e-01,7.556096274785595313e-06,9.999924432062675672e-01,6.974576543381484787e-10,9.999924439037252144e-01,7.556096274785595313e-06,9.000000000000000000e+00,0.000000000000000000e+00,0.000000000000000000e+00,9.975012767847624140e-01,1.505944005216923040e-07,2.491166421505153217e-03,1.498969428673541513e-07,0.000000000000000000e+00,0.000000000000000000e+00,3.847071199999845703e+00
1.683673469387754862e+00,9.999932109615234932e-01,6.408630173435347008e-10,9.999932116023865225e-01,6.788397613477492598e-06,9.999932109615234932e-01,6.408630173435347008e-10,9.999932116023865225e-01,6.788397613477492598e-06,9.000000000000000000e+00,0.000000000000000000e+00,0.000000000000000000e+00,9.963990382391968437e-01,9.689043087493930348e-07,3.594172722326649527e-03,9.682634457320494612e-07,0.000000000000000000e+00,0.000000000000000000e+00,3.550459599999157945e+00
1.701030927835051498e+00,9.999922186798595458e-01,6.132136168177989511e-10,9.999922192930731368e-01,7.780706926863167894e-06,9.999922186798595458e-01,6.132136168177989511e-10,9.999922192930731368e-01,7.780706926863167894e-06,9.000000000000000000e+00,0.000000000000000000e+00,0.000000000000000000e+00,1.001904637150577093e+00,1.336586784388595383e-06,1.912418470717547336e-03,1.335973570771777509e-06,0.000000000000000000e+00,0.000000000000000000e+00,3.460659000000305241e+00
1.718750000000000000e+00,9.999842173330741879e-01,6.829031262814392047e-10,9.999842180159773664e-01,1.578198402263364386e-05,9.999842173330741879e-01,6.829031262814392047e-10,9.999842180159773664e-01,1.578198402263364386e-05,9.000000000000000000e+00,0.000000000000000000e+00,0.000000000000000000e+00,1.007066611921690003e+00,-8.063124814324679958e-07,7.082394588615814612e-03,8.069953845587494635e-07,0.000000000000000000e+00,0.000000000000000000e+00,3.625690099999701488e+00
1.736842105263158187e+00,1.000175683812699612e+00,1.233778001468728492e-09,1.000175685046477581e+00,1.756850464775805420e-04,1.000175683812699612e+00,1.233778001468728492e-09,1.000175685046477581e+00,1.756850464775805420e-04,9.000000000000000000e+00,0.000000000000000000e+00,0.000000000000000000e+00,1.000469235063291107e+00,6.189307864676150740e-06,2.935512505914950054e-04,6.188074086674682397e-06,0.000000000000000000e+00,0.000000000000000000e+00,3.655020100000001548e+00
1.755319148936170137e+00,1.000278467172530661e+00,5.485709211589581473e-09,1.000278472658239881e+00,2.784726582398810990e-04,1.000278467172530661e+00,5.485709211589581473e-09,1.000278472658239881e+00,2.784726582398810990e-04,7.000000000000000000e+00,0.000000000000000000e+00,0.000000000000000000e+00,9.845435044187732521e-01,-4.694992577213151196e-07,1.573496275375740883e-02,4.749849669329047209e-07,0.000000000000000000e+00,0.000000000000000000e+00,3.587015200000678306e+00
1.774193548387096975e+00,9.998952314710946032e-01,7.017417970589985873e-08,9.998953016452742926e-01,1.046983547257074321e-04,9.998952314710946032e-01,7.017417970589985873e-08,9.998953016452742926e-01,1.046983547257074321e-04,7.000000000000000000e+00,0.000000000000000000e+00,0.000000000000000000e+00,9.871258804441460644e-01,1.148641082479169642e-05,1.276935102694853885e-02,1.141623664508579587e-05,0.000000000000000000e+00,0.000000000000000000e+00,3.591057399999954214e+00
1.793478260869565188e+00,9.986727348147079741e-01,1.317674828398040718e-03,9.999904096431060374e-01,9.590356893962592721e-06,9.986727348147079741e-01,1.317674828398040718e-03,9.999904096431060374e-01,9.590356893962592721e-06,7.000000000000000000e+00,0.000000000000000000e+00,0.000000000000000000e+00,1.140048885592520378e+00,2.127950058312509749e-03,1.413761507778124038e-01,8.102752299144690314e-04,0.000000000000000000e+00,0.000000000000000000e+00,3.704316800000015064e+00
1.813186813186813184e+00,9.998936708490313574e-01,1.016474094476070155e-04,9.999953182584789824e-01,4.681741521017634966e-06,9.998936708490313574e-01,1.016474094476070155e-04,9.999953182584789824e-01,4.681741521017634966e-06,7.000000000000000000e+00,0.000000000000000000e+00,0.000000000000000000e+00,9.539263297989956092e-01,2.437573153228975577e-04,4.596734105003574822e-02,1.421099058752905422e-04,0.000000000000000000e+00,0.000000000000000000e+00,3.686320000000705477e+00
1.833333333333333481e+00,9.923019479898910200e-01,7.686195911458899507e-03,9.999881439013499351e-01,1.185609865006487240e-05,9.923019479898910200e-01,7.686195911458899507e-03,9.999881439013499351e-01,1.185609865006487240e-05,7.000000000000000000e+00,0.000000000000000000e+00,0.000000000000000000e+00,1.042970474969699302e+00,4.328695482775545000e-02,5.066852697980828157e-02,3.560075891629654876e-02,0.000000000000000000e+00,0.000000000000000000e+00,3.663733800000045449e+00
1.853932584269663231e+00,8.431169111079491740e-01,1.568595978402669844e-01,9.999765089482162139e-01,2.349105178378607661e-05,8.431169111079491740e-01,1.568595978402669844e-01,9.999765089482162139e-01,2.349105178378607661e-05,7.000000000000000000e+00,0.000000000000000000e+00,0.000000000000000000e+00,9.543777292922843714e-01,4.107430880662461814e-02,1.112608181843351973e-01,1.157852890336423662e-01,0.000000000000000000e+00,0.000000000000000000e+00,3.397515700000440120e+00
1.875000000000000000e+00,9.674714549210692294e-01,3.251571738265030681e-02,9.999871723037195848e-01,1.282769628041524612e-05,9.674714549210692294e-01,3.251571738265030681e-02,9.999871723037195848e-01,1.282769628041524612e-05,7.000000000000000000e+00,0.000000000000000000e+00,0.000000000000000000e+00,7.675378679337895305e-01,1.527393912334787662e-01,1.999335869872796989e-01,1.202236738508284664e-01,0.000000000000000000e+00,0.000000000000000000e+00,3.790778099999442929e+00
1.896551724137931272e+00,8.854480076160504698e-01,1.145465954940162734e-01,9.999946031100667154e-01,5.396889933284576557e-06,8.854480076160504698e-01,1.145465954940162734e-01,9.999946031100667154e-01,5.396889933284576557e-06,7.000000000000000000e+00,0.000000000000000000e+00,0.000000000000000000e+00,8.932551485794326673e-01,5.499481641676241817e-02,7.807140963382197540e-03,5.955177907725385522e-02,0.000000000000000000e+00,0.000000000000000000e+00,3.605423799999698531e+00
1.918604651162790553e+00,9.810432672645820196e-01,1.894629046090596722e-02,9.999895577254880319e-01,1.044227451196810819e-05,9.810432672645820196e-01,1.894629046090596722e-02,9.999895577254880319e-01,1.044227451196810819e-05,7.000000000000000000e+00,0.000000000000000000e+00,0.000000000000000000e+00,8.014264450620351976e-01,1.861034106750301120e-01,1.796168222025468220e-01,1.671571202141241552e-01,0.000000000000000000e+00,0.000000000000000000e+00,3.897261199999775272e+00
1.941176470588235281e+00,8.908821572372975783e-01,1.091130778263062207e-01,9.999952350636037712e-01,4.764936396228769411e-06,8.908821572372975783e-01,1.091130778263062207e-01,9.999952350636037712e-01,4.764936396228769411e-06,7.000000000000000000e+00,0.000000000000000000e+00,0.000000000000000000e+00,8.417767024855395963e-01,1.593915421367851637e-01,4.910545475175798202e-02,5.027846431047894304e-02,0.000000000000000000e+00,0.000000000000000000e+00,3.502903100000366976e+00
1.964285714285714413e+00,9.451967574058276478e-01,5.479501874918114857e-02,9.999917761550087825e-01,8.223844991217532652e-06,9.451967574058276478e-01,5.479501874918114857e-02,9.999917761550087825e-01,8.223844991217532652e-06,7.000000000000000000e+00,0.000000000000000000e+00,0.000000000000000000e+00,9.610259310277344813e-01,8.637689760657027427e-02,1.582917362190683352e-02,3.158187885738912570e-02,0.000000000000000000e+00,0.000000000000000000e+00,3.785856699999385455e+00
1.987951807228915513e+00,8.449523159532493777e-01,1.550426692706563525e-01,9.999949852239057302e-01,5.014776094269812745e-06,8.449523159532493777e-01,1.550426692706563525e-01,9.999949852239057302e-01,5.014776094269812745e-06,7.000000000000000000e+00,0.000000000000000000e+00,0.000000000000000000e+00,7.895635082468328569e-01,2.148501293233901766e-01,5.538880770641652074e-02,5.980746005273382404e-02,0.000000000000000000e+00,0.000000000000000000e+00,3.620414399999390298e+00
2.012195121951219523e+00,8.623961176902427139e-01,1.376008390429706019e-01,9.999969567332133158e-01,3.043266786684206693e-06,8.623961176902427139e-01,1.376008390429706019e-01,9.999969567332133158e-01,3.043266786684206693e-06,7.000000000000000000e+00,0.000000000000000000e+00,0.000000000000000000e+00,7.847458434204597211e-01,1.986042088754460533e-01,7.765027426978299285e-02,6.100336983247545142e-02,0.000000000000000000e+00,0.000000000000000000e+00,3.767179999999825668e+00
2.037037037037037202e+00,8.176630783213111320e-01,1.823362413819576699e-01,9.999993197032688297e-01,6.802967311703156383e-07,8.176630783213111320e-01,1.823362413819576699e-01,9.999993197032688297e-01,6.802967311703156383e-07,7.000000000000000000e+00,0.000000000000000000e+00,0.000000000000000000e+00,7.468109829552330714e-01,2.537832463869262867e-01,7.085209536607806058e-02,7.144700500496861673e-02,0.000000000000000000e+00,0.000000000000000000e+00,3.527089999999589054e+00
2.062500000000000000e+00,5.041219867438538893e-01,4.958695185618284262e-01,9.999915053056822600e-01,8.494694317739970302e-06,5.041219867438538893e-01,4.958695185618284262e-01,9.999915053056822600e-01,8.494694317739970302e-06,7.000000000000000000e+00,0.000000000000000000e+00,0.000000000000000000e+00,8.024568322427305667e-01,2.164538554469165321e-01,2.983348454988766774e-01,2.794156631149118941e-01,0.000000000000000000e+00,0.000000000000000000e+00,3.781064300000252842e+00
2.088607594936708889e+00,9.349692316915316770e-01,6.502456923543263601e-02,9.999938009269643269e-01,6.199073035673130505e-06,9.349692316915316770e-01,6.502456923543263601e-02,9.999938009269643269e-01,6.199073035673130505e-06,7.000000000000000000e+00,0.000000000000000000e+00,0.000000000000000000e+00,9.266515484885766707e-01,8.078744418670319449e-02,8.317683202955006294e-03,1.576287495127055849e-02,0.000000000000000000e+00,0.000000000000000000e+00,3.831504499999937252e+00
2.115384615384615419e+00,7.490283691412835676e-01,2.509666826086205949e-01,9.999950517499041069e-01,4.948250095893058642e-06,7.490283691412835676e-01,2.509666826086205949e-01,9.999950517499041069e-01,4.948250095893058642e-06,7.000000000000000000e+00,0.000000000000000000e+00,0.000000000000000000e+00,7.235331815657735088e-01,2.554242597045258134e-01,2.549518757551005876e-02,4.457577095905218556e-03,0.000000000000000000e+00,0.000000000000000000e+00,3.676343000000088068e+00
2.142857142857142794e+00,7.374837599881728378e-01,2.625113896613318065e-01,9.999951496495046444e-01,4.850350495355648661e-06,7.374837599881728378e-01,2.625113896613318065e-01,9.999951496495046444e-01,4.850350495355648661e-06,7.000000000000000000e+00,0.000000000000000000e+00,0.000000000000000000e+00,7.627983106140034941e-01,2.358930733566516613e-01,2.531455062583065629e-02,2.661831630468014520e-02,0.000000000000000000e+00,0.000000000000000000e+00,3.577846700000009150e+00
2.171052631578947345e+00,6.037448833371339418e-01,3.962525171564340587e-01,9.999974004935680005e-01,2.599506431999465406e-06,6.037448833371339418e-01,3.962525171564340587e-01,9.999974004935680005e-01,2.599506431999465406e-06,7.000000000000000000e+00,0.000000000000000000e+00,0.000000000000000000e+00,6.948671534800202609e-01,3.081595036887034289e-01,9.112227014288631910e-02,8.809301346773062980e-02,0.000000000000000000e+00,0.000000000000000000e+00,3.924246699999457633e+00
2.200000000000000178e+00,7.944940471402300863e-01,2.055006071183352045e-01,9.999946542585652631e-01,5.345741434736872577e-06,7.944940471402300863e-01,2.055006071183352045e-01,9.999946542585652631e-01,5.345741434736872577e-06,7.000000000000000000e+00,0.000000000000000000e+00,0.000000000000000000e+00,8.278692903280814308e-01,1.907749293661928358e-01,3.337524318785134447e-02,1.472567775214236874e-02,0.000000000000000000e+00,0.000000000000000000e+00,3.851624199999605480e+00
2.229729729729729826e+00,7.615743432396505641e-01,2.384081825319493420e-01,9.999825257715999616e-01,1.747422840003842737e-05,7.615743432396505641e-01,2.384081825319493420e-01,9.999825257715999616e-01,1.747422840003842737e-05,7.000000000000000000e+00,0.000000000000000000e+00,0.000000000000000000e+00,7.401692600970694036e-01,2.510436945266036335e-01,2.140508314258116052e-02,1.263551199465429153e-02,0.000000000000000000e+00,0.000000000000000000e+00,3.761320499999783351e+00
2.260273972602739878e+00,5.518927348554610868e-01,4.480809801401000048e-01,9.999737149955610915e-01,2.628500443890846583e-05,5.518927348554610868e-01,4.480809801401000048e-01,9.999737149955610915e-01,2.628500443890846583e-05,7.000000000000000000e+00,0.000000000000000000e+00,0.000000000000000000e+00,7.455104790136136694e-01,2.341673790647190168e-01,1.936177441581525827e-01,2.139136010753809880e-01,0.000000000000000000e+00,0.000000000000000000e+00,3.486525299999811978e+00
2.291666666666666963e+00,6.712087862597074794e-01,3.291453400020145637e-01,1.000354126261722154e+00,3.541262617221541120e-04,6.712087862597074794e-01,3.291453400020145637e-01,1.000354126261722154e+00,3.541262617221541120e-04,7.000000000000000000e+00,0.000000000000000000e+00,0.000000000000000000e+00,6.559881785225092354e-01,3.260467738936932980e-01,1.522060773719824400e-02,3.098566108321265666e-03,0.000000000000000000e+00,0.000000000000000000e+00,3.769105500000478060e+00
2.323943661971830998e+00,6.525387807425169218e-01,3.503156666374775408e-01,1.002854447379994518e+00,2.854447379994518030e-03,6.525387807425169218e-01,3.503156666374775408e-01,1.002854447379994518e+00,2.854447379994518030e-03,7.000000000000000000e+00,0.000000000000000000e+00,0.000000000000000000e+00,7.182332126984531939e-01,3.142408892294589196e-01,6.569443195593627216e-02,3.607477740801862121e-02,0.000000000000000000e+00,0.000000000000000000e+00,3.618395299999974668e+00
2.357142857142857206e+00,8.138114221659354941e-01,1.888556063622239822e-01,1.002667028528159587e+00,2.667028528159587353e-03,8.138114221659354941e-01,1.888556063622239822e-01,1.002667028528159587e+00,2.667028528159587353e-03,5.000000000000000000e+00,0.000000000000000000e+00,0.000000000000000000e+00,7.039728743363485863e-01,3.366336444171120212e-01,1.098385478295869078e-01,1.477780380548880390e-01,0.000000000000000000e+00,0.000000000000000000e+00,3.630968700000266836e+00
2.391304347826086918e+00,5.186798314514597941e-01,4.807872090428809697e-01,9.994670404943407638e-01,5.329595056592362212e-04,5.186798314514597941e-01,4.807872090428809697e-01,9.994670404943407638e-01,5.329595056592362212e-04,5.000000000000000000e+00,0.000000000000000000e+00,0.000000000000000000e+00,4.576047996518765593e-01,5.033654317649279841e-01,6.107503179958323480e-02,2.257822272204701441e-02,0.000000000000000000e+00,0.000000000000000000e+00,3.390712800000073912e+00
