wavelength_um,R_fem,T_fem,R_plus_T,energy_error,cutoff_flag,R_fdtd,T_fdtd,abs_dR,abs_dT,point_time_s
1.000000000000000000e+00,8.348187643079758580e-01,1.608892443381905180e-01,9.957080086461663759e-01,4.291991353833624068e-03,1.000000000000000000e+00,9.045872178156403320e-01,6.803285921747172227e-02,6.976845350766447407e-02,9.285638512071879569e-02,5.505362200001400197e+00
1.006097560975609762e+00,7.139617556300044132e-01,2.860992486356270237e-01,1.000061004265631492e+00,6.100426563149241588e-05,0.000000000000000000e+00,8.198350961144449389e-01,1.714146469662504169e-01,1.058733404844405257e-01,1.146846016693766068e-01,5.553637900000467198e+00
1.012269938650306678e+00,6.456772857414667666e-01,3.539553549239869423e-01,9.996326406654536534e-01,3.673593345463466164e-04,0.000000000000000000e+00,7.486615685896214067e-01,2.604808824730621142e-01,1.029842828481546402e-01,9.347447245092482815e-02,5.178158599999733269e+00
1.018518518518518379e+00,6.266361018067031496e-01,3.733006147876800629e-01,9.999367165943832125e-01,6.328340561678746923e-05,0.000000000000000000e+00,6.738680140785301420e-01,3.210248542162896235e-01,4.723191227182699237e-02,5.227576057139043941e-02,5.144028799997613532e+00
1.024844720496894235e+00,4.562316985269049829e-01,5.436633755198952977e-01,9.998950740468002252e-01,1.049259531997748240e-04,0.000000000000000000e+00,5.881477092180303901e-01,4.086043817027453229e-01,1.319160106911254071e-01,1.350589938171499749e-01,3.823372399998334004e+00
1.031250000000000000e+00,7.618913024207990548e-01,2.380671745343684864e-01,9.999584769551674857e-01,4.152304483251434419e-05,0.000000000000000000e+00,6.524565842597706000e-01,3.560526775288032630e-01,1.094347181610284547e-01,1.179855029944347766e-01,3.856313299998873845e+00
1.037735849056603765e+00,8.103585872792430367e-01,1.895903599733899381e-01,9.999489472526329470e-01,5.105274736705300853e-05,0.000000000000000000e+00,7.865116005991492631e-01,2.129743825503812582e-01,2.384698668009377354e-02,2.338402257699132014e-02,3.817176199998357333e+00
1.044303797468354444e+00,6.889383120887165868e-01,3.109703387526494001e-01,9.999086508413659313e-01,9.134915863406867231e-05,0.000000000000000000e+00,7.624492532466768946e-01,2.387270293172089330e-01,7.351094115796030781e-02,7.224330943544046701e-02,3.777825399996800115e+00
1.050955414012738620e+00,7.067506762643924745e-01,2.930429584548934208e-01,9.997936347192859508e-01,2.063652807140492484e-04,0.000000000000000000e+00,7.057505397709846751e-01,2.914540839317850685e-01,1.000136493407799421e-03,1.588874523108352310e-03,3.667985799998859875e+00
1.057692307692307487e+00,8.076618064865647151e-01,1.923109286516791472e-01,9.999727351382439178e-01,2.726486175608222595e-05,0.000000000000000000e+00,6.950435459893901102e-01,3.016095525321138560e-01,1.126182604971746049e-01,1.092986238804347088e-01,3.569640899997466477e+00
1.064516129032258007e+00,5.009208157353903790e-01,4.990305406318912285e-01,9.999513563672816074e-01,4.864363271839255987e-05,0.000000000000000000e+00,8.728733340828629395e-01,1.283865487494702529e-01,3.719525183474725605e-01,3.706439918824209756e-01,3.694090500001038890e+00
1.071428571428571397e+00,5.815884846092524985e-01,4.183429763771537302e-01,9.999314609864062842e-01,6.853901359371583624e-05,0.000000000000000000e+00,6.065435169520572156e-01,3.926602700678985536e-01,2.495503234280471716e-02,2.568270630925517661e-02,3.567247899998619687e+00
1.078431372549019551e+00,5.422234276664832375e-01,4.577479346336423838e-01,9.999713623001256213e-01,2.863769987437869702e-05,0.000000000000000000e+00,5.454429344739577523e-01,4.563478941256167709e-01,3.219506807474514787e-03,1.400040508025612862e-03,3.590945600000850391e+00
1.085526315789473673e+00,6.247843912048873793e-01,3.750885244704338928e-01,9.998729156753212166e-01,1.270843246787833891e-04,0.000000000000000000e+00,5.083870257102386381e-01,4.921432051085910531e-01,1.163973654946487413e-01,1.170546806381571603e-01,3.659639199999219272e+00
1.092715231788079278e+00,6.152832890098348662e-01,3.846357341644455752e-01,9.999190231742804968e-01,8.097682571950315378e-05,0.000000000000000000e+00,5.918592394470001405e-01,4.073787461429249634e-01,2.342404956283472561e-02,2.274301197847938827e-02,3.585472000002482673e+00
1.099999999999999867e+00,7.236414810562258326e-01,2.763044324778415883e-01,9.999459135340673654e-01,5.408646593263455316e-05,0.000000000000000000e+00,5.986951601172959547e-01,4.006555167248857519e-01,1.249463209389298779e-01,1.243510842470441635e-01,3.581707599998480873e+00
1.107382550335570315e+00,6.811271716777541618e-01,3.188620921350712734e-01,9.999892638128253797e-01,1.073618717462032635e-05,0.000000000000000000e+00,7.629815836905339266e-01,2.377316125479709552e-01,8.185441201277976475e-02,8.113047958710031815e-02,3.575583099998766556e+00
1.114864864864864913e+00,5.425927674189466865e-01,4.573856513640650046e-01,9.999784187830116355e-01,2.158121698836446001e-05,0.000000000000000000e+00,7.101772212639342330e-01,2.886130721356752749e-01,1.675844538449875465e-01,1.687725792283897297e-01,3.649791299998469185e+00
1.122448979591836871e+00,5.973772984448464385e-01,4.025922237811975779e-01,9.999695222260440719e-01,3.047777395592810024e-05,0.000000000000000000e+00,5.842041392923483789e-01,4.153642836863083998e-01,1.317315915249805958e-02,1.277205990511082190e-02,3.524896999999327818e+00
1.130136986301369717e+00,7.538445125761825683e-01,2.461661736145219492e-01,1.000010686190704545e+00,1.068619070454523978e-05,0.000000000000000000e+00,5.437504041988667769e-01,4.560116982433256583e-01,2.100941083773157914e-01,2.098455246288037090e-01,3.618855599997914396e+00
1.137931034482758452e+00,7.331959784682788861e-01,2.667559104694157690e-01,9.999518889376945996e-01,4.811106230540040940e-05,0.000000000000000000e+00,7.437060262462623639e-01,2.552308119135605624e-01,1.051004777798347778e-02,1.152509855585520659e-02,3.593872499997814884e+00
1.145833333333333259e+00,6.534087783139859162e-01,3.466657357835439268e-01,1.000074514097529788e+00,7.451409752978754852e-05,0.000000000000000000e+00,6.791249666843316435e-01,3.207917169418664227e-01,2.571618837034572724e-02,2.587401884167750410e-02,3.622992199998407159e+00
1.153846153846153744e+00,9.025473710072493549e-01,9.798353972099939357e-02,1.000530910728248735e+00,5.309107282487346424e-04,0.000000000000000000e+00,6.363879360362728610e-01,3.608483057328798482e-01,2.661594349709764940e-01,2.628647660118804685e-01,3.582095000001572771e+00
1.161971830985915499e+00,7.140334149204120573e-01,2.893275411426181609e-01,1.003360956063030329e+00,3.360956063030329233e-03,0.000000000000000000e+00,8.743832414748904380e-01,1.260407552254666497e-01,1.603498265544783807e-01,1.632867859171515112e-01,3.625297700000373879e+00
1.170212765957446832e+00,6.542478279584799106e-01,3.487131876193617086e-01,1.002961015577841675e+00,2.961015577841674684e-03,0.000000000000000000e+00,7.381567131654480640e-01,2.627522153942493666e-01,8.390888520696815345e-02,8.596097222511234204e-02,3.620778100001189159e+00
1.178571428571428603e+00,6.319470795430988108e-01,3.684020535738615765e-01,1.000349133116960498e+00,3.491331169604983131e-04,0.000000000000000000e+00,6.378612382926611701e-01,3.597840616165157157e-01,5.914158749562359318e-03,8.617991957345860765e-03,3.537080300000525312e+00
1.187050359712230163e+00,8.339913840426462777e-01,1.654857022298172331e-01,9.994770862724635663e-01,5.229137275364337256e-04,0.000000000000000000e+00,7.070536675216102518e-01,2.902898372736851806e-01,1.269377165210360259e-01,1.248041350438679475e-01,3.630443499998364132e+00
1.195652173913043459e+00,7.420790526745013604e-01,2.578889108331390845e-01,9.999679635076403894e-01,3.203649235961059105e-05,0.000000000000000000e+00,6.232310090091546240e-01,3.760994275612342674e-01,1.188480436653467365e-01,1.182105167280951830e-01,3.527651000000332715e+00
1.204379562043795593e+00,8.438660830910313937e-01,1.561562886399436578e-01,1.000022371730975079e+00,2.237173097507927366e-05,0.000000000000000000e+00,6.884352712233630101e-01,3.134932316588674439e-01,1.554308118676683836e-01,1.573369430189237861e-01,3.542627099999663187e+00
1.213235294117647189e+00,8.428061008745093563e-01,1.572172556784049435e-01,1.000023356552914411e+00,2.335655291441085524e-05,0.000000000000000000e+00,8.668267239550300207e-01,1.331876818484394043e-01,2.402062308052066442e-02,2.402957382996553926e-02,3.648050200001307530e+00
1.222222222222222099e+00,8.675014237534105499e-01,1.324774123998269382e-01,9.999788361532374603e-01,2.116384676253968422e-05,0.000000000000000000e+00,8.303700179794046843e-01,1.698075298231601638e-01,3.713140577400586562e-02,3.733011742333322558e-02,3.659972000001289416e+00
1.231343283582089443e+00,9.139495669416348722e-01,8.598716713415058277e-02,9.999367340757854272e-01,6.326592421457277737e-05,0.000000000000000000e+00,9.308941502339366236e-01,6.645610378679674135e-02,1.694458329230175142e-02,1.953106334735384142e-02,3.466720199998235330e+00
1.240601503759398261e+00,9.004584836265830949e-01,9.949964823215794174e-02,9.999581318587410506e-01,4.186814125894944283e-05,0.000000000000000000e+00,8.289756264538030717e-01,1.706336328601067154e-01,7.148285717278002327e-02,7.113398462794877364e-02,3.639249500000005355e+00
1.250000000000000000e+00,9.250971808517287620e-01,7.485779391276735362e-02,9.999549747644961295e-01,4.502523550387049767e-05,0.000000000000000000e+00,8.618383944952793252e-01,1.394084827407258420e-01,6.325878635644943682e-02,6.455068882795848839e-02,3.510934499998256797e+00
1.259541984732824416e+00,7.243053850386549364e-01,2.756753657311019623e-01,9.999807507697568987e-01,1.924923024310132291e-05,0.000000000000000000e+00,8.375530170682301545e-01,1.612877477540930748e-01,1.132476320295752181e-01,1.143876179770088874e-01,3.596053199999005301e+00
1.269230769230769384e+00,9.164443807602684622e-01,8.352087580720499171e-02,9.999652565674734817e-01,3.474343252651834746e-05,0.000000000000000000e+00,8.400160882000334839e-01,1.577432696667972201e-01,7.642829256023497830e-02,7.422239385959222835e-02,3.605585500001325272e+00
1.279069767441860295e+00,9.405012733858505447e-01,5.950593313429088094e-02,1.000007206520141523e+00,7.206520141522787526e-06,0.000000000000000000e+00,9.644711855853563831e-01,3.472569306875864653e-02,2.396991219950583840e-02,2.478024006553223441e-02,3.616405499997199513e+00
1.289062500000000000e+00,9.809902302802468999e-01,1.897905238530402799e-02,9.999692826655509625e-01,3.071733444903745891e-05,0.000000000000000000e+00,9.721951747283951173e-01,2.841917883536724393e-02,8.795055551851782560e-03,9.440126450063215935e-03,3.635254900000290945e+00
1.299212598425196763e+00,8.917890696670071060e-01,1.081835952645792687e-01,9.999726649315863192e-01,2.733506841368082974e-05,0.000000000000000000e+00,9.507490377288625449e-01,4.752302231863850951e-02,5.895996806185543893e-02,6.066057294594075916e-02,3.792366600002424093e+00
1.309523809523809534e+00,9.707219838006642121e-01,2.924714590992467944e-02,9.999691297105889332e-01,3.087028941106684243e-05,0.000000000000000000e+00,9.241252145191283240e-01,7.702959426417145539e-02,4.659676928153588804e-02,4.778244835424677595e-02,3.759582599999703234e+00
1.320000000000000062e+00,9.953469692189487183e-01,4.633320178190350296e-03,9.999802893971391216e-01,1.971060286087844560e-05,0.000000000000000000e+00,9.858566154803024562e-01,1.277853875481503934e-02,9.490353738646262194e-03,8.145218576624688178e-03,3.716875900001468835e+00
1.330645161290322731e+00,9.324630384552266005e-01,6.751232973110969648e-02,9.999753681863362553e-01,2.463181366374467274e-05,0.000000000000000000e+00,9.864358594421175352e-01,1.076301932844457056e-02,5.397282098689093477e-02,5.674931040266512766e-02,3.667810499999177409e+00
1.341463414634146201e+00,9.990903130076033145e-01,8.790331361961779095e-04,9.999693461437995090e-01,3.065385620049099202e-05,0.000000000000000000e+00,9.607690022494371762e-01,2.290322015090753838e-02,3.832131075816613830e-02,2.202418701471136123e-02,3.587926900003367336e+00
1.352459016393442459e+00,9.998715795550336960e-01,9.752980256736084339e-05,9.999691093576010825e-01,3.089064239891747832e-05,0.000000000000000000e+00,1.001879150263746077e+00,2.167354803369549079e-04,2.007570708712380636e-03,1.192056777695940645e-04,3.761463999999250518e+00
1.363636363636363535e+00,9.995753378041483117e-01,4.032841033362949889e-04,9.999786219074846549e-01,2.137809251534505961e-05,0.000000000000000000e+00,9.988966038842784778e-01,1.302449917821396316e-04,6.787339198698338905e-04,2.730391115541553303e-04,3.605047500001091976e+00
1.375000000000000000e+00,1.000011785982915846e+00,1.586527815106825434e-06,1.000013372510730969e+00,1.337251073096901166e-05,0.000000000000000000e+00,1.007459599349669332e+00,2.132192724858260842e-05,7.447813366753486264e-03,1.973539943347578341e-05,3.654022499998973217e+00
1.386554621848739455e+00,1.000230442285263699e+00,1.045832291898358473e-07,1.000230546868492887e+00,2.305468684928868583e-04,0.000000000000000000e+00,1.001153572297319938e+00,3.153954987961701389e-06,9.231300120562391243e-04,3.049371758771865357e-06,3.578003700000408571e+00
1.398305084745762761e+00,9.992716577736747707e-01,1.298164561952071260e-08,9.992716707553204181e-01,7.283292446795819330e-04,0.000000000000000000e+00,9.986461367071900463e-01,-5.209052395544945661e-07,6.255210664847243862e-04,5.338868851740152440e-07,3.696658100001513958e+00
1.410256410256410131e+00,1.001055856403645361e+00,3.123469866999419088e-09,1.001055859527115288e+00,1.055859527115288188e-03,0.000000000000000000e+00,9.989067035713126153e-01,3.905730968062861530e-07,2.149152832332745788e-03,3.874496269392867583e-07,3.597266199998557568e+00
1.422413793103448176e+00,9.999497637131733452e-01,1.628703097746686730e-09,9.999497653418764065e-01,5.023465812359351190e-05,0.000000000000000000e+00,1.000236855103176836e+00,8.059680641857811409e-08,2.870913900034910426e-04,7.896810332083142301e-08,3.452536900000268361e+00
1.434782608695652106e+00,9.998450594679006986e-01,1.349025474541682847e-09,9.998450608169261455e-01,1.549391830738544584e-04,0.000000000000000000e+00,1.000859860372943277e+00,1.897732218191912611e-07,1.014800905042578805e-03,1.884241963446495700e-07,3.578058600000076694e+00
1.447368421052631637e+00,9.999621119726849194e-01,1.260328819782019758e-09,9.999621132330137607e-01,3.788676698623927308e-05,0.000000000000000000e+00,1.000183025686816718e+00,7.595564970729320300e-08,2.209137141317984998e-04,7.469532088751118696e-08,3.633378099999390543e+00
1.460176991150442527e+00,1.000000258020710797e+00,1.187629533385857185e-09,1.000000259208340347e+00,2.592083403474276793e-07,0.000000000000000000e+00,9.992313812098767567e-01,1.127286211581432397e-07,7.688768108340404694e-04,1.115409916247573801e-07,3.951411800000641961e+00
1.473214285714285809e+00,9.999949371583995994e-01,1.107347293613322644e-09,9.999949382657469243e-01,5.061734253075655943e-06,0.000000000000000000e+00,9.993132348875154447e-01,9.665960883546320586e-08,6.817022708841546930e-04,9.555226154184988942e-08,3.738743499998236075e+00
1.486486486486486402e+00,9.999847748004062620e-01,1.022068106477227221e-09,9.999847758224743588e-01,1.522417752564120264e-05,0.000000000000000000e+00,1.000323352377595620e+00,6.582108081175622524e-08,3.385775771893584363e-04,6.479901270527899305e-08,3.538287100000161445e+00
1.499999999999999778e+00,9.999801943367871981e-01,9.367186078699756557e-10,9.999801952735057897e-01,1.980472649421027853e-05,0.000000000000000000e+00,1.000815336436025493e+00,7.842800337573079578e-08,8.351420992382951880e-04,7.749128476786081744e-08,3.827822400002332870e+00
1.513761467889908285e+00,9.999800659806900027e-01,8.546410746382803175e-10,9.999800668353310273e-01,1.993316466897265826e-05,0.000000000000000000e+00,9.999804209044775849e-01,8.506015282841559071e-08,3.549237875821731336e-07,8.420551175377731246e-08,3.771414699996967101e+00
1.527777777777777679e+00,9.999816834822929934e-01,7.775760007935179639e-10,9.999816842598689970e-01,1.831574013100301102e-05,0.000000000000000000e+00,9.989566768584259293e-01,7.927408339683432267e-08,1.025006623867064093e-03,7.849650739604080574e-08,3.711605500000587199e+00
1.542056074766355200e+00,9.999834552434636592e-01,7.062017655879585376e-10,9.999834559496654229e-01,1.654405033457706509e-05,0.000000000000000000e+00,9.993705414720932545e-01,7.126362937434010936e-08,6.129137713704047030e-04,7.055742760875215165e-08,3.771564899998338660e+00
1.556603773584905648e+00,9.999848535123549986e-01,6.405798679031499984e-10,9.999848541529349211e-01,1.514584706507893230e-05,0.000000000000000000e+00,1.000820033759113548e+00,7.917327961775322171e-08,8.351802467585489609e-04,7.853269974985007708e-08,3.671972399999503978e+00
1.571428571428571397e+00,9.999858754873436339e-01,5.804378359107950129e-10,9.999858760677814429e-01,1.412393221855712255e-05,0.000000000000000000e+00,1.001095136638253891e+00,1.203736014009164153e-07,1.109261150910256788e-03,1.197931635650056265e-07,3.588852000000770204e+00
1.586538461538461453e+00,9.999866559330198301e-01,5.253297582686257272e-10,9.999866564583496098e-01,1.334354165039020046e-05,0.000000000000000000e+00,9.994325624656369422e-01,1.267552114925694551e-07,5.540934673828878942e-04,1.262298817343008339e-07,3.715584900000976631e+00
1.601941747572815489e+00,9.999872674411318663e-01,4.747196412336372507e-10,9.999872679158514632e-01,1.273208414853677084e-05,0.000000000000000000e+00,9.981918177029246442e-01,8.512050866250789207e-08,1.795449738207222090e-03,8.464578902127425616e-08,3.756587500000023283e+00
1.617647058823529438e+00,9.999876073521860587e-01,4.280234030717144577e-10,9.999876077802094532e-01,1.239221979054683231e-05,0.000000000000000000e+00,9.997056364538678963e-01,1.671166962125927852e-07,2.819708983181623552e-04,1.666886728095210800e-07,3.812631699998746626e+00
1.633663366336633782e+00,9.999872935424553022e-01,3.846448410498758620e-10,9.999872939271001737e-01,1.270607289982628174e-05,0.000000000000000000e+00,1.002189884457014069e+00,3.348506005177926866e-07,2.202590914558766322e-03,3.344659556767427909e-07,3.727429599999595666e+00
1.649999999999999911e+00,9.999856425336182131e-01,3.440710853283032354e-10,9.999856428776893180e-01,1.435712231068198008e-05,0.000000000000000000e+00,1.001447408087989599e+00,2.299596822014533799e-07,1.461765554371385889e-03,2.296156111161250684e-07,3.760808799997903407e+00
1.666666666666666741e+00,9.999824381902649995e-01,3.062325984146660022e-10,9.999824384964975943e-01,1.756150350240570646e-05,0.000000000000000000e+00,9.975012767847624140e-01,1.505944005216923040e-07,2.481161405502585460e-03,1.502881679232776377e-07,3.669133199997304473e+00
1.683673469387754862e+00,9.999828507507793063e-01,2.729546236755981220e-10,9.999828510237339652e-01,1.714897626603484326e-05,0.000000000000000000e+00,9.963990382391968437e-01,9.689043087493930348e-07,3.583812511582462612e-03,9.686313541257174244e-07,3.829759199998079566e+00
1.701030927835051498e+00,1.000019819304973412e+00,2.544905411993353673e-10,1.000019819559464063e+00,1.981955946406266378e-05,0.000000000000000000e+00,1.001904637150577093e+00,1.336586784388595383e-06,1.884817845603681263e-03,1.336332293847396068e-06,3.589559399999416200e+00
1.718750000000000000e+00,1.000228695685061009e+00,3.047137007392846757e-10,1.000228695989774819e+00,2.286959897748186421e-04,0.000000000000000000e+00,1.007066611921690003e+00,-8.063124814324679958e-07,6.837916236628993616e-03,8.066171951332073081e-07,3.778470499997638399e+00
1.736842105263158187e+00,1.000677693068467544e+00,7.665765055437858425e-10,1.000677693835044124e+00,6.776938350441241710e-04,0.000000000000000000e+00,1.000469235063291107e+00,6.189307864676150740e-06,2.084580051764373110e-04,6.188541288170606808e-06,3.732931300000927877e+00
1.755319148936170137e+00,9.971199987716445889e-01,4.733163090792826285e-09,9.971200035048076726e-01,2.879996495192327366e-03,0.000000000000000000e+00,9.845435044187732521e-01,-4.694992577213151196e-07,1.257649435287133688e-02,4.742324208121079484e-07,3.743455299998458941e+00
1.774193548387096975e+00,1.001374787617473228e+00,6.980326296106529105e-08,1.001374857420736175e+00,1.374857420736175229e-03,0.000000000000000000e+00,9.871258804441460644e-01,1.148641082479169642e-05,1.424890717332716328e-02,1.141660756183063089e-05,3.627334400000108872e+00
1.793478260869565188e+00,9.986707617804574388e-01,1.312428621951498365e-03,9.999831904024089058e-01,1.680959759109423857e-05,0.000000000000000000e+00,1.140048885592520378e+00,2.127950058312509749e-03,1.413781238120629391e-01,8.155214363610113846e-04,3.729049900000973139e+00
1.813186813186813184e+00,9.996428239123890114e-01,1.018595673498509798e-04,9.997446834797388826e-01,2.553165202611173967e-04,0.000000000000000000e+00,9.539263297989956092e-01,2.437573153228975577e-04,4.571649411339340219e-02,1.418977479730465778e-04,3.695535399998334469e+00
1.833333333333333481e+00,9.922385186492695963e-01,7.684272317095829433e-03,9.999227909663653824e-01,7.720903363461761870e-05,0.000000000000000000e+00,1.042970474969699302e+00,4.328695482775545000e-02,5.073195632042970526e-02,3.560268251065962231e-02,3.732686700001067948e+00
1.853932584269663231e+00,8.432167563489818551e-01,1.568224211257329415e-01,1.000039177474714824e+00,3.917747471482435628e-05,0.000000000000000000e+00,9.543777292922843714e-01,4.107430880662461814e-02,1.111609729433025162e-01,1.157481123191083233e-01,3.649128999997628853e+00
1.875000000000000000e+00,9.676742463470888733e-01,3.251699426817794558e-02,1.000191240615266874e+00,1.912406152668744141e-04,0.000000000000000000e+00,7.675378679337895305e-01,1.527393912334787662e-01,2.001363784132993429e-01,1.202223969653008206e-01,3.663285499998892192e+00
1.896551724137931272e+00,8.856660764122039620e-01,1.145633995108865238e-01,1.000229475923090527e+00,2.294759230905274450e-04,0.000000000000000000e+00,8.932551485794326673e-01,5.499481641676241817e-02,7.589072167228705368e-03,5.956858309412410568e-02,3.645856399998592678e+00
1.918604651162790553e+00,9.810643499531335188e-01,1.895062428349378325e-02,1.000014974236627330e+00,1.497423662732977334e-05,0.000000000000000000e+00,8.014264450620351976e-01,1.861034106750301120e-01,1.796379048910983212e-01,1.671527863915363288e-01,3.711453399999300018e+00
1.941176470588235281e+00,8.908917388082144839e-01,1.091070738812277979e-01,9.999988126894422402e-01,1.187310557759779783e-06,0.000000000000000000e+00,8.417767024855395963e-01,1.593915421367851637e-01,4.911503632267488761e-02,5.028446825555736577e-02,3.534076500000082888e+00
1.964285714285714413e+00,9.451802024910381794e-01,5.479555106848907342e-02,9.999757535595272806e-01,2.424644047271939939e-05,0.000000000000000000e+00,9.610259310277344813e-01,8.637689760657027427e-02,1.584572853669630188e-02,3.158134653808120085e-02,3.606873799999448238e+00
1.987951807228915513e+00,8.449289923304603711e-01,1.550389551795308685e-01,9.999679475099911841e-01,3.205249000881593702e-05,0.000000000000000000e+00,7.895635082468328569e-01,2.148501293233901766e-01,5.536548408362751417e-02,5.981117414385930808e-02,3.828011099998548161e+00
2.012195121951219523e+00,8.623967307470953303e-01,1.375972346137060431e-01,9.999939653608014289e-01,6.034639198571056795e-06,0.000000000000000000e+00,7.847458434204597211e-01,1.986042088754460533e-01,7.765088732663560922e-02,6.100697426174001015e-02,3.552072700000280747e+00
2.037037037037037202e+00,8.176609595842918576e-01,1.823317726355406787e-01,9.999927322198325363e-01,7.267780167463655516e-06,0.000000000000000000e+00,7.468109829552330714e-01,2.537832463869262867e-01,7.084997662905878624e-02,7.145147375138560797e-02,3.633530499999324093e+00
2.062500000000000000e+00,5.041144997438905540e-01,4.958718067054449508e-01,9.999863064493355047e-01,1.369355066449529090e-05,0.000000000000000000e+00,8.024568322427305667e-01,2.164538554469165321e-01,2.983423324988400127e-01,2.794179512585284186e-01,3.809674399999494199e+00
2.088607594936708889e+00,9.349670309139651581e-01,6.502445577337161164e-02,9.999914866873367281e-01,8.513312663271932479e-06,0.000000000000000000e+00,9.266515484885766707e-01,8.078744418670319449e-02,8.315482425388487364e-03,1.576298841333158285e-02,3.728191199999855598e+00
2.115384615384615419e+00,7.490285333315335192e-01,2.509623812921238373e-01,9.999909146236574120e-01,9.085376342587991871e-06,0.000000000000000000e+00,7.235331815657735088e-01,2.554242597045258134e-01,2.549535176576001039e-02,4.461878412401976135e-03,3.705149999997956911e+00
2.142857142857142794e+00,7.374723686886567320e-01,2.624891850416767314e-01,9.999615537303334634e-01,3.844626966653663658e-05,0.000000000000000000e+00,7.627983106140034941e-01,2.358930733566516613e-01,2.532594192534676214e-02,2.659611168502507006e-02,3.819954100003087660e+00
2.171052631578947345e+00,6.037423931814320799e-01,3.962223321867753834e-01,9.999647253682074632e-01,3.527463179253675918e-05,0.000000000000000000e+00,6.948671534800202609e-01,3.081595036887034289e-01,9.112476029858818105e-02,8.806282849807195445e-02,3.684182599998166552e+00
2.200000000000000178e+00,7.945023607587855530e-01,2.054916550869896608e-01,9.999940158457751860e-01,5.984154224814020040e-06,0.000000000000000000e+00,8.278692903280814308e-01,1.907749293661928358e-01,3.336692956929587783e-02,1.471672572079682495e-02,3.737401599999429891e+00
2.229729729729729826e+00,7.616675018486581683e-01,2.385647416283844247e-01,1.000232243477042537e+00,2.322434770425374495e-04,0.000000000000000000e+00,7.401692600970694036e-01,2.510436945266036335e-01,2.149824175158876471e-02,1.247895289821920883e-02,3.677753599997231504e+00
2.260273972602739878e+00,5.521649895129151497e-01,4.482861405016662637e-01,1.000451130014581302e+00,4.511300145813024187e-04,0.000000000000000000e+00,7.455104790136136694e-01,2.341673790647190168e-01,1.933454895006985197e-01,2.141187614369472469e-01,3.733339099999284372e+00
2.291666666666666963e+00,6.728182294140121478e-01,3.314312123379533626e-01,1.004249441751965399e+00,4.249441751965399305e-03,0.000000000000000000e+00,6.559881785225092354e-01,3.260467738936932980e-01,1.683005089150291234e-02,5.384438444260064571e-03,3.653540600000269478e+00
2.323943661971830998e+00,6.459689345013015505e-01,3.499021989765488394e-01,9.958711334778503899e-01,4.128866522149610141e-03,0.000000000000000000e+00,7.182332126984531939e-01,3.142408892294589196e-01,7.226427819715164347e-02,3.566130974708991985e-02,3.560363299999153242e+00
2.357142857142857206e+00,8.164623620730088183e-01,1.826624557482945110e-01,9.991248178213033571e-01,8.751821786966429428e-04,0.000000000000000000e+00,7.039728743363485863e-01,3.366336444171120212e-01,1.124894877366602319e-01,1.539711886688175102e-01,3.405473899998469278e+00
2.391304347826086918e+00,5.243266401337206561e-01,4.836267776694996301e-01,1.007953417803220342e+00,7.953417803220341753e-03,0.000000000000000000e+00,4.576047996518765593e-01,5.033654317649279841e-01,6.672184048184409688e-02,1.973865409542835403e-02,2.763550300001952564e+00
