order,ppw_in_slab,dofs,hmax_um,rel_L2,R,T,R_plus_T
1,6,280,0.07856742013183865,0.23033541306994976,0.20038238806257652,0.8027921970017425,1.003174585064319
1,8,408,0.06428243465332263,0.1621044724487772,0.19685687657625722,0.8035814959435815,1.0004383725198387
1,12,936,0.041594516540385235,0.07221843068059139,0.187766044832799,0.8121546898570844,0.9999207346898834
1,16,1541,0.03214121732666142,0.043986266656993615,0.18394573729855349,0.8159157258127594,0.9998614631113129
1,24,3400,0.021427478217774343,0.01982881538434331,0.18032659718934363,0.8196634539938118,0.9999900511831554
1,32,5720,0.01644434374852439,0.011738573845678344,0.17905056495398136,0.8209459490376513,0.9999965139916327
2,6,1045,0.07856742013183865,0.004080860747705066,0.17821998865380925,0.8217795071289941,0.9999994957828033
2,8,1541,0.06428243465332263,0.0019938272513844468,0.17765823549963075,0.8223418442141701,1.000000079713801
2,12,3605,0.041594516540385235,0.00044250707443952515,0.17725023927159964,0.822749794413951,1.0000000336855506
2,16,5985,0.03214121732666142,0.00018578292655958473,0.1771936971498919,0.8228063129928904,1.0000000101427824
2,24,13333,0.021427478217774343,5.1353238069042176e-05,0.17716850469968898,0.822831496830478,1.0000000015301669
2,32,22533,0.01644434374852439,2.25088846976727e-05,0.17716444843154242,0.8228355519833195,1.000000000414862
