wavelength_um,R_comsol,T_comsol,RT_comsol,R_scikitfem,T_scikitfem,RT_scikitfem,R_fdtd,T_fdtd,RT_fdtd
1.000000000000000000e+00,8.888057901224467594e-01,1.111942098775909049e-01,1.000000000000037748e+00,8.348187643079477693e-01,1.608892443382122783e-01,9.957080086461600477e-01,9.045872178156403320e-01,6.803285921747172227e-02,9.726200770331120404e-01
1.006097560975609984e+00,8.392325901561422663e-01,1.607674098438298949e-01,9.999999999999721334e-01,7.139617556299981960e-01,2.860992486356151998e-01,1.000061004265613285e+00,8.198350961144423854e-01,1.714146469662536088e-01,9.912497430806960219e-01
1.012269938650310008e+00,5.391551610610043621e-01,4.608448389391458511e-01,1.000000000000150102e+00,6.456772857414679878e-01,3.539553549239894403e-01,9.996326406654573171e-01,7.486615685895815497e-01,2.604808824730943662e-01,1.009142451062675860e+00
1.018518518518519711e+00,6.390644242985235035e-01,3.609355757015391131e-01,1.000000000000062617e+00,6.266361018066183286e-01,3.733006147877744874e-01,9.999367165943928715e-01,6.738680140785120454e-01,3.210248542163080532e-01,9.948928682948201541e-01
1.024844720496890016e+00,6.520678400025080590e-01,3.479321599975027657e-01,1.000000000000010880e+00,4.562316985270342684e-01,5.436633755197699536e-01,9.998950740468042220e-01,5.881477092180875665e-01,4.086043817026869251e-01,9.967520909207745472e-01
1.031249999999999778e+00,6.780679829924115554e-01,3.219320170075659071e-01,9.999999999999774625e-01,7.618913024208378015e-01,2.380671745343342915e-01,9.999584769551720376e-01,6.524565842597683796e-01,3.560526775288050949e-01,1.008509261788573586e+00
1.037735849056599990e+00,8.017602437689808070e-01,1.982397562310825312e-01,1.000000000000063283e+00,8.103585872792256062e-01,1.895903599734266032e-01,9.999489472526521538e-01,7.865116005990712145e-01,2.129743825504645249e-01,9.994859831495357394e-01
1.044303797468350004e+00,7.208345121468593408e-01,2.791654878531231176e-01,9.999999999999824585e-01,6.889383120888068479e-01,3.109703387525822871e-01,9.999086508413891350e-01,7.624492532466932149e-01,2.387270293171915303e-01,1.001176282563884801e+00
1.050955414012739730e+00,7.294786859002391211e-01,2.705213140997907439e-01,1.000000000000029754e+00,7.067506762644618634e-01,2.930429584548785438e-01,9.997936347193403517e-01,7.057505397709828987e-01,2.914540839317867338e-01,9.972046237027696325e-01
1.057692307692309930e+00,6.662634006065644154e-01,3.337365993934977015e-01,1.000000000000062172e+00,8.076618064864806712e-01,1.923109286517673544e-01,9.999727351382480256e-01,6.950435459894537260e-01,3.016095525320518500e-01,9.966530985215056315e-01
1.064516129032260006e+00,8.841431501618680633e-01,1.158568498381207235e-01,9.999999999999887867e-01,5.009208157353979285e-01,4.990305406318843451e-01,9.999513563672822736e-01,8.728733340827858900e-01,1.283865487495466640e-01,1.001259882832332471e+00
1.071428571428570065e+00,6.151041414871587509e-01,3.848958585128052778e-01,9.999999999999640288e-01,5.815884846092357341e-01,4.183429763771819299e-01,9.999314609864176084e-01,6.065435169521085079e-01,3.926602700678475943e-01,9.992037870199561578e-01
1.078431372549019773e+00,5.283634937151515665e-01,4.716365062848134615e-01,9.999999999999650280e-01,5.422234276664196218e-01,4.577479346336826849e-01,9.999713623001023066e-01,5.454429344739566421e-01,4.563478941256178811e-01,1.001790828599574468e+00
1.085526315789469898e+00,4.958560567706665756e-01,5.041439432293288725e-01,9.999999999999954481e-01,6.247843912048466342e-01,3.750885244704691424e-01,9.998729156753157765e-01,5.083870257102584000e-01,4.921432051085720127e-01,1.000530230818830413e+00
1.092715231788079944e+00,5.696796184901806726e-01,4.303203815098424201e-01,1.000000000000023093e+00,6.152832890098460794e-01,3.846357341644539019e-01,9.999190231743000368e-01,5.918592394470008067e-01,4.073787461429243528e-01,9.992379855899251595e-01
1.100000000000000089e+00,5.953293958118075491e-01,4.046706041882054405e-01,1.000000000000012879e+00,7.236414810562523670e-01,2.763044324778499150e-01,9.999459135341023375e-01,5.986951601173009507e-01,4.006555167248808669e-01,9.993506768421818176e-01
1.107382550335570093e+00,7.622863448165975164e-01,2.377136551834741207e-01,1.000000000000071720e+00,6.811271716777577145e-01,3.188620921350659443e-01,9.999892638128236033e-01,7.629815836905289306e-01,2.377316125479758402e-01,1.000713196238504743e+00
1.114864864864860028e+00,7.145357889557604203e-01,2.854642110442527914e-01,1.000000000000013323e+00,5.425927674190180738e-01,4.573856513639817378e-01,9.999784187829997562e-01,7.101772212639687609e-01,2.886130721356420237e-01,9.987902933996107846e-01
1.122448979591839757e+00,5.970120405712203704e-01,4.029879594287283928e-01,9.999999999999487077e-01,5.973772984449037260e-01,4.025922237811521698e-01,9.999695222260558403e-01,5.842041392923331689e-01,4.153642836863236654e-01,9.995684229786567787e-01
1.130136986301369939e+00,5.981452373014558566e-01,4.018547626985310428e-01,9.999999999999868994e-01,7.538445125762401888e-01,2.461661736144687695e-01,1.000010686190708986e+00,5.437504041988724390e-01,4.560116982433199406e-01,9.997621024421923241e-01
1.137931034482760007e+00,7.097574576049818784e-01,2.902425423950618089e-01,1.000000000000043743e+00,7.331959784683340642e-01,2.667559104694042782e-01,9.999518889377383424e-01,7.437060262462497073e-01,2.552308119135734410e-01,9.989368381598231483e-01
1.145833333333329929e+00,6.575742492605481937e-01,3.424257507394457001e-01,9.999999999999938938e-01,6.534087783140075656e-01,3.466657357834887487e-01,1.000074514097496259e+00,6.791249666843588439e-01,3.207917169418387782e-01,9.999166836261976776e-01
1.153846153846149969e+00,6.685130611198031314e-01,3.314869388801661154e-01,9.999999999999692468e-01,9.025473710071076905e-01,9.798353972111115140e-02,1.000530910728218759e+00,6.363879360362929560e-01,3.608483057328609744e-01,9.972362417691539305e-01
1.161971830985919718e+00,8.686411006604366492e-01,1.313588993395929383e-01,1.000000000000029532e+00,7.140334149203826364e-01,2.893275411426112220e-01,1.003360956062993914e+00,8.743832414748207160e-01,1.260407552255366492e-01,1.000423996700357421e+00
1.170212765957449941e+00,7.557027123661170798e-01,2.442972876338683763e-01,9.999999999999854561e-01,6.542478279584691414e-01,3.487131876193763080e-01,1.002961015577845671e+00,7.381567131654107605e-01,2.627522153942854488e-01,1.000908928559696154e+00
1.178571428571429935e+00,6.212496379375151978e-01,3.787503620625141121e-01,1.000000000000029310e+00,6.319470795432441390e-01,3.684020535737443369e-01,1.000349133116988254e+00,6.378612382926720503e-01,3.597840616165047800e-01,9.976452999091768303e-01
1.187050359712229941e+00,7.052048725762425363e-01,2.947951274237184394e-01,9.999999999999609201e-01,8.339913840425696723e-01,1.654857022298538427e-01,9.994770862724234872e-01,7.070536675216084754e-01,2.902898372736870125e-01,9.973435047952954324e-01
1.195652173913039684e+00,6.223662631485424868e-01,3.776337368514855464e-01,1.000000000000027978e+00,7.420790526744970306e-01,2.578889108331431368e-01,9.999679635076401674e-01,6.232310090091913723e-01,3.760994275611966309e-01,9.993304365703880032e-01
1.204379562043799812e+00,6.705628673577020971e-01,3.294371326423636281e-01,1.000000000000065725e+00,8.438660830910815758e-01,1.561562886399013861e-01,1.000022371730983073e+00,6.884352712234479421e-01,3.134932316587815682e-01,1.001928502882229566e+00
1.213235294117649854e+00,8.629980497225188119e-01,1.370019502773927311e-01,9.999999999999115152e-01,8.428061008744818228e-01,1.572172556784358077e-01,1.000023356552917519e+00,8.668267239550192516e-01,1.331876818484502567e-01,1.000014405803469453e+00
1.222222222222220100e+00,8.406092400578017987e-01,1.593907599421763299e-01,9.999999999999781286e-01,8.675014237534652839e-01,1.324774123997813358e-01,9.999788361532465641e-01,8.303700179794127889e-01,1.698075298231520036e-01,1.000177547802564737e+00
1.231343283582090109e+00,9.313647906285776878e-01,6.863520937145468903e-02,1.000000000000032419e+00,9.139495669415568235e-01,8.598716713422439872e-02,9.999367340757812084e-01,9.308941502339292962e-01,6.645610378680423536e-02,9.973502540207335176e-01
1.240601503759400037e+00,8.184456566575893932e-01,1.815543433423718878e-01,9.999999999999612532e-01,9.004584836265738801e-01,9.949964823215495802e-02,9.999581318587288381e-01,8.289756264538092889e-01,1.706336328601008034e-01,9.996092593139100924e-01
1.250000000000000000e+00,8.498583840791618105e-01,1.501416159207692447e-01,9.999999999999310552e-01,9.250971808517614026e-01,7.485779391275275418e-02,9.999549747645141151e-01,8.618383944952793252e-01,1.394084827407258420e-01,1.001246877236005250e+00
1.259541984732819975e+00,8.270171508492433210e-01,1.729828491504074861e-01,9.999999999996508349e-01,7.243053850387065618e-01,2.756753657310254124e-01,9.999807507697320297e-01,8.375530170682414788e-01,1.612877477540828886e-01,9.988407648223243118e-01
1.269230769230770051e+00,8.532333632747464147e-01,1.467666367253056270e-01,1.000000000000051958e+00,9.164443807603070979e-01,8.352087580714533110e-02,9.999652565674523874e-01,8.400160882000419216e-01,1.577432696667888934e-01,9.977593578668307872e-01
1.279069767441860073e+00,9.670459816597590796e-01,3.295401834012753883e-02,9.999999999998866462e-01,9.405012733859172691e-01,5.950593313427935543e-02,1.000007206520196590e+00,9.644711855853536076e-01,3.472569306876141515e-02,9.991968786541149949e-01
1.289062500000000000e+00,9.737510994678438836e-01,2.624890053210746782e-02,9.999999999999513722e-01,9.809902302802452345e-01,1.897905238532419589e-02,9.999692826655693922e-01,9.721951747283951173e-01,2.841917883536724393e-02,1.000614353563762382e+00
1.299212598425200094e+00,9.460569175647779439e-01,5.394308243530987479e-02,1.000000000000087930e+00,8.917890696669237283e-01,1.081835952646890003e-01,9.999726649316127425e-01,9.507490377288539962e-01,4.752302231864804355e-02,9.982720600475020190e-01
1.309523809523809756e+00,9.301613384520133199e-01,6.983866154905296608e-02,1.000000000001066258e+00,9.707219838007576929e-01,2.924714590986231266e-02,9.999691297106200194e-01,9.241252145191296563e-01,7.702959426417009536e-02,1.001154808783299766e+00
1.320000000000000062e+00,9.870731173761067012e-01,1.292688262384748821e-02,9.999999999999541478e-01,9.953469692189900186e-01,4.633320178188038777e-03,9.999802893971780904e-01,9.858566154803024562e-01,1.277853875481503934e-02,9.986351542351175059e-01
1.330645161290319844e+00,9.891466402889729226e-01,1.085335971085088849e-02,9.999999999998238076e-01,9.324630384552750062e-01,6.751232973115359193e-02,9.999753681864286259e-01,9.864358594421174242e-01,1.076301932844511700e-02,9.971988787705625690e-01
1.341463414634149975e+00,9.875435294971501854e-01,1.245647050286435506e-02,1.000000000000014433e+00,9.990903130075995398e-01,8.790331361956822123e-04,9.999693461437952902e-01,9.607690022494512760e-01,2.290322015089974947e-02,9.836722224003510151e-01
1.352459016393440017e+00,9.998527890985982047e-01,1.472109014010405286e-04,9.999999999999992228e-01,9.998715795550456864e-01,9.752980256746046801e-05,9.999691093576131840e-01,1.001879150263736973e+00,2.167354803419910270e-04,1.002095885744078929e+00
1.363636363636359983e+00,9.998209311870706051e-01,1.790688127279866629e-04,9.999999999997986055e-01,9.995753378042322446e-01,4.032841033335669194e-04,9.999786219075658122e-01,9.988966038842794770e-01,1.302449917821671161e-04,9.990268488760616350e-01
1.375000000000000000e+00,9.999923347552366337e-01,7.665244830096136643e-06,1.000000000000066835e+00,1.000011785982918733e+00,1.586527815066098608e-06,1.000013372510733856e+00,1.007459599349669332e+00,2.132192724858260842e-05,1.007480921276918018e+00
1.386554621848739677e+00,9.999995986996932373e-01,4.013002140980954238e-07,9.999999999999072964e-01,1.000230442285276133e+00,1.045832291902950583e-07,1.000230546868505321e+00,1.001153572297319938e+00,3.153954987961631933e-06,1.001156726252308005e+00
1.398305084745760096e+00,9.999999579413229034e-01,4.205869534877154509e-08,1.000000000000018208e+00,9.992716577736905359e-01,1.298164561851767173e-08,9.992716707553361832e-01,9.986461367071906015e-01,-5.209052395536614034e-07,9.986456158019511031e-01
1.410256410256409909e+00,9.999999925196608741e-01,7.480241881283724246e-09,9.999999999999027445e-01,1.001055856403654243e+00,3.123469867542430486e-09,1.001055859527124170e+00,9.989067035713126153e-01,3.905730968062692123e-07,9.989070941444093688e-01
1.422413793103449953e+00,9.999999980647856779e-01,1.935250912019988738e-09,1.000000000000036637e+00,9.999497637131908867e-01,1.628703097737377846e-09,9.999497653418939480e-01,1.000236855103176836e+00,8.059680641859379743e-08,1.000236935699983176e+00
1.434782608695649886e+00,9.999999993932932041e-01,6.067362265809722638e-10,1.000000000000029532e+00,9.998450594679137993e-01,1.349025474789852127e-09,9.998450608169392462e-01,1.000859860372943055e+00,1.897732218191716735e-07,1.000860050146164859e+00
1.447368421052630083e+00,9.999999997821660269e-01,2.178233851776626917e-10,9.999999999999894529e-01,9.999621119727017948e-01,1.260328819757385286e-09,9.999621132330306361e-01,1.000183025686816718e+00,7.595564970730725845e-08,1.000183101642466488e+00
1.460176991150439862e+00,9.999999999130769757e-01,8.688932379495931700e-11,9.999999999999662492e-01,1.000000258020731447e+00,1.187629533725126347e-09,1.000000259208360998e+00,9.992313812098769787e-01,1.127286211581355900e-07,9.992314939384980832e-01
1.473214285714290028e+00,9.999999999620763358e-01,3.777258396325304541e-11,9.999999999998488986e-01,9.999949371584077040e-01,1.107347293734050275e-09,9.999949382657550290e-01,9.993132348875157778e-01,9.665960883545339881e-08,9.993133315471246503e-01
1.486486486486489955e+00,9.999999999823453445e-01,1.764977390804664544e-11,9.999999999999951150e-01,9.999847748004148107e-01,1.022068106725810712e-09,9.999847758224829075e-01,1.000323352377595842e+00,6.582108081175953396e-08,1.000323418198676650e+00
1.500000000000000000e+00,9.999999999912464466e-01,8.771991336047039917e-12,1.000000000000018430e+00,9.999801943368021862e-01,9.367186079481280936e-10,9.999801952735207777e-01,1.000815336436025493e+00,7.842800337573090166e-08,1.000815414864028918e+00
1.513761467889910062e+00,9.999999999953751439e-01,4.598968102070216035e-12,9.999999999999741318e-01,9.999800659806927783e-01,8.546410747853078457e-10,9.999800668353338029e-01,9.999804209044774739e-01,8.506015282841486279e-08,9.999805059646302841e-01
1.527777777777779900e+00,9.999999999975237586e-01,2.526809723842708545e-12,1.000000000000050626e+00,9.999816834823070932e-01,7.775760013221456221e-10,9.999816842598830968e-01,9.989566768584260403e-01,7.927408339683307859e-08,9.989567561325094491e-01
1.542056074766359863e+00,9.999999999985765831e-01,1.447811393616656975e-12,1.000000000000024425e+00,9.999834552434618828e-01,7.062017657266871695e-10,9.999834559496636466e-01,9.993705414720936986e-01,7.126362937434265046e-08,9.993706127357230296e-01
1.556603773584910089e+00,9.999999999991422417e-01,8.629772723567131177e-13,1.000000000000005329e+00,9.999848535123673221e-01,6.405798681854431668e-10,9.999848541529472445e-01,1.000820033759113548e+00,7.917327961776556986e-08,1.000820112932393258e+00
1.571428571428570065e+00,9.999999999994908517e-01,5.363595731135512070e-13,1.000000000000027311e+00,9.999858754873389710e-01,5.804378361222568089e-10,9.999858760677767799e-01,1.001095136638253891e+00,1.203736014009127095e-07,1.001095257011855200e+00
1.586538461538459677e+00,9.999999999996744826e-01,3.525947001820785906e-13,1.000000000000027089e+00,9.999866559330305993e-01,5.253297584976070017e-10,9.999866564583603790e-01,9.994325624656371643e-01,1.267552114925687140e-07,9.994326892208486024e-01
1.601941747572819708e+00,9.999999999996551647e-01,2.564311800846255279e-13,9.999999999999116262e-01,9.999872674411470763e-01,4.747196414272934670e-10,9.999872679158666733e-01,9.981918177029250883e-01,8.512050866252991492e-08,9.981919028234337299e-01
1.617647058823530104e+00,9.999999999997650768e-01,2.301258067386237792e-13,9.999999999999952260e-01,9.999876073521890563e-01,4.280234032471398718e-10,9.999876077802124508e-01,9.997056364538680073e-01,1.671166962125997732e-07,9.997058035705642665e-01
1.633663366336630007e+00,9.999999999996729283e-01,2.986368293396811702e-13,9.999999999999715783e-01,9.999872935424580778e-01,3.846448410490089250e-10,9.999872939271029493e-01,1.002189884457013402e+00,3.348506005177531408e-07,1.002190219307613983e+00
1.649999999999999911e+00,9.999999999993977040e-01,5.862505454099082041e-13,9.999999999999839018e-01,9.999856425336192123e-01,3.440710853715351581e-10,9.999856428776903172e-01,1.001447408087989599e+00,2.299596822014533799e-07,1.001447638047671784e+00
1.666666666666670071e+00,9.999999999984801047e-01,1.543779564526447362e-12,1.000000000000023981e+00,9.999824381902825410e-01,3.062325984020292156e-10,9.999824384965151358e-01,9.975012767847621920e-01,1.505944005218525521e-07,9.975014273791626973e-01
1.683673469387749977e+00,9.999999999951423302e-01,4.869303166928702048e-12,1.000000000000011546e+00,9.999828507507803055e-01,2.729546237223593141e-10,9.999828510237349644e-01,9.963990382391971767e-01,9.689043087491579832e-07,9.964000071435059613e-01
1.701030927835049944e+00,9.999999999823361296e-01,1.766386083766994028e-11,1.000000000000000000e+00,1.000019819304968971e+00,2.544905411179358837e-10,1.000019819559459622e+00,1.001904637150576649e+00,1.336586784388562349e-06,1.001905973737361011e+00
1.718749999999999778e+00,9.999999999256345973e-01,7.436026332817076903e-11,9.999999999999948930e-01,1.000228695685069003e+00,3.047137009209672976e-10,1.000228695989782812e+00,1.007066611921690003e+00,-8.063124814324408907e-07,1.007065805609208553e+00
1.736842105263159741e+00,9.999999996185731099e-01,3.814184878263187666e-10,9.999999999999915623e-01,1.000677693068473539e+00,7.665765056176252573e-10,1.000677693835050119e+00,1.000469235063289775e+00,6.189307864675590851e-06,1.000475424371154443e+00
1.755319148936169693e+00,9.999999973476684234e-01,2.652319494074165404e-09,9.999999999999878986e-01,9.971199987716407032e-01,4.733163090437514161e-09,9.971200035048037869e-01,9.845435044187735851e-01,-4.694992577211550304e-07,9.845430349195158914e-01
1.774193548387100083e+00,9.999999691721987993e-01,3.082777900862019693e-08,9.999999999999777955e-01,1.001374787617472117e+00,6.980326317133882469e-08,1.001374857420735287e+00,9.871258804441707113e-01,1.148641082513286266e-05,9.871373668549958680e-01
1.793478260869569851e+00,9.992754973084156944e-01,7.245026915826328733e-04,9.999999999999983347e-01,9.986707617804763126e-01,1.312428621949378099e-03,9.999831904024256701e-01,1.140048885592476413e+00,2.127950058312063925e-03,1.142176835650788425e+00
1.813186813186809854e+00,9.998677073516137881e-01,1.322926483711554032e-04,9.999999999999849010e-01,9.996428239123802406e-01,1.018595673500770089e-04,9.997446834797302229e-01,9.539263297990270285e-01,2.437573153232161505e-04,9.541700871143502516e-01
1.833333333333329929e+00,9.882432128113132208e-01,1.175678718872195071e-02,1.000000000000035083e+00,9.922385186492084230e-01,7.684272317132995016e-03,9.999227909663414016e-01,1.042970474969683536e+00,4.328695482774786579e-02,1.086257429797431451e+00
1.853932584269659900e+00,9.618034633736508576e-01,3.819653662634306390e-02,9.999999999999938938e-01,8.432167563485143402e-01,1.568224211258020251e-01,1.000039177474316476e+00,9.543777292922986932e-01,4.107430880662497896e-02,9.954520380989236861e-01
1.874999999999999778e+00,7.448634384759323934e-01,2.551365615239454265e-01,9.999999999998778755e-01,9.676742463470590083e-01,3.251699426821400007e-02,1.000191240615273092e+00,7.675378679337915289e-01,1.527393912334776005e-01,9.202772591672691016e-01
1.896551724137929718e+00,9.485175228470479336e-01,5.148247715295178190e-02,9.999999999999996669e-01,8.856660764121359053e-01,1.145633995109431591e-01,1.000229475923078981e+00,8.932551485794235635e-01,5.499481641676946808e-02,9.482499649961930732e-01
1.918604651162790109e+00,8.222716087990822320e-01,1.777283912009697264e-01,1.000000000000051958e+00,9.810643499530115053e-01,1.895062428353562478e-02,1.000014974236547172e+00,8.014264450620370850e-01,1.861034106750275030e-01,9.875298557370646435e-01
1.941176470588239944e+00,8.334731958264108842e-01,1.665268041735449844e-01,9.999999999999558131e-01,8.908917388083005262e-01,1.091070738811205920e-01,9.999988126894210350e-01,8.417767024855636881e-01,1.593915421367704255e-01,1.001168244622334225e+00
1.964285714285709750e+00,9.258678044226437143e-01,7.413219557737675547e-02,1.000000000000020428e+00,9.451802024910980204e-01,5.479555106847845691e-02,9.999757535595764635e-01,9.610259310277103895e-01,8.637689760658501248e-02,1.047402828634295346e+00
1.987951807228919954e+00,7.950609245657400681e-01,2.049390754342650944e-01,1.000000000000005107e+00,8.449289923304074135e-01,1.550389551796170495e-01,9.999679475100244908e-01,7.895635082468319688e-01,2.148501293233872067e-01,1.004413637570219286e+00
2.012195121951219967e+00,8.035623270303420274e-01,1.964376729696508395e-01,9.999999999999928946e-01,8.623967307471115396e-01,1.375972346137049052e-01,9.999939653608164170e-01,7.847458434204590549e-01,1.986042088754470525e-01,9.833500522959061074e-01
2.037037037037039422e+00,7.506203850734802785e-01,2.493796149264752293e-01,9.999999999999554801e-01,8.176609595842689870e-01,1.823317726356060986e-01,9.999927322198750579e-01,7.468109829552379564e-01,2.537832463869230115e-01,1.000594229342161023e+00
2.062499999999999556e+00,7.874750892777890865e-01,2.125249107222267064e-01,1.000000000000015765e+00,5.041144997436971531e-01,4.958718067057466539e-01,9.999863064494438625e-01,8.024568322427295675e-01,2.164538554469171983e-01,1.018910687689646766e+00
2.088607594936710221e+00,9.204207283876606471e-01,7.957927161234357172e-02,1.000000000000004219e+00,9.349670309139637148e-01,6.502445577338149263e-02,9.999914866873451658e-01,9.266515484885665677e-01,8.078744418671188199e-02,1.007438992675278477e+00
2.115384615384619860e+00,7.402995191380941087e-01,2.597004808619271521e-01,1.000000000000021316e+00,7.490285333315844785e-01,2.509623812920477870e-01,9.999909146236323210e-01,7.235331815657798371e-01,2.554242597045226493e-01,9.789574412703024864e-01
2.142857142857140129e+00,7.660064050029169458e-01,2.339935949971252427e-01,1.000000000000042188e+00,7.374723686887693086e-01,2.624891850415866368e-01,9.999615537303558899e-01,7.627983106139997194e-01,2.358930733566535487e-01,9.986913839706532681e-01
2.171052631578950010e+00,6.931031054426526339e-01,3.068968945573591345e-01,1.000000000000011768e+00,6.037423931814419609e-01,3.962223321867454628e-01,9.999647253681873682e-01,6.948671534800324734e-01,3.081595036886926042e-01,1.003026657168724967e+00
2.200000000000000178e+00,8.070035425639020543e-01,1.929964574360002183e-01,9.999999999999023004e-01,7.945023607587912151e-01,2.054916550869640424e-01,9.999940158457552020e-01,8.278692903280814308e-01,1.907749293661928358e-01,1.018644219694274211e+00
2.229729729729729826e+00,7.510285673733372303e-01,2.489714326266304623e-01,9.999999999999676925e-01,7.616675018485870030e-01,2.385647416284115419e-01,1.000232243476998573e+00,7.401692600970694036e-01,2.510436945266036335e-01,9.912129546236729816e-01
2.260273972602739878e+00,7.605935368193139645e-01,2.394064631807489851e-01,1.000000000000063061e+00,5.521649895128374341e-01,4.482861405018642720e-01,1.000451130014701651e+00,7.455104790136136694e-01,2.341673790647190168e-01,9.796778580783327417e-01
2.291666666666670071e+00,6.826828509113758159e-01,3.173171490886287915e-01,1.000000000000004663e+00,6.728182294141580311e-01,3.314312123378153618e-01,1.004249441751973393e+00,6.559881785225152306e-01,3.260467738936921878e-01,9.820349524162074184e-01
2.323943661971830110e+00,6.896660870600729298e-01,3.103339129405429109e-01,1.000000000000615952e+00,6.459689345012624706e-01,3.499021989766002427e-01,9.958711334778627133e-01,7.182332126984515286e-01,3.142408892294592526e-01,1.032474101927910670e+00
2.357142857142859871e+00,5.871240374834811870e-01,4.128759625165325797e-01,1.000000000000013767e+00,8.164623620734439147e-01,1.826624557479270550e-01,9.991248178213709696e-01,7.039728743363293795e-01,3.366336444171250109e-01,1.040606518753454335e+00
2.391304347826089582e+00,5.412621986105287109e-01,4.587378013895976880e-01,1.000000000000126343e+00,5.243266401337888238e-01,4.836267776694625486e-01,1.007953417803251428e+00,4.576047996518765593e-01,5.033654317649279841e-01,9.609702314168044879e-01
