% Model,Untitled.mph
% Version,COMSOL 6.3.0.290
% Date,"Sep 25 2026, 12:31"
% Table,Table 2 - Global Evaluation 2
% lambda0 (µm),Total reflectance (1),Total transmittance (1),Total reflectance and transmittance (1)
1,0.8888057901224468,0.1111942098775909,1.0000000000000377
1.00609756097561,0.8392325901561423,0.1607674098438299,0.9999999999999721
1.01226993865031,0.5391551610610044,0.46084483893914585,1.00000000000015
1.0185185185185197,0.6390644242985235,0.3609355757015391,1.0000000000000626
1.02484472049689,0.6520678400025081,0.34793215999750277,1.0000000000000109
1.0312499999999998,0.6780679829924116,0.3219320170075659,0.9999999999999775
1.0377358490566,0.8017602437689808,0.19823975623108253,1.0000000000000633
1.04430379746835,0.7208345121468593,0.2791654878531231,0.9999999999999825
1.0509554140127397,0.7294786859002391,0.27052131409979074,1.0000000000000298
1.05769230769231,0.6662634006065644,0.3337365993934977,1.0000000000000622
1.06451612903226,0.8841431501618681,0.11585684983812072,0.9999999999999888
1.07142857142857,0.6151041414871588,0.3848958585128053,0.999999999999964
1.0784313725490198,0.5283634937151516,0.47163650628481346,0.999999999999965
1.08552631578947,0.4958560567706666,0.5041439432293289,0.9999999999999954
1.09271523178808,0.5696796184901807,0.4303203815098424,1.000000000000023
1.1,0.5953293958118075,0.40467060418820544,1.0000000000000129
1.10738255033557,0.7622863448165975,0.23771365518347412,1.0000000000000717
1.11486486486486,0.7145357889557604,0.2854642110442528,1.0000000000000133
1.1224489795918398,0.5970120405712204,0.4029879594287284,0.9999999999999487
1.13013698630137,0.5981452373014559,0.40185476269853104,0.9999999999999869
1.13793103448276,0.7097574576049819,0.2902425423950618,1.0000000000000437
1.14583333333333,0.6575742492605482,0.3424257507394457,0.9999999999999939
1.15384615384615,0.6685130611198031,0.3314869388801661,0.9999999999999692
1.1619718309859197,0.8686411006604366,0.13135889933959294,1.0000000000000295
1.17021276595745,0.7557027123661171,0.24429728763386838,0.9999999999999855
1.17857142857143,0.6212496379375152,0.3787503620625141,1.0000000000000293
1.18705035971223,0.7052048725762425,0.29479512742371844,0.9999999999999609
1.1956521739130397,0.6223662631485425,0.37763373685148555,1.000000000000028
1.2043795620437998,0.6705628673577021,0.32943713264236363,1.0000000000000657
1.2132352941176499,0.8629980497225188,0.13700195027739273,0.9999999999999115
1.22222222222222,0.8406092400578018,0.15939075994217633,0.9999999999999781
1.23134328358209,0.9313647906285777,0.06863520937145469,1.0000000000000324
1.2406015037594,0.8184456566575894,0.1815543433423719,0.9999999999999613
1.25,0.8498583840791618,0.15014161592076924,0.999999999999931
1.25954198473282,0.8270171508492433,0.17298284915040749,0.9999999999996508
1.26923076923077,0.8532333632747464,0.14676663672530563,1.000000000000052
1.27906976744186,0.9670459816597591,0.03295401834012754,0.9999999999998866
1.2890625,0.9737510994678439,0.026248900532107468,0.9999999999999514
1.2992125984252,0.9460569175647779,0.053943082435309875,1.000000000000088
1.3095238095238098,0.9301613384520133,0.06983866154905297,1.0000000000010663
1.32,0.9870731173761067,0.012926882623847488,0.9999999999999541
1.3306451612903198,0.9891466402889729,0.010853359710850888,0.9999999999998238
1.34146341463415,0.9875435294971502,0.012456470502864355,1.0000000000000144
1.35245901639344,0.9998527890985982,1.4721090140104053E-4,0.9999999999999992
1.36363636363636,0.9998209311870706,1.7906881272798666E-4,0.9999999999997986
1.375,0.9999923347552366,7.665244830096137E-6,1.0000000000000668
1.3865546218487397,0.9999995986996932,4.013002140980954E-7,0.9999999999999073
1.39830508474576,0.9999999579413229,4.2058695348771545E-8,1.0000000000000182
1.41025641025641,0.9999999925196609,7.480241881283724E-9,0.9999999999999027
1.42241379310345,0.9999999980647857,1.9352509120199887E-9,1.0000000000000366
1.4347826086956499,0.9999999993932932,6.067362265809723E-10,1.0000000000000295
1.44736842105263,0.999999999782166,2.178233851776627E-10,0.9999999999999895
1.4601769911504399,0.999999999913077,8.688932379495932E-11,0.9999999999999662
1.47321428571429,0.9999999999620763,3.7772583963253045E-11,0.9999999999998489
1.48648648648649,0.9999999999823453,1.7649773908046645E-11,0.9999999999999951
1.5,0.9999999999912464,8.77199133604704E-12,1.0000000000000184
1.51376146788991,0.9999999999953751,4.598968102070216E-12,0.9999999999999741
1.52777777777778,0.9999999999975238,2.5268097238427085E-12,1.0000000000000506
1.5420560747663599,0.9999999999985766,1.447811393616657E-12,1.0000000000000244
1.55660377358491,0.9999999999991422,8.629772723567131E-13,1.0000000000000053
1.57142857142857,0.9999999999994909,5.363595731135512E-13,1.0000000000000273
1.5865384615384597,0.9999999999996745,3.525947001820786E-13,1.000000000000027
1.6019417475728197,0.9999999999996552,2.5643118008462553E-13,0.9999999999999116
1.61764705882353,0.9999999999997651,2.301258067386238E-13,0.9999999999999952
1.63366336633663,0.9999999999996729,2.9863682933968117E-13,0.9999999999999716
1.65,0.9999999999993977,5.862505454099082E-13,0.9999999999999839
1.66666666666667,0.9999999999984801,1.5437795645264474E-12,1.000000000000024
1.68367346938775,0.9999999999951423,4.869303166928702E-12,1.0000000000000115
1.70103092783505,0.9999999999823361,1.766386083766994E-11,1
1.7187499999999998,0.9999999999256346,7.436026332817077E-11,0.9999999999999949
1.7368421052631597,0.9999999996185731,3.8141848782631877E-10,0.9999999999999916
1.7553191489361697,0.9999999973476684,2.6523194940741654E-9,0.9999999999999879
1.7741935483871,0.9999999691721988,3.08277790086202E-8,0.9999999999999778
1.7934782608695699,0.9992754973084157,7.245026915826329E-4,0.9999999999999983
1.8131868131868099,0.9998677073516138,1.322926483711554E-4,0.9999999999999849
1.83333333333333,0.9882432128113132,0.01175678718872195,1.000000000000035
1.85393258426966,0.9618034633736509,0.038196536626343064,0.9999999999999939
1.8749999999999998,0.7448634384759324,0.2551365615239454,0.9999999999998779
1.8965517241379297,0.9485175228470479,0.05148247715295178,0.9999999999999997
1.91860465116279,0.8222716087990822,0.17772839120096973,1.000000000000052
1.94117647058824,0.8334731958264109,0.16652680417354498,0.9999999999999558
1.9642857142857097,0.9258678044226437,0.07413219557737676,1.0000000000000204
1.98795180722892,0.7950609245657401,0.2049390754342651,1.000000000000005
2.01219512195122,0.803562327030342,0.19643767296965084,0.9999999999999929
2.0370370370370394,0.7506203850734803,0.24937961492647523,0.9999999999999555
2.0624999999999996,0.7874750892777891,0.2125249107222267,1.0000000000000158
2.08860759493671,0.9204207283876606,0.07957927161234357,1.0000000000000042
2.11538461538462,0.7402995191380941,0.25970048086192715,1.0000000000000213
2.14285714285714,0.766006405002917,0.23399359499712524,1.0000000000000422
2.17105263157895,0.6931031054426526,0.30689689455735913,1.0000000000000118
2.2,0.807003542563902,0.19299645743600022,0.9999999999999023
2.22972972972973,0.7510285673733372,0.24897143262663046,0.9999999999999677
2.26027397260274,0.760593536819314,0.23940646318074899,1.000000000000063
2.29166666666667,0.6826828509113758,0.3173171490886288,1.0000000000000047
2.32394366197183,0.6896660870600729,0.3103339129405429,1.000000000000616
2.35714285714286,0.5871240374834812,0.4128759625165326,1.0000000000000138
2.3913043478260896,0.5412621986105287,0.4587378013895977,1.0000000000001263
