wavelength_um,R_total,T_total,R_plus_T,energy_error,symmetry_abs_max,cutoff_flag
2.999999999999999889e-01,4.481705609469267132e-02,9.551751418344393008e-01,9.999921979291319651e-01,7.802070868034860496e-06,5.251799529731870919e-06,0.000000000000000000e+00
3.200000000000000067e-01,1.018127099137298708e-01,8.981925689896889109e-01,1.000005278903418837e+00,5.278903418837188610e-06,3.438748255535362119e-06,0.000000000000000000e+00
3.399999999999999689e-01,2.796570023700462038e-01,7.203483134424090162e-01,1.000005315812455109e+00,5.315812455108925860e-06,2.689002419620223350e-06,0.000000000000000000e+00
3.599999999999999867e-01,1.839379249333872868e-01,8.160704331322313765e-01,1.000008358065618719e+00,8.358065618718768519e-06,1.222908634523900417e-06,0.000000000000000000e+00
3.800000000000000044e-01,8.612965215521384277e-02,9.138767119903870029e-01,1.000006364145600735e+00,6.364145600734616437e-06,7.578276230435498917e-07,0.000000000000000000e+00
4.000000000000000222e-01,7.652104738656101413e-02,9.234805368924723368e-01,1.000001584279033295e+00,1.584279033295388217e-06,4.513185204862990574e-07,0.000000000000000000e+00
4.199999999999999845e-01,2.964694410584876871e-02,9.703520005045953578e-01,9.999989446104441404e-01,1.055389555859598261e-06,1.056057924997411135e-06,0.000000000000000000e+00
4.400000000000000022e-01,9.720131051108832354e-02,9.027952361474655962e-01,9.999965466585538643e-01,3.453341446135738124e-06,8.718959368936296528e-07,0.000000000000000000e+00
4.599999999999999645e-01,1.757584331102828301e-01,8.242379847877560062e-01,9.999964178980388363e-01,3.582101961163708381e-06,1.574161445416777383e-06,0.000000000000000000e+00
4.799999999999999822e-01,6.208722549859942846e-02,9.379101614330718206e-01,9.999973869316712838e-01,2.613068328716217081e-06,3.938261225466810345e-07,0.000000000000000000e+00
5.000000000000000000e-01,1.902270735768061827e-01,7.494025931371350868e-01,9.396296667139412140e-01,6.037033328605878602e-02,4.869635988336007415e-07,1.000000000000000000e+00
5.200000000000000178e-01,9.192859105623447935e-02,9.080549009818043027e-01,9.999834920380388237e-01,1.650796196117632064e-05,6.600114083044061886e-08,0.000000000000000000e+00
5.400000000000000355e-01,2.188117003356443158e-01,7.811840321517130592e-01,9.999957324873574027e-01,4.267512642597282024e-06,3.358309843548568097e-07,0.000000000000000000e+00
5.600000000000000533e-01,1.998534147318543341e-01,8.001430316853015423e-01,9.999964464171559042e-01,3.553582844095792836e-06,6.682147425662865459e-09,0.000000000000000000e+00
5.800000000000000711e-01,2.917616221126889675e-02,9.708202961378393780e-01,9.999964583491083303e-01,3.541650891669689827e-06,1.762792843917893038e-07,0.000000000000000000e+00
5.999999999999999778e-01,8.392799377312462616e-02,9.160692243826863423e-01,9.999972181558109963e-01,2.781844189003734868e-06,1.549508337195248941e-07,0.000000000000000000e+00
6.199999999999999956e-01,1.180933719518745539e-01,8.819043814494860190e-01,9.999977534013605451e-01,2.246598639454866486e-06,1.896383404198509481e-07,0.000000000000000000e+00
6.400000000000000133e-01,1.314569897427831369e-01,8.685411729633736311e-01,9.999981627061567124e-01,1.837293843287568507e-06,1.957460275536782035e-07,0.000000000000000000e+00
6.599999999999999201e-01,1.112517014465922160e-01,8.887469045391043210e-01,9.999986059856965648e-01,1.394014303435220370e-06,9.800200156950822361e-08,0.000000000000000000e+00
6.799999999999999378e-01,5.763477041412876783e-02,9.423640096842527125e-01,9.999987800983815012e-01,1.219901618498830942e-06,1.142601483983263222e-07,0.000000000000000000e+00
6.999999999999999556e-01,1.654525003478850287e-02,9.834537785905734797e-01,9.999990286253619409e-01,9.713746380590748686e-07,1.206890852811781656e-07,0.000000000000000000e+00
7.199999999999999734e-01,1.225420300468770159e-03,9.987738288546195164e-01,9.999992491550883100e-01,7.508449116899740261e-07,1.168513437399543164e-07,0.000000000000000000e+00
7.399999999999999911e-01,1.700857355921435096e-02,9.829908587250900665e-01,9.999994322843044348e-01,5.677156955652407078e-07,1.054528496746698352e-07,0.000000000000000000e+00
7.600000000000000089e-01,4.923617192922359609e-02,9.507634008127830993e-01,9.999995727420066816e-01,4.272579933184417200e-07,9.036529849404395520e-08,0.000000000000000000e+00
7.800000000000000266e-01,7.983415623805581451e-02,9.201655196019530303e-01,9.999996758400088170e-01,3.241599911829595726e-07,7.568476978470073391e-08,0.000000000000000000e+00
8.000000000000000444e-01,9.804526615050104810e-02,9.019544853504877224e-01,9.999997515009887428e-01,2.484990112572305065e-07,6.368782667909300699e-08,0.000000000000000000e+00
